# This file uses centimeters as units for non-parametric coordinates.

mtllib cars.mtl
g default
v -26.644099 12.091072 58.366299
v -29.888692 39.082097 58.366299
v -28.790742 39.082097 -46.797630
v -26.644099 12.091072 -46.797630
v -21.254676 61.733260 45.766415
v -21.254676 61.733260 -28.555755
v 0.000000 61.733260 -28.555755
v 0.000000 43.994187 -51.676758
v 0.000000 12.091072 -48.742368
v 0.000000 12.091072 62.555100
v 0.000000 39.082097 62.555122
v 0.000000 61.733260 49.064727
v -18.841097 61.733260 -28.555755
v -23.293248 43.994187 -51.676758
v -23.471938 12.091072 -48.742368
v -20.618608 12.091092 62.555100
v -22.049447 39.082097 62.555122
v -15.264604 61.733260 49.064727
v -28.790742 39.082097 -74.240282
v -21.688552 40.888122 -89.128280
v -23.471938 12.091072 -84.298499
v -26.644099 12.091072 -69.623513
v 0.000000 39.082097 -90.097621
v 0.000000 12.091072 -84.298499
v -28.790742 25.586588 -46.797630
v -30.056839 26.518499 58.366299
v 0.000000 25.586588 -90.097621
v -22.804843 26.427534 -90.424510
v -28.790742 25.586588 -74.240282
v -27.268471 26.518502 85.064110
v -22.652951 26.518499 89.736116
v -22.476348 39.082097 89.474015
v -27.053648 39.082101 84.840671
v 0.000000 26.518499 90.335224
v 0.000000 39.082094 90.424510
v -26.182602 12.091065 81.591624
v -22.110346 12.091072 86.424116
v 0.000000 12.091079 87.762754
v 26.644099 12.091072 58.366299
v 29.888692 39.082097 58.366299
v 28.790742 39.082097 -46.797630
v 26.644099 12.091072 -46.797630
v 21.254676 61.733260 45.766415
v 21.254676 61.733260 -28.555755
v 18.841097 61.733260 -28.555755
v 23.293248 43.994187 -51.676758
v 23.471938 12.091072 -48.742368
v 20.618608 12.091092 62.555100
v 22.049447 39.082097 62.555122
v 15.264604 61.733260 49.064727
v 28.790742 39.082097 -74.240282
v 21.688552 40.888122 -89.128280
v 23.471938 12.091072 -84.298499
v 26.644099 12.091072 -69.623513
v 28.790742 25.586588 -46.797630
v 30.056839 26.518499 58.366299
v 22.804843 26.427534 -90.424510
v 28.790742 25.586588 -74.240282
v 27.268471 26.518502 85.064110
v 22.652951 26.518499 89.736116
v 22.476348 39.082097 89.474015
v 27.053648 39.082101 84.840671
v 26.182602 12.091065 81.591624
v 22.110346 12.091072 86.424116
v 21.668673 7.706876 -57.582867
v 21.668673 15.042485 -60.621374
v 21.668673 22.378094 -57.582867
v 21.668673 25.416600 -50.247251
v 21.668673 22.378094 -42.911643
v 21.668673 15.042485 -39.873135
v 21.668673 7.706872 -42.911643
v 21.668673 4.668364 -50.247251
v 32.755037 7.706874 -57.582867
v 32.755037 15.042485 -60.621374
v 32.755037 22.378094 -57.582867
v 32.755037 25.416600 -50.247251
v 32.755037 22.378094 -42.911643
v 32.755037 15.042485 -39.873135
v 32.755037 7.706874 -42.911643
v 32.755037 4.668364 -50.247251
v 21.668673 15.042485 -50.247251
v 32.755037 15.042485 -50.247251
v -23.548104 7.706876 -57.582867
v -23.548104 15.042485 -60.621374
v -23.548104 22.378094 -57.582867
v -23.548104 25.416600 -50.247251
v -23.548104 22.378094 -42.911643
v -23.548104 15.042485 -39.873135
v -23.548104 7.706872 -42.911643
v -23.548104 4.668364 -50.247251
v -32.755037 7.706874 -57.582867
v -32.755037 15.042485 -60.621374
v -32.755037 22.378094 -57.582867
v -32.755037 25.416600 -50.247251
v -32.755037 22.378094 -42.911643
v -32.755037 15.042485 -39.873135
v -32.755037 7.706874 -42.911643
v -32.755037 4.668364 -50.247251
v -23.548104 15.042485 -50.247251
v -32.755037 15.042485 -50.247251
v 21.668673 7.706876 39.844413
v 21.668673 15.042485 36.805904
v 21.668673 22.378094 39.844413
v 21.668673 25.416600 47.180027
v 21.668673 22.378094 54.515636
v 21.668673 15.042485 57.554137
v 21.668673 7.706872 54.515636
v 21.668673 4.668364 47.180027
v 32.755037 7.706874 39.844413
v 32.755037 15.042485 36.805904
v 32.755037 22.378094 39.844413
v 32.755037 25.416600 47.180027
v 32.755037 22.378094 54.515636
v 32.755037 15.042485 57.554137
v 32.755037 7.706874 54.515636
v 32.755037 4.668364 47.180027
v 21.668673 15.042485 47.180027
v 32.755037 15.042485 47.180027
v -23.548104 7.706876 39.844413
v -23.548104 15.042485 36.805904
v -23.548104 22.378094 39.844413
v -23.548104 25.416600 47.180027
v -23.548104 22.378094 54.515636
v -23.548104 15.042485 57.554137
v -23.548104 7.706872 54.515636
v -23.548104 4.668364 47.180027
v -32.755037 7.706874 39.844413
v -32.755037 15.042485 36.805904
v -32.755037 22.378094 39.844413
v -32.755037 25.416600 47.180027
v -32.755037 22.378094 54.515636
v -32.755037 15.042485 57.554137
v -32.755037 7.706874 54.515636
v -32.755037 4.668364 47.180027
v -23.548104 15.042485 47.180027
v -32.755037 15.042485 47.180027
vt 0.566555 0.376534
vt 0.566555 0.367388
vt 0.591149 0.367901
vt 0.591149 0.376971
vt 0.364778 0.571225
vt 0.376795 0.564608
vt 0.369620 0.720319
vt 0.364778 0.720319
vt 0.591149 0.688387
vt 0.594685 0.717532
vt 0.566377 0.720069
vt 0.564731 0.688387
vt 0.132747 0.559269
vt 0.138778 0.555572
vt 0.144201 0.767141
vt 0.132747 0.759179
vt 0.564731 0.634666
vt 0.566555 0.428797
vt 0.591149 0.428797
vt 0.591149 0.634666
vt 0.347458 0.545949
vt 0.363184 0.537546
vt 0.600765 0.644217
vt 0.635491 0.598955
vt 0.635491 0.598955
vt 0.635491 0.453463
vt 0.407416 0.766701
vt 0.360689 0.766701
vt 0.407416 0.720319
vt 0.926088 0.639440
vt 0.928258 0.611328
vt 0.970423 0.614839
vt 0.970423 0.641075
vt 0.183396 0.555572
vt 0.183396 0.767141
vt 0.605448 0.690123
vt 0.605111 0.666096
vt 0.648433 0.666096
vt 0.648433 0.690123
vt 0.407416 0.537546
vt 0.407416 0.564608
vt 0.132747 0.515878
vt 0.138778 0.487982
vt 0.407416 0.843775
vt 0.363908 0.841830
vt 0.183396 0.487982
vt 0.538312 0.634666
vt 0.538312 0.428797
vt 0.538312 0.383332
vt 0.538312 0.373872
vt 0.606148 0.638505
vt 0.648433 0.638505
vt 0.924791 0.667312
vt 0.970423 0.667312
vt 0.538312 0.708077
vt 0.538312 0.679349
vt 0.353145 0.492840
vt 0.362328 0.483545
vt 0.407416 0.481638
vt 0.141366 0.812515
vt 0.133625 0.803329
vt 0.183396 0.815060
vt 0.566555 0.376534
vt 0.566555 0.367388
vt 0.591149 0.367901
vt 0.591149 0.376971
vt 0.364778 0.571225
vt 0.376795 0.564608
vt 0.369620 0.720319
vt 0.364778 0.720319
vt 0.591149 0.688387
vt 0.594685 0.717532
vt 0.566377 0.720069
vt 0.564731 0.688387
vt 0.132747 0.559269
vt 0.138778 0.555572
vt 0.144201 0.767141
vt 0.132747 0.759179
vt 0.564731 0.634666
vt 0.566555 0.428797
vt 0.591149 0.428797
vt 0.591149 0.634666
vt 0.347458 0.545949
vt 0.363184 0.537546
vt 0.600765 0.644217
vt 0.635491 0.598955
vt 0.635491 0.598955
vt 0.635491 0.453463
vt 0.407416 0.766701
vt 0.360689 0.766701
vt 0.407416 0.720319
vt 0.926088 0.639440
vt 0.928258 0.611328
vt 0.970423 0.614839
vt 0.970423 0.641075
vt 0.183396 0.555572
vt 0.183396 0.767141
vt 0.605448 0.690123
vt 0.605111 0.666096
vt 0.648433 0.666096
vt 0.648433 0.690123
vt 0.407416 0.537546
vt 0.407416 0.564608
vt 0.132747 0.515878
vt 0.138778 0.487982
vt 0.407416 0.843775
vt 0.363908 0.841830
vt 0.183396 0.487982
vt 0.538312 0.634666
vt 0.538312 0.428797
vt 0.538312 0.383332
vt 0.538312 0.373872
vt 0.606148 0.638505
vt 0.648433 0.638505
vt 0.924791 0.667312
vt 0.970423 0.667312
vt 0.538312 0.708077
vt 0.538312 0.679349
vt 0.353145 0.492840
vt 0.362328 0.483545
vt 0.407416 0.481638
vt 0.141366 0.812515
vt 0.133625 0.803329
vt 0.183396 0.815060
vt 0.862432 0.162501
vt 0.855165 0.190031
vt 0.816726 0.179885
vt 0.823993 0.152355
vt 0.847899 0.217561
vt 0.809460 0.207415
vt 0.840632 0.245091
vt 0.802193 0.234945
vt 0.898765 0.024852
vt 0.891498 0.052382
vt 0.853059 0.042236
vt 0.860326 0.014706
vt 0.884232 0.079912
vt 0.845792 0.069766
vt 0.876965 0.107442
vt 0.838526 0.097296
vt 0.869698 0.134971
vt 0.831259 0.124825
vt 0.889710 0.086184
vt 0.915981 0.075204
vt 0.916099 0.112405
vt 0.878897 0.112524
vt 0.889877 0.138794
vt 0.916217 0.149607
vt 0.942487 0.138627
vt 0.953300 0.112287
vt 0.942320 0.086017
vt 0.506888 0.564929
vt 0.511672 0.592997
vt 0.475399 0.584739
vt 0.495209 0.616228
vt 0.467141 0.621012
vt 0.443911 0.604549
vt 0.439126 0.576481
vt 0.455589 0.553250
vt 0.483657 0.548466
vt 0.862432 0.162501
vt 0.823993 0.152355
vt 0.816726 0.179885
vt 0.855165 0.190031
vt 0.809460 0.207415
vt 0.847899 0.217561
vt 0.802193 0.234945
vt 0.840632 0.245091
vt 0.898765 0.024852
vt 0.860326 0.014706
vt 0.853059 0.042236
vt 0.891498 0.052382
vt 0.845792 0.069766
vt 0.884232 0.079912
vt 0.838526 0.097296
vt 0.876965 0.107442
vt 0.831259 0.124825
vt 0.869698 0.134971
vt 0.889710 0.086184
vt 0.916099 0.112405
vt 0.915981 0.075204
vt 0.878897 0.112524
vt 0.889877 0.138794
vt 0.916217 0.149607
vt 0.942487 0.138627
vt 0.953300 0.112287
vt 0.942320 0.086017
vt 0.506888 0.564929
vt 0.475399 0.584739
vt 0.511672 0.592997
vt 0.495209 0.616228
vt 0.467141 0.621012
vt 0.443911 0.604549
vt 0.439126 0.576481
vt 0.455589 0.553250
vt 0.483657 0.548466
vt 0.862432 0.162501
vt 0.855165 0.190031
vt 0.816726 0.179885
vt 0.823993 0.152355
vt 0.847899 0.217561
vt 0.809460 0.207415
vt 0.840632 0.245091
vt 0.802193 0.234945
vt 0.898765 0.024852
vt 0.891498 0.052382
vt 0.853059 0.042236
vt 0.860326 0.014706
vt 0.884232 0.079912
vt 0.845792 0.069766
vt 0.876965 0.107442
vt 0.838526 0.097296
vt 0.869698 0.134971
vt 0.831259 0.124825
vt 0.889710 0.086184
vt 0.915981 0.075204
vt 0.916099 0.112405
vt 0.878897 0.112524
vt 0.889877 0.138794
vt 0.916217 0.149607
vt 0.942487 0.138627
vt 0.953300 0.112287
vt 0.942320 0.086017
vt 0.506888 0.564929
vt 0.511672 0.592997
vt 0.475399 0.584739
vt 0.495209 0.616228
vt 0.467141 0.621012
vt 0.443911 0.604549
vt 0.439126 0.576481
vt 0.455589 0.553250
vt 0.483657 0.548466
vt 0.862432 0.162501
vt 0.823993 0.152355
vt 0.816726 0.179885
vt 0.855165 0.190031
vt 0.809460 0.207415
vt 0.847899 0.217561
vt 0.802193 0.234945
vt 0.840632 0.245091
vt 0.898765 0.024852
vt 0.860326 0.014706
vt 0.853059 0.042236
vt 0.891498 0.052382
vt 0.845792 0.069766
vt 0.884232 0.079912
vt 0.838526 0.097296
vt 0.876965 0.107442
vt 0.831259 0.124825
vt 0.869698 0.134971
vt 0.889710 0.086184
vt 0.916099 0.112405
vt 0.915981 0.075204
vt 0.878897 0.112524
vt 0.889877 0.138794
vt 0.916217 0.149607
vt 0.942487 0.138627
vt 0.953300 0.112287
vt 0.942320 0.086017
vt 0.506888 0.564929
vt 0.475399 0.584739
vt 0.511672 0.592997
vt 0.495209 0.616228
vt 0.467141 0.621012
vt 0.443911 0.604549
vt 0.439126 0.576481
vt 0.455589 0.553250
vt 0.483657 0.548466
vn -0.970716 -0.079399 0.226731
vn -0.197422 -0.106433 0.974524
vn -0.086894 0.895545 0.436404
vn -0.820341 0.538114 0.193585
vn 0.000000 1.000000 -0.000000
vn 0.000000 1.000000 -0.000000
vn 0.000000 1.000000 -0.000000
vn 0.000000 1.000000 -0.000000
vn -0.911145 0.390319 -0.132160
vn -0.190475 0.877307 -0.440514
vn -0.434096 -0.159444 -0.886644
vn -0.987000 -0.065394 -0.146818
vn 0.000002 -1.000000 0.000000
vn -0.000000 -1.000000 0.000000
vn -0.000000 -1.000000 0.000000
vn 0.000002 -1.000000 0.000000
vn -0.995439 -0.095181 -0.006434
vn -0.995489 -0.094352 0.009991
vn -0.973567 0.223011 0.049322
vn -0.978911 0.202481 -0.027093
vn -0.066453 0.912664 0.403272
vn -0.111010 0.533231 0.838654
vn -0.930136 0.363865 0.049486
vn -0.137306 0.946022 -0.293582
vn -0.934007 0.356068 -0.029105
vn -0.115399 0.792979 -0.598221
vn -0.000000 0.945131 -0.326692
vn 0.000000 0.793391 -0.608712
vn -0.000000 0.896451 -0.443144
vn -0.000000 -0.196577 -0.980488
vn -0.000000 -1.000000 0.000000
vn -0.000000 -1.000000 0.000000
vn 0.000000 -0.104955 0.994477
vn 0.000000 0.902961 0.429722
vn 0.000000 0.897831 0.440341
vn 0.000000 0.511695 0.859167
vn 0.000000 1.000000 -0.000000
vn 0.000000 1.000000 -0.000000
vn 0.000000 -1.000000 0.000000
vn 0.000000 -1.000000 0.000000
vn 0.000000 -1.000000 0.000000
vn -0.982130 -0.188160 -0.004099
vn -0.982005 -0.188659 0.008572
vn -0.969924 -0.172569 0.171659
vn -0.214716 -0.210478 0.953728
vn 0.000000 -0.200587 0.979676
vn -0.525404 -0.352902 -0.774216
vn 0.000000 -0.393826 -0.919185
vn -0.983247 -0.159453 -0.088316
vn 0.000000 -1.000000 -0.000000
vn 0.000003 -1.000000 -0.000001
vn -0.000000 -1.000000 -0.000000
vn 0.970716 -0.079400 0.226731
vn 0.820340 0.538115 0.193584
vn 0.086894 0.895546 0.436403
vn 0.197422 -0.106434 0.974524
vn 0.000000 1.000000 -0.000000
vn 0.000000 1.000000 -0.000000
vn 0.000000 1.000000 -0.000000
vn 0.000000 1.000000 -0.000000
vn 0.911143 0.390323 -0.132160
vn 0.987000 -0.065394 -0.146818
vn 0.434096 -0.159444 -0.886644
vn 0.190475 0.877307 -0.440513
vn -0.000002 -1.000000 0.000000
vn -0.000002 -1.000000 0.000000
vn 0.000000 -1.000000 0.000000
vn 0.000000 -1.000000 0.000000
vn 0.995439 -0.095182 -0.006434
vn 0.978911 0.202481 -0.027093
vn 0.973568 0.223010 0.049322
vn 0.995489 -0.094352 0.009991
vn 0.930137 0.363863 0.049486
vn 0.111010 0.533231 0.838654
vn 0.066453 0.912664 0.403272
vn 0.137305 0.946022 -0.293581
vn 0.115399 0.792979 -0.598221
vn 0.934007 0.356066 -0.029105
vn 0.000000 -1.000000 0.000000
vn 0.000000 -1.000000 0.000000
vn 0.982130 -0.188161 -0.004099
vn 0.982005 -0.188660 0.008572
vn 0.969924 -0.172571 0.171659
vn 0.214716 -0.210478 0.953728
vn 0.525404 -0.352901 -0.774217
vn 0.983247 -0.159455 -0.088316
vn -0.000003 -1.000000 -0.000001
vn -0.000000 -1.000000 -0.000000
vn -0.000000 -0.382684 -0.923880
vn -0.000000 -0.382684 -0.923880
vn -0.000000 -0.382684 -0.923880
vn -0.000000 -0.382684 -0.923880
vn 0.000000 0.382683 -0.923880
vn 0.000000 0.382683 -0.923880
vn 0.000000 0.382683 -0.923880
vn 0.000000 0.382683 -0.923880
vn 0.000000 0.923880 -0.382683
vn 0.000000 0.923880 -0.382683
vn 0.000000 0.923880 -0.382683
vn 0.000000 0.923880 -0.382683
vn 0.000000 0.923880 0.382683
vn 0.000000 0.923880 0.382683
vn 0.000000 0.923880 0.382683
vn 0.000000 0.923880 0.382683
vn 0.000000 0.382683 0.923880
vn 0.000000 0.382683 0.923880
vn 0.000000 0.382683 0.923880
vn 0.000000 0.382683 0.923880
vn 0.000000 -0.382683 0.923880
vn 0.000000 -0.382683 0.923880
vn 0.000000 -0.382683 0.923880
vn 0.000000 -0.382683 0.923880
vn 0.000000 -0.923880 0.382683
vn 0.000000 -0.923880 0.382683
vn 0.000000 -0.923880 0.382683
vn 0.000000 -0.923880 0.382683
vn -0.000000 -0.923879 -0.382684
vn -0.000000 -0.923879 -0.382684
vn -0.000000 -0.923879 -0.382684
vn -0.000000 -0.923879 -0.382684
vn -1.000000 0.000000 0.000000
vn -1.000000 0.000000 0.000000
vn -1.000000 0.000000 0.000000
vn -1.000000 0.000000 0.000000
vn -1.000000 0.000000 0.000000
vn -1.000000 0.000000 0.000000
vn -1.000000 0.000000 0.000000
vn -1.000000 0.000000 0.000000
vn -1.000000 0.000000 0.000000
vn -1.000000 0.000000 0.000000
vn -1.000000 0.000000 0.000000
vn -1.000000 0.000000 0.000000
vn -1.000000 0.000000 0.000000
vn -1.000000 0.000000 0.000000
vn -1.000000 0.000000 0.000000
vn -1.000000 0.000000 0.000000
vn -1.000000 0.000000 0.000000
vn -1.000000 0.000000 0.000000
vn -1.000000 0.000000 0.000000
vn -1.000000 0.000000 0.000000
vn -1.000000 0.000000 0.000000
vn -1.000000 0.000000 0.000000
vn -1.000000 0.000000 0.000000
vn -1.000000 0.000000 0.000000
vn 1.000000 0.000000 0.000000
vn 1.000000 0.000000 0.000000
vn 1.000000 0.000000 0.000000
vn 1.000000 0.000000 0.000000
vn 1.000000 0.000000 0.000000
vn 1.000000 0.000000 0.000000
vn 1.000000 0.000000 0.000000
vn 1.000000 0.000000 0.000000
vn 1.000000 0.000000 0.000000
vn 1.000000 0.000000 0.000000
vn 1.000000 0.000000 0.000000
vn 1.000000 0.000000 0.000000
vn 1.000000 0.000000 0.000000
vn 1.000000 0.000000 0.000000
vn 1.000000 0.000000 0.000000
vn 1.000000 0.000000 0.000000
vn 1.000000 0.000000 0.000000
vn 1.000000 0.000000 0.000000
vn 1.000000 0.000000 0.000000
vn 1.000000 0.000000 0.000000
vn 1.000000 0.000000 0.000000
vn 1.000000 0.000000 0.000000
vn 1.000000 0.000000 0.000000
vn 1.000000 0.000000 0.000000
vn 0.000000 -0.382684 -0.923880
vn 0.000000 -0.382684 -0.923880
vn 0.000000 -0.382684 -0.923880
vn 0.000000 -0.382684 -0.923880
vn 0.000000 0.382683 -0.923880
vn 0.000000 0.382683 -0.923880
vn 0.000000 0.382683 -0.923880
vn 0.000000 0.382683 -0.923880
vn 0.000000 0.923880 -0.382683
vn 0.000000 0.923880 -0.382683
vn 0.000000 0.923880 -0.382683
vn 0.000000 0.923880 -0.382683
vn 0.000000 0.923880 0.382683
vn 0.000000 0.923880 0.382683
vn 0.000000 0.923880 0.382683
vn 0.000000 0.923880 0.382683
vn 0.000000 0.382683 0.923880
vn 0.000000 0.382683 0.923880
vn 0.000000 0.382683 0.923880
vn 0.000000 0.382683 0.923880
vn 0.000000 -0.382683 0.923880
vn 0.000000 -0.382683 0.923880
vn 0.000000 -0.382683 0.923880
vn 0.000000 -0.382683 0.923880
vn -0.000000 -0.923880 0.382683
vn -0.000000 -0.923880 0.382683
vn -0.000000 -0.923880 0.382683
vn -0.000000 -0.923880 0.382683
vn 0.000000 -0.923879 -0.382684
vn 0.000000 -0.923879 -0.382684
vn 0.000000 -0.923879 -0.382684
vn 0.000000 -0.923879 -0.382684
vn 1.000000 0.000000 0.000000
vn 1.000000 0.000000 0.000000
vn 1.000000 0.000000 0.000000
vn 1.000000 0.000000 0.000000
vn 1.000000 0.000000 0.000000
vn 1.000000 0.000000 0.000000
vn 1.000000 0.000000 0.000000
vn 1.000000 0.000000 0.000000
vn 1.000000 0.000000 0.000000
vn 1.000000 0.000000 0.000000
vn 1.000000 0.000000 0.000000
vn 1.000000 0.000000 0.000000
vn 1.000000 0.000000 0.000000
vn 1.000000 0.000000 0.000000
vn 1.000000 0.000000 0.000000
vn 1.000000 0.000000 0.000000
vn 1.000000 0.000000 0.000000
vn 1.000000 0.000000 0.000000
vn 1.000000 0.000000 0.000000
vn 1.000000 0.000000 0.000000
vn 1.000000 0.000000 0.000000
vn 1.000000 0.000000 0.000000
vn 1.000000 0.000000 0.000000
vn 1.000000 0.000000 0.000000
vn -1.000000 0.000000 0.000000
vn -1.000000 0.000000 0.000000
vn -1.000000 0.000000 0.000000
vn -1.000000 0.000000 0.000000
vn -1.000000 0.000000 0.000000
vn -1.000000 0.000000 0.000000
vn -1.000000 0.000000 0.000000
vn -1.000000 0.000000 0.000000
vn -1.000000 0.000000 0.000000
vn -1.000000 0.000000 0.000000
vn -1.000000 0.000000 0.000000
vn -1.000000 0.000000 0.000000
vn -1.000000 0.000000 0.000000
vn -1.000000 0.000000 0.000000
vn -1.000000 0.000000 0.000000
vn -1.000000 0.000000 0.000000
vn -1.000000 0.000000 0.000000
vn -1.000000 0.000000 0.000000
vn -1.000000 0.000000 0.000000
vn -1.000000 0.000000 0.000000
vn -1.000000 0.000000 0.000000
vn -1.000000 0.000000 0.000000
vn -1.000000 0.000000 0.000000
vn -1.000000 0.000000 0.000000
vn -0.000000 -0.382684 -0.923880
vn -0.000000 -0.382684 -0.923880
vn -0.000000 -0.382684 -0.923880
vn -0.000000 -0.382684 -0.923880
vn 0.000000 0.382683 -0.923880
vn 0.000000 0.382683 -0.923880
vn 0.000000 0.382683 -0.923880
vn 0.000000 0.382683 -0.923880
vn 0.000000 0.923880 -0.382683
vn 0.000000 0.923880 -0.382683
vn 0.000000 0.923880 -0.382683
vn 0.000000 0.923880 -0.382683
vn 0.000000 0.923880 0.382683
vn 0.000000 0.923880 0.382683
vn 0.000000 0.923880 0.382683
vn 0.000000 0.923880 0.382683
vn 0.000000 0.382683 0.923880
vn 0.000000 0.382683 0.923880
vn 0.000000 0.382683 0.923880
vn 0.000000 0.382683 0.923880
vn 0.000000 -0.382683 0.923880
vn 0.000000 -0.382683 0.923880
vn 0.000000 -0.382683 0.923880
vn 0.000000 -0.382683 0.923880
vn 0.000000 -0.923880 0.382683
vn 0.000000 -0.923880 0.382683
vn 0.000000 -0.923880 0.382683
vn 0.000000 -0.923880 0.382683
vn -0.000000 -0.923879 -0.382684
vn -0.000000 -0.923879 -0.382684
vn -0.000000 -0.923879 -0.382684
vn -0.000000 -0.923879 -0.382684
vn -1.000000 0.000000 0.000000
vn -1.000000 0.000000 0.000000
vn -1.000000 0.000000 0.000000
vn -1.000000 0.000000 0.000000
vn -1.000000 0.000000 0.000000
vn -1.000000 0.000000 0.000000
vn -1.000000 0.000000 0.000000
vn -1.000000 0.000000 0.000000
vn -1.000000 0.000000 0.000000
vn -1.000000 0.000000 0.000000
vn -1.000000 0.000000 0.000000
vn -1.000000 0.000000 0.000000
vn -1.000000 0.000000 0.000000
vn -1.000000 0.000000 0.000000
vn -1.000000 0.000000 0.000000
vn -1.000000 0.000000 0.000000
vn -1.000000 0.000000 0.000000
vn -1.000000 0.000000 0.000000
vn -1.000000 0.000000 0.000000
vn -1.000000 0.000000 0.000000
vn -1.000000 0.000000 0.000000
vn -1.000000 0.000000 0.000000
vn -1.000000 0.000000 0.000000
vn -1.000000 0.000000 0.000000
vn 1.000000 0.000000 0.000000
vn 1.000000 0.000000 0.000000
vn 1.000000 0.000000 0.000000
vn 1.000000 0.000000 0.000000
vn 1.000000 0.000000 0.000000
vn 1.000000 0.000000 0.000000
vn 1.000000 0.000000 0.000000
vn 1.000000 0.000000 0.000000
vn 1.000000 0.000000 0.000000
vn 1.000000 0.000000 0.000000
vn 1.000000 0.000000 0.000000
vn 1.000000 0.000000 0.000000
vn 1.000000 0.000000 0.000000
vn 1.000000 0.000000 0.000000
vn 1.000000 0.000000 0.000000
vn 1.000000 0.000000 0.000000
vn 1.000000 0.000000 0.000000
vn 1.000000 0.000000 0.000000
vn 1.000000 0.000000 0.000000
vn 1.000000 0.000000 0.000000
vn 1.000000 0.000000 0.000000
vn 1.000000 0.000000 0.000000
vn 1.000000 0.000000 0.000000
vn 1.000000 0.000000 0.000000
vn 0.000000 -0.382684 -0.923880
vn 0.000000 -0.382684 -0.923880
vn 0.000000 -0.382684 -0.923880
vn 0.000000 -0.382684 -0.923880
vn 0.000000 0.382683 -0.923880
vn 0.000000 0.382683 -0.923880
vn 0.000000 0.382683 -0.923880
vn 0.000000 0.382683 -0.923880
vn 0.000000 0.923880 -0.382683
vn 0.000000 0.923880 -0.382683
vn 0.000000 0.923880 -0.382683
vn 0.000000 0.923880 -0.382683
vn 0.000000 0.923880 0.382683
vn 0.000000 0.923880 0.382683
vn 0.000000 0.923880 0.382683
vn 0.000000 0.923880 0.382683
vn 0.000000 0.382683 0.923880
vn 0.000000 0.382683 0.923880
vn 0.000000 0.382683 0.923880
vn 0.000000 0.382683 0.923880
vn 0.000000 -0.382683 0.923880
vn 0.000000 -0.382683 0.923880
vn 0.000000 -0.382683 0.923880
vn 0.000000 -0.382683 0.923880
vn -0.000000 -0.923880 0.382683
vn -0.000000 -0.923880 0.382683
vn -0.000000 -0.923880 0.382683
vn -0.000000 -0.923880 0.382683
vn 0.000000 -0.923879 -0.382684
vn 0.000000 -0.923879 -0.382684
vn 0.000000 -0.923879 -0.382684
vn 0.000000 -0.923879 -0.382684
vn 1.000000 0.000000 0.000000
vn 1.000000 0.000000 0.000000
vn 1.000000 0.000000 0.000000
vn 1.000000 0.000000 0.000000
vn 1.000000 0.000000 0.000000
vn 1.000000 0.000000 0.000000
vn 1.000000 0.000000 0.000000
vn 1.000000 0.000000 0.000000
vn 1.000000 0.000000 0.000000
vn 1.000000 0.000000 0.000000
vn 1.000000 0.000000 0.000000
vn 1.000000 0.000000 0.000000
vn 1.000000 0.000000 0.000000
vn 1.000000 0.000000 0.000000
vn 1.000000 0.000000 0.000000
vn 1.000000 0.000000 0.000000
vn 1.000000 0.000000 0.000000
vn 1.000000 0.000000 0.000000
vn 1.000000 0.000000 0.000000
vn 1.000000 0.000000 0.000000
vn 1.000000 0.000000 0.000000
vn 1.000000 0.000000 0.000000
vn 1.000000 0.000000 0.000000
vn 1.000000 0.000000 0.000000
vn -1.000000 0.000000 0.000000
vn -1.000000 0.000000 0.000000
vn -1.000000 0.000000 0.000000
vn -1.000000 0.000000 0.000000
vn -1.000000 0.000000 0.000000
vn -1.000000 0.000000 0.000000
vn -1.000000 0.000000 0.000000
vn -1.000000 0.000000 0.000000
vn -1.000000 0.000000 0.000000
vn -1.000000 0.000000 0.000000
vn -1.000000 0.000000 0.000000
vn -1.000000 0.000000 0.000000
vn -1.000000 0.000000 0.000000
vn -1.000000 0.000000 0.000000
vn -1.000000 0.000000 0.000000
vn -1.000000 0.000000 0.000000
vn -1.000000 0.000000 0.000000
vn -1.000000 0.000000 0.000000
vn -1.000000 0.000000 0.000000
vn -1.000000 0.000000 0.000000
vn -1.000000 0.000000 0.000000
vn -1.000000 0.000000 0.000000
vn -1.000000 0.000000 0.000000
vn -1.000000 0.000000 0.000000
s 1
g red
usemtl initialShadingGroup
f 30/1/1 31/2/2 32/3/3 33/4/4
s 2
f 5/5/5 18/6/6 13/7/7 6/8/8
s 1
f 19/9/9 20/10/10 28/11/11 29/12/12
s 4
f 4/13/13 15/14/14 16/15/15 1/16/16
s 1
f 25/17/17 26/18/18 2/19/19 3/20/20
f 2/21/19 17/22/21 18/6/22 5/5/23
f 14/23/24 3/20/20 6/24/25 13/25/26
f 3/20/20 2/19/19 5/26/23 6/24/25
f 8/27/27 14/28/24 13/7/26 7/29/28
f 28/30/11 20/31/10 23/32/29 27/33/30
s 4
f 16/15/15 15/14/14 9/34/31 10/35/32
s 1
f 32/36/3 31/37/2 34/38/33 35/39/34
f 18/6/22 17/22/21 11/40/35 12/41/36
s 2
f 13/7/7 18/6/6 12/41/37 7/29/38
s 1
f 3/20/20 14/23/24 20/10/10 19/9/9
s 4
f 15/14/14 4/13/13 22/42/39 21/43/40
s 1
f 29/12/12 25/17/17 3/20/20 19/9/9
f 14/28/24 8/27/27 23/44/29 20/45/10
s 4
f 9/34/31 15/14/14 21/43/40 24/46/41
s 1
f 4/47/42 1/48/43 26/18/18 25/17/17
f 36/49/44 37/50/45 31/2/2 30/1/1
f 34/38/33 31/37/2 37/51/45 38/52/46
f 21/53/47 28/30/11 27/33/30 24/54/48
f 29/12/12 28/11/11 21/55/47 22/56/49
f 4/47/42 25/17/17 29/12/12 22/56/49
f 17/22/21 2/21/19 33/57/4 32/58/3
f 2/19/19 26/18/18 30/1/1 33/4/4
f 11/40/35 17/22/21 32/58/3 35/59/34
s 4
f 1/16/16 16/15/15 37/60/50 36/61/51
s 1
f 26/18/18 1/48/43 36/49/44 30/1/1
s 4
f 16/15/15 10/35/32 38/62/52 37/60/50
s 1
f 59/63/53 62/66/54 61/65/55 60/64/56
s 2
f 43/67/57 44/70/58 45/69/59 50/68/60
s 1
f 51/71/61 58/74/62 57/73/63 52/72/64
s 4
f 42/75/65 39/78/66 48/77/67 47/76/68
s 1
f 55/79/69 41/82/70 40/81/71 56/80/72
f 40/83/71 43/67/73 50/68/74 49/84/75
f 46/85/76 45/87/77 44/86/78 41/82/70
f 41/82/70 44/86/78 43/88/73 40/81/71
f 8/89/27 7/91/28 45/69/77 46/90/76
f 57/92/63 27/95/30 23/94/29 52/93/64
s 4
f 48/77/67 10/97/32 9/96/31 47/76/68
s 1
f 61/98/55 35/101/34 34/100/33 60/99/56
f 50/68/74 12/103/36 11/102/35 49/84/75
s 2
f 45/69/59 7/91/38 12/103/37 50/68/60
s 1
f 41/82/70 51/71/61 52/72/64 46/85/76
s 4
f 47/76/68 53/105/79 54/104/80 42/75/65
s 1
f 58/74/62 51/71/61 41/82/70 55/79/69
f 46/90/76 52/107/64 23/106/29 8/89/27
s 4
f 9/96/31 24/108/41 53/105/79 47/76/68
s 1
f 42/109/81 55/79/69 56/80/72 39/110/82
f 63/111/83 59/63/53 60/64/56 64/112/84
f 34/100/33 38/114/46 64/113/84 60/99/56
f 53/115/85 24/116/48 27/95/30 57/92/63
f 58/74/62 54/118/86 53/117/85 57/73/63
f 42/109/81 54/118/86 58/74/62 55/79/69
f 49/84/75 61/120/55 62/119/54 40/83/71
f 40/81/71 62/66/54 59/63/53 56/80/72
f 11/102/35 35/121/34 61/120/55 49/84/75
s 4
f 39/78/66 63/123/87 64/122/88 48/77/67
s 1
f 56/80/72 59/63/53 63/111/83 39/110/82
s 4
f 48/77/67 64/122/88 38/124/52 10/97/32
s off
usemtl polySurface8SG
f 65/125/89 66/126/90 74/127/91 73/128/92
f 66/126/93 67/129/94 75/130/95 74/127/96
f 67/129/97 68/131/98 76/132/99 75/130/100
f 68/133/101 69/134/102 77/135/103 76/136/104
f 69/134/105 70/137/106 78/138/107 77/135/108
f 70/137/109 71/139/110 79/140/111 78/138/112
f 71/139/113 72/141/114 80/142/115 79/140/116
f 72/141/117 65/125/118 73/128/119 80/142/120
f 66/143/121 65/144/122 81/145/123
f 67/146/124 66/143/125 81/145/126
f 68/147/127 67/146/128 81/145/129
f 69/148/130 68/147/131 81/145/132
f 70/149/133 69/148/134 81/145/135
f 71/150/136 70/149/137 81/145/138
f 72/151/139 71/150/140 81/145/141
f 65/144/142 72/151/143 81/145/144
f 73/152/145 74/153/146 82/154/147
f 74/153/148 75/155/149 82/154/150
f 75/155/151 76/156/152 82/154/153
f 76/156/154 77/157/155 82/154/156
f 77/157/157 78/158/158 82/154/159
f 78/158/160 79/159/161 82/154/162
f 79/159/163 80/160/164 82/154/165
f 80/160/166 73/152/167 82/154/168
f 83/161/169 91/162/170 92/163/171 84/164/172
f 84/164/173 92/163/174 93/165/175 85/166/176
f 85/166/177 93/165/178 94/167/179 86/168/180
f 86/169/181 94/170/182 95/171/183 87/172/184
f 87/172/185 95/171/186 96/173/187 88/174/188
f 88/174/189 96/173/190 97/175/191 89/176/192
f 89/176/193 97/175/194 98/177/195 90/178/196
f 90/178/197 98/177/198 91/162/199 83/161/200
f 84/179/201 99/180/202 83/181/203
f 85/182/204 99/180/205 84/179/206
f 86/183/207 99/180/208 85/182/209
f 87/184/210 99/180/211 86/183/212
f 88/185/213 99/180/214 87/184/215
f 89/186/216 99/180/217 88/185/218
f 90/187/219 99/180/220 89/186/221
f 83/181/222 99/180/223 90/187/224
f 91/188/225 100/189/226 92/190/227
f 92/190/228 100/189/229 93/191/230
f 93/191/231 100/189/232 94/192/233
f 94/192/234 100/189/235 95/193/236
f 95/193/237 100/189/238 96/194/239
f 96/194/240 100/189/241 97/195/242
f 97/195/243 100/189/244 98/196/245
f 98/196/246 100/189/247 91/188/248
f 101/197/249 102/198/250 110/199/251 109/200/252
f 102/198/253 103/201/254 111/202/255 110/199/256
f 103/201/257 104/203/258 112/204/259 111/202/260
f 104/205/261 105/206/262 113/207/263 112/208/264
f 105/206/265 106/209/266 114/210/267 113/207/268
f 106/209/269 107/211/270 115/212/271 114/210/272
f 107/211/273 108/213/274 116/214/275 115/212/276
f 108/213/277 101/197/278 109/200/279 116/214/280
f 102/215/281 101/216/282 117/217/283
f 103/218/284 102/215/285 117/217/286
f 104/219/287 103/218/288 117/217/289
f 105/220/290 104/219/291 117/217/292
f 106/221/293 105/220/294 117/217/295
f 107/222/296 106/221/297 117/217/298
f 108/223/299 107/222/300 117/217/301
f 101/216/302 108/223/303 117/217/304
f 109/224/305 110/225/306 118/226/307
f 110/225/308 111/227/309 118/226/310
f 111/227/311 112/228/312 118/226/313
f 112/228/314 113/229/315 118/226/316
f 113/229/317 114/230/318 118/226/319
f 114/230/320 115/231/321 118/226/322
f 115/231/323 116/232/324 118/226/325
f 116/232/326 109/224/327 118/226/328
f 119/233/329 127/234/330 128/235/331 120/236/332
f 120/236/333 128/235/334 129/237/335 121/238/336
f 121/238/337 129/237/338 130/239/339 122/240/340
f 122/241/341 130/242/342 131/243/343 123/244/344
f 123/244/345 131/243/346 132/245/347 124/246/348
f 124/246/349 132/245/350 133/247/351 125/248/352
f 125/248/353 133/247/354 134/249/355 126/250/356
f 126/250/357 134/249/358 127/234/359 119/233/360
f 120/251/361 135/252/362 119/253/363
f 121/254/364 135/252/365 120/251/366
f 122/255/367 135/252/368 121/254/369
f 123/256/370 135/252/371 122/255/372
f 124/257/373 135/252/374 123/256/375
f 125/258/376 135/252/377 124/257/378
f 126/259/379 135/252/380 125/258/381
f 119/253/382 135/252/383 126/259/384
f 127/260/385 136/261/386 128/262/387
f 128/262/388 136/261/389 129/263/390
f 129/263/391 136/261/392 130/264/393
f 130/264/394 136/261/395 131/265/396
f 131/265/397 136/261/398 132/266/399
f 132/266/400 136/261/401 133/267/402
f 133/267/403 136/261/404 134/268/405
f 134/268/406 136/261/407 127/260/408
g default
v -26.644045 13.611541 72.140471
v -29.888582 40.602566 74.256736
v -28.790742 40.602566 -34.312696
v -26.644045 13.611541 -34.312696
v -21.254622 63.253725 58.251348
v -21.254622 63.253725 -16.070821
v 0.000000 63.253725 -16.070821
v 0.000000 45.514656 -39.191824
v 0.000000 13.611541 -36.257434
v 0.000000 13.611541 75.634330
v 0.000000 40.602566 77.939583
v 0.000000 63.253725 61.549659
v -18.841042 63.253725 -16.070821
v -23.293193 45.514656 -39.191824
v -23.471883 13.611541 -36.257434
v -20.618553 13.611562 75.634330
v -22.049392 40.602566 77.939583
v -15.264549 63.253725 61.549659
v -28.790742 40.602566 -61.755348
v -21.688497 42.408591 -76.643352
v -23.471883 13.611541 -71.813572
v -26.644045 13.611541 -57.138579
v 0.000000 40.602566 -77.612694
v 0.000000 13.611541 -71.813572
v -28.790742 27.107057 -34.312696
v -30.056839 28.038967 75.046567
v -22.045712 27.107057 77.939583
v 0.000000 27.107057 77.939583
v 0.000000 27.107057 -77.612694
v -22.804788 27.948002 -77.939583
v -28.790742 27.107057 -61.755348
v 26.644045 13.611541 72.140471
v 29.888582 40.602566 74.256736
v 28.790742 40.602566 -34.312696
v 26.644045 13.611541 -34.312696
v 21.254622 63.253725 58.251348
v 21.254622 63.253725 -16.070821
v 18.841042 63.253725 -16.070821
v 23.293193 45.514656 -39.191824
v 23.471883 13.611541 -36.257434
v 20.618553 13.611562 75.634330
v 22.049392 40.602566 77.939583
v 15.264549 63.253725 61.549659
v 28.790742 40.602566 -61.755348
v 21.688497 42.408591 -76.643352
v 23.471883 13.611541 -71.813572
v 26.644045 13.611541 -57.138579
v 28.790742 27.107057 -34.312696
v 30.056839 28.038967 75.046567
v 22.045712 27.107057 77.939583
v 22.804788 27.948002 -77.939583
v 28.790742 27.107057 -61.755348
v 18.732422 6.186411 -45.253044
v 18.732422 13.522019 -48.291552
v 18.732422 20.857629 -45.253044
v 18.732422 23.896135 -37.917429
v 18.732422 20.857629 -30.581820
v 18.732422 13.522019 -27.543312
v 18.732422 6.186406 -30.581820
v 18.732422 3.147899 -37.917429
v 28.316560 6.186408 -45.253044
v 28.316560 13.522019 -48.291552
v 28.316560 20.857629 -45.253044
v 28.316560 23.896135 -37.917429
v 28.316560 20.857629 -30.581820
v 28.316560 13.522019 -27.543312
v 28.316560 6.186408 -30.581820
v 28.316560 3.147899 -37.917429
v 18.732422 13.522019 -37.917429
v 28.316560 13.522019 -37.917429
v -20.357217 6.186411 -45.253044
v -20.357217 13.522019 -48.291552
v -20.357217 20.857629 -45.253044
v -20.357217 23.896135 -37.917429
v -20.357217 20.857629 -30.581820
v -20.357217 13.522019 -27.543312
v -20.357217 6.186406 -30.581820
v -20.357217 3.147899 -37.917429
v -28.316615 6.186408 -45.253044
v -28.316615 13.522019 -48.291552
v -28.316615 20.857629 -45.253044
v -28.316615 23.896135 -37.917429
v -28.316615 20.857629 -30.581820
v -28.316615 13.522019 -27.543312
v -28.316615 6.186408 -30.581820
v -28.316615 3.147899 -37.917429
v -20.357217 13.522019 -37.917429
v -28.316615 13.522019 -37.917429
v 18.732422 6.186411 52.174235
v 18.732422 13.522019 49.135727
v 18.732422 20.857629 52.174235
v 18.732422 23.896135 59.509850
v 18.732422 20.857629 66.845459
v 18.732422 13.522019 69.883959
v 18.732422 6.186406 66.845459
v 18.732422 3.147899 59.509850
v 28.316560 6.186408 52.174235
v 28.316560 13.522019 49.135727
v 28.316560 20.857629 52.174235
v 28.316560 23.896135 59.509850
v 28.316560 20.857629 66.845459
v 28.316560 13.522019 69.883959
v 28.316560 6.186408 66.845459
v 28.316560 3.147899 59.509850
v 18.732422 13.522019 59.509850
v 28.316560 13.522019 59.509850
v -20.357217 6.186411 52.174235
v -20.357217 13.522019 49.135727
v -20.357217 20.857629 52.174235
v -20.357217 23.896135 59.509850
v -20.357217 20.857629 66.845459
v -20.357217 13.522019 69.883959
v -20.357217 6.186406 66.845459
v -20.357217 3.147899 59.509850
v -28.316615 6.186408 52.174235
v -28.316615 13.522019 49.135727
v -28.316615 20.857629 52.174235
v -28.316615 23.896135 59.509850
v -28.316615 20.857629 66.845459
v -28.316615 13.522019 69.883959
v -28.316615 6.186408 66.845459
v -28.316615 3.147899 59.509850
v -20.357217 13.522019 59.509850
v -28.316615 13.522019 59.509850
vt 0.947906 0.560842
vt 0.946104 0.545358
vt 0.972189 0.545365
vt 0.972189 0.560517
vt 0.703645 0.067491
vt 0.715731 0.060836
vt 0.708515 0.217454
vt 0.703645 0.217454
vt 0.300043 0.749167
vt 0.303575 0.778282
vt 0.275296 0.780817
vt 0.273651 0.749167
vt 0.819821 0.652001
vt 0.825851 0.648304
vt 0.831275 0.861004
vt 0.819821 0.854362
vt 0.273651 0.695501
vt 0.275474 0.481640
vt 0.300043 0.483185
vt 0.300043 0.695501
vt 0.686224 0.035196
vt 0.702041 0.027765
vt 0.309649 0.705043
vt 0.344339 0.659828
vt 0.344339 0.659828
vt 0.344339 0.514485
vt 0.746531 0.264106
vt 0.699531 0.264106
vt 0.746531 0.217454
vt 0.029075 0.634295
vt 0.031245 0.606182
vt 0.073410 0.609693
vt 0.073410 0.635930
vt 0.870470 0.648304
vt 0.870470 0.861004
vt 0.946104 0.502746
vt 0.972189 0.502746
vt 0.746531 0.027765
vt 0.746531 0.060836
vt 0.819821 0.608610
vt 0.825851 0.580714
vt 0.746531 0.341629
vt 0.702769 0.339673
vt 0.870470 0.580714
vt 0.247260 0.695501
vt 0.247260 0.487323
vt 0.920020 0.554245
vt 0.920020 0.542599
vt 0.920020 0.502746
vt 0.027778 0.662166
vt 0.073410 0.662166
vt 0.247260 0.768837
vt 0.247260 0.740139
vt 0.947906 0.560842
vt 0.946104 0.545358
vt 0.972189 0.545365
vt 0.972189 0.560517
vt 0.703645 0.067491
vt 0.715731 0.060836
vt 0.708515 0.217454
vt 0.703645 0.217454
vt 0.300043 0.749167
vt 0.303575 0.778282
vt 0.275296 0.780817
vt 0.273651 0.749167
vt 0.819821 0.652001
vt 0.825851 0.648304
vt 0.831275 0.861004
vt 0.819821 0.854362
vt 0.273651 0.695501
vt 0.275474 0.481640
vt 0.300043 0.483185
vt 0.300043 0.695501
vt 0.686224 0.035196
vt 0.702041 0.027765
vt 0.309649 0.705043
vt 0.344339 0.659828
vt 0.344339 0.659828
vt 0.344339 0.514485
vt 0.746531 0.264106
vt 0.699531 0.264106
vt 0.746531 0.217454
vt 0.029075 0.634295
vt 0.031245 0.606182
vt 0.073410 0.609693
vt 0.073410 0.635930
vt 0.870470 0.648304
vt 0.870470 0.861004
vt 0.946104 0.502746
vt 0.972189 0.502746
vt 0.746531 0.027765
vt 0.746531 0.060836
vt 0.819821 0.608610
vt 0.825851 0.580714
vt 0.746531 0.341629
vt 0.702769 0.339673
vt 0.870470 0.580714
vt 0.247260 0.695501
vt 0.247260 0.487323
vt 0.920020 0.554245
vt 0.920020 0.542599
vt 0.920020 0.502746
vt 0.027778 0.662166
vt 0.073410 0.662166
vt 0.247260 0.768837
vt 0.247260 0.740139
vt 0.862432 0.162501
vt 0.855165 0.190031
vt 0.816726 0.179885
vt 0.823993 0.152355
vt 0.847899 0.217561
vt 0.809460 0.207415
vt 0.840632 0.245091
vt 0.802193 0.234945
vt 0.898765 0.024852
vt 0.891498 0.052382
vt 0.853059 0.042236
vt 0.860326 0.014706
vt 0.884232 0.079912
vt 0.845792 0.069766
vt 0.876965 0.107442
vt 0.838526 0.097296
vt 0.869698 0.134971
vt 0.831259 0.124825
vt 0.889710 0.086184
vt 0.915981 0.075204
vt 0.916099 0.112405
vt 0.878897 0.112524
vt 0.889877 0.138794
vt 0.916217 0.149607
vt 0.942487 0.138627
vt 0.953300 0.112287
vt 0.942320 0.086017
vt 0.506888 0.564929
vt 0.511672 0.592997
vt 0.475399 0.584739
vt 0.495209 0.616228
vt 0.467141 0.621012
vt 0.443911 0.604549
vt 0.439126 0.576481
vt 0.455589 0.553250
vt 0.483657 0.548466
vt 0.862432 0.162501
vt 0.823993 0.152355
vt 0.816726 0.179885
vt 0.855165 0.190031
vt 0.809460 0.207415
vt 0.847899 0.217561
vt 0.802193 0.234945
vt 0.840632 0.245091
vt 0.898765 0.024852
vt 0.860326 0.014706
vt 0.853059 0.042236
vt 0.891498 0.052382
vt 0.845792 0.069766
vt 0.884232 0.079912
vt 0.838526 0.097296
vt 0.876965 0.107442
vt 0.831259 0.124825
vt 0.869698 0.134971
vt 0.889710 0.086184
vt 0.916099 0.112405
vt 0.915981 0.075204
vt 0.878897 0.112524
vt 0.889877 0.138794
vt 0.916217 0.149607
vt 0.942487 0.138627
vt 0.953300 0.112287
vt 0.942320 0.086017
vt 0.506888 0.564929
vt 0.475399 0.584739
vt 0.511672 0.592997
vt 0.495209 0.616228
vt 0.467141 0.621012
vt 0.443911 0.604549
vt 0.439126 0.576481
vt 0.455589 0.553250
vt 0.483657 0.548466
vt 0.862432 0.162501
vt 0.855165 0.190031
vt 0.816726 0.179885
vt 0.823993 0.152355
vt 0.847899 0.217561
vt 0.809460 0.207415
vt 0.840632 0.245091
vt 0.802193 0.234945
vt 0.898765 0.024852
vt 0.891498 0.052382
vt 0.853059 0.042236
vt 0.860326 0.014706
vt 0.884232 0.079912
vt 0.845792 0.069766
vt 0.876965 0.107442
vt 0.838526 0.097296
vt 0.869698 0.134971
vt 0.831259 0.124825
vt 0.889710 0.086184
vt 0.915981 0.075204
vt 0.916099 0.112405
vt 0.878897 0.112524
vt 0.889877 0.138794
vt 0.916217 0.149607
vt 0.942487 0.138627
vt 0.953300 0.112287
vt 0.942320 0.086017
vt 0.506888 0.564929
vt 0.511672 0.592997
vt 0.475399 0.584739
vt 0.495209 0.616228
vt 0.467141 0.621012
vt 0.443911 0.604549
vt 0.439126 0.576481
vt 0.455589 0.553250
vt 0.483657 0.548466
vt 0.862432 0.162501
vt 0.823993 0.152355
vt 0.816726 0.179885
vt 0.855165 0.190031
vt 0.809460 0.207415
vt 0.847899 0.217561
vt 0.802193 0.234945
vt 0.840632 0.245091
vt 0.898765 0.024852
vt 0.860326 0.014706
vt 0.853059 0.042236
vt 0.891498 0.052382
vt 0.845792 0.069766
vt 0.884232 0.079912
vt 0.838526 0.097296
vt 0.876965 0.107442
vt 0.831259 0.124825
vt 0.869698 0.134971
vt 0.889710 0.086184
vt 0.916099 0.112405
vt 0.915981 0.075204
vt 0.878897 0.112524
vt 0.889877 0.138794
vt 0.916217 0.149607
vt 0.942487 0.138627
vt 0.953300 0.112287
vt 0.942320 0.086017
vt 0.506888 0.564929
vt 0.475399 0.584739
vt 0.511672 0.592997
vt 0.495209 0.616228
vt 0.467141 0.621012
vt 0.443911 0.604549
vt 0.439126 0.576481
vt 0.455589 0.553250
vt 0.483657 0.548466
vn -0.993393 -0.096967 0.061379
vn -0.115559 -0.091658 0.989063
vn -0.119824 0.397698 0.909659
vn -0.975393 0.206181 0.078091
vn -0.879852 0.473398 0.041898
vn -0.038078 0.953167 0.300040
vn -0.039615 0.977884 -0.205361
vn -0.899729 0.435579 -0.027534
vn -0.911142 0.390325 -0.132161
vn -0.190475 0.877306 -0.440514
vn -0.434096 -0.159445 -0.886644
vn -0.986999 -0.065397 -0.146819
vn 0.000002 -1.000000 0.000000
vn -0.000000 -1.000000 0.000000
vn -0.000000 -1.000000 0.000000
vn 0.000002 -1.000000 0.000000
vn -0.995479 -0.094771 -0.006280
vn -0.979390 0.200234 -0.026488
vn -0.137305 0.946022 -0.293581
vn 0.000000 0.945131 -0.326692
vn 0.000000 0.979360 -0.202126
vn -0.000000 0.896451 -0.443144
vn -0.000000 -0.196577 -0.980488
vn 0.000000 -1.000000 0.000000
vn 0.000000 -1.000000 0.000000
vn 0.000000 -0.083705 0.996491
vn 0.000000 0.390843 0.920458
vn 0.000000 0.967974 0.251050
vn 0.000000 -1.000000 0.000000
vn 0.000000 -1.000000 0.000000
vn 0.000000 -1.000000 0.000000
vn 0.000000 -1.000000 0.000000
vn -0.982178 -0.187911 -0.004015
vn -0.977485 -0.204218 0.053082
vn -0.110360 -0.189480 0.975663
vn 0.000000 -0.168377 0.985723
vn -0.525404 -0.352902 -0.774216
vn 0.000000 -0.393826 -0.919185
vn -0.983246 -0.159460 -0.088317
vn 0.993393 -0.096965 0.061379
vn 0.975394 0.206177 0.078091
vn 0.119824 0.397696 0.909659
vn 0.115559 -0.091658 0.989063
vn 0.879853 0.473396 0.041898
vn 0.899731 0.435576 -0.027534
vn 0.039615 0.977884 -0.205361
vn 0.038078 0.953167 0.300040
vn 0.911142 0.390324 -0.132161
vn 0.986999 -0.065398 -0.146819
vn 0.434096 -0.159445 -0.886644
vn 0.190475 0.877306 -0.440514
vn -0.000002 -1.000000 0.000000
vn -0.000002 -1.000000 0.000000
vn 0.000000 -1.000000 0.000000
vn 0.000000 -1.000000 0.000000
vn 0.995479 -0.094769 -0.006280
vn 0.979391 0.200231 -0.026488
vn 0.137306 0.946022 -0.293581
vn 0.000000 -1.000000 0.000000
vn 0.000000 -1.000000 0.000000
vn 0.000000 -1.000000 0.000000
vn 0.982179 -0.187904 -0.004015
vn 0.977487 -0.204211 0.053082
vn 0.110360 -0.189480 0.975663
vn 0.525404 -0.352904 -0.774215
vn 0.983246 -0.159461 -0.088316
vn -0.000000 -0.382684 -0.923880
vn -0.000000 -0.382684 -0.923880
vn -0.000000 -0.382684 -0.923880
vn -0.000000 -0.382684 -0.923880
vn 0.000000 0.382683 -0.923880
vn 0.000000 0.382683 -0.923880
vn 0.000000 0.382683 -0.923880
vn 0.000000 0.382683 -0.923880
vn 0.000000 0.923880 -0.382683
vn 0.000000 0.923880 -0.382683
vn 0.000000 0.923880 -0.382683
vn 0.000000 0.923880 -0.382683
vn 0.000000 0.923880 0.382683
vn 0.000000 0.923880 0.382683
vn 0.000000 0.923880 0.382683
vn 0.000000 0.923880 0.382683
vn 0.000000 0.382683 0.923880
vn 0.000000 0.382683 0.923880
vn 0.000000 0.382683 0.923880
vn 0.000000 0.382683 0.923880
vn 0.000000 -0.382683 0.923880
vn 0.000000 -0.382683 0.923880
vn 0.000000 -0.382683 0.923880
vn 0.000000 -0.382683 0.923880
vn 0.000000 -0.923880 0.382683
vn 0.000000 -0.923880 0.382683
vn 0.000000 -0.923880 0.382683
vn 0.000000 -0.923880 0.382683
vn -0.000000 -0.923879 -0.382684
vn -0.000000 -0.923879 -0.382684
vn -0.000000 -0.923879 -0.382684
vn -0.000000 -0.923879 -0.382684
vn -1.000000 0.000000 0.000000
vn -1.000000 0.000000 0.000000
vn -1.000000 0.000000 0.000000
vn -1.000000 0.000000 0.000000
vn -1.000000 0.000000 0.000000
vn -1.000000 0.000000 0.000000
vn -1.000000 0.000000 0.000000
vn -1.000000 0.000000 0.000000
vn -1.000000 0.000000 0.000000
vn -1.000000 0.000000 0.000000
vn -1.000000 0.000000 0.000000
vn -1.000000 0.000000 0.000000
vn -1.000000 0.000000 0.000000
vn -1.000000 0.000000 0.000000
vn -1.000000 0.000000 0.000000
vn -1.000000 0.000000 0.000000
vn -1.000000 0.000000 0.000000
vn -1.000000 0.000000 0.000000
vn -1.000000 0.000000 0.000000
vn -1.000000 0.000000 0.000000
vn -1.000000 0.000000 0.000000
vn -1.000000 0.000000 0.000000
vn -1.000000 0.000000 0.000000
vn -1.000000 0.000000 0.000000
vn 1.000000 0.000000 0.000000
vn 1.000000 0.000000 0.000000
vn 1.000000 0.000000 0.000000
vn 1.000000 0.000000 0.000000
vn 1.000000 0.000000 0.000000
vn 1.000000 0.000000 0.000000
vn 1.000000 0.000000 0.000000
vn 1.000000 0.000000 0.000000
vn 1.000000 0.000000 0.000000
vn 1.000000 0.000000 0.000000
vn 1.000000 0.000000 0.000000
vn 1.000000 0.000000 0.000000
vn 1.000000 0.000000 0.000000
vn 1.000000 0.000000 0.000000
vn 1.000000 0.000000 0.000000
vn 1.000000 0.000000 0.000000
vn 1.000000 0.000000 0.000000
vn 1.000000 0.000000 0.000000
vn 1.000000 0.000000 0.000000
vn 1.000000 0.000000 0.000000
vn 1.000000 0.000000 0.000000
vn 1.000000 0.000000 0.000000
vn 1.000000 0.000000 0.000000
vn 1.000000 0.000000 0.000000
vn 0.000000 -0.382684 -0.923880
vn 0.000000 -0.382684 -0.923880
vn 0.000000 -0.382684 -0.923880
vn 0.000000 -0.382684 -0.923880
vn 0.000000 0.382683 -0.923880
vn 0.000000 0.382683 -0.923880
vn 0.000000 0.382683 -0.923880
vn 0.000000 0.382683 -0.923880
vn 0.000000 0.923880 -0.382683
vn 0.000000 0.923880 -0.382683
vn 0.000000 0.923880 -0.382683
vn 0.000000 0.923880 -0.382683
vn 0.000000 0.923880 0.382683
vn 0.000000 0.923880 0.382683
vn 0.000000 0.923880 0.382683
vn 0.000000 0.923880 0.382683
vn 0.000000 0.382683 0.923880
vn 0.000000 0.382683 0.923880
vn 0.000000 0.382683 0.923880
vn 0.000000 0.382683 0.923880
vn 0.000000 -0.382683 0.923880
vn 0.000000 -0.382683 0.923880
vn 0.000000 -0.382683 0.923880
vn 0.000000 -0.382683 0.923880
vn -0.000000 -0.923880 0.382683
vn -0.000000 -0.923880 0.382683
vn -0.000000 -0.923880 0.382683
vn -0.000000 -0.923880 0.382683
vn 0.000000 -0.923879 -0.382684
vn 0.000000 -0.923879 -0.382684
vn 0.000000 -0.923879 -0.382684
vn 0.000000 -0.923879 -0.382684
vn 1.000000 0.000000 0.000000
vn 1.000000 0.000000 0.000000
vn 1.000000 0.000000 0.000000
vn 1.000000 0.000000 0.000000
vn 1.000000 0.000000 0.000000
vn 1.000000 0.000000 0.000000
vn 1.000000 0.000000 0.000000
vn 1.000000 0.000000 0.000000
vn 1.000000 0.000000 0.000000
vn 1.000000 0.000000 0.000000
vn 1.000000 0.000000 0.000000
vn 1.000000 0.000000 0.000000
vn 1.000000 0.000000 0.000000
vn 1.000000 0.000000 0.000000
vn 1.000000 0.000000 0.000000
vn 1.000000 0.000000 0.000000
vn 1.000000 0.000000 0.000000
vn 1.000000 0.000000 0.000000
vn 1.000000 0.000000 0.000000
vn 1.000000 0.000000 0.000000
vn 1.000000 0.000000 0.000000
vn 1.000000 0.000000 0.000000
vn 1.000000 0.000000 0.000000
vn 1.000000 0.000000 0.000000
vn -1.000000 0.000000 0.000000
vn -1.000000 0.000000 0.000000
vn -1.000000 0.000000 0.000000
vn -1.000000 0.000000 0.000000
vn -1.000000 0.000000 0.000000
vn -1.000000 0.000000 0.000000
vn -1.000000 0.000000 0.000000
vn -1.000000 0.000000 0.000000
vn -1.000000 0.000000 0.000000
vn -1.000000 0.000000 0.000000
vn -1.000000 0.000000 0.000000
vn -1.000000 0.000000 0.000000
vn -1.000000 0.000000 0.000000
vn -1.000000 0.000000 0.000000
vn -1.000000 0.000000 0.000000
vn -1.000000 0.000000 0.000000
vn -1.000000 0.000000 0.000000
vn -1.000000 0.000000 0.000000
vn -1.000000 0.000000 0.000000
vn -1.000000 0.000000 0.000000
vn -1.000000 0.000000 0.000000
vn -1.000000 0.000000 0.000000
vn -1.000000 0.000000 0.000000
vn -1.000000 0.000000 0.000000
vn -0.000000 -0.382684 -0.923880
vn -0.000000 -0.382684 -0.923880
vn -0.000000 -0.382684 -0.923880
vn -0.000000 -0.382684 -0.923880
vn 0.000000 0.382683 -0.923880
vn 0.000000 0.382683 -0.923880
vn 0.000000 0.382683 -0.923880
vn 0.000000 0.382683 -0.923880
vn 0.000000 0.923880 -0.382683
vn 0.000000 0.923880 -0.382683
vn 0.000000 0.923880 -0.382683
vn 0.000000 0.923880 -0.382683
vn 0.000000 0.923880 0.382683
vn 0.000000 0.923880 0.382683
vn 0.000000 0.923880 0.382683
vn 0.000000 0.923880 0.382683
vn 0.000000 0.382683 0.923880
vn 0.000000 0.382683 0.923880
vn 0.000000 0.382683 0.923880
vn 0.000000 0.382683 0.923880
vn 0.000000 -0.382683 0.923880
vn 0.000000 -0.382683 0.923880
vn 0.000000 -0.382683 0.923880
vn 0.000000 -0.382683 0.923880
vn 0.000000 -0.923880 0.382683
vn 0.000000 -0.923880 0.382683
vn 0.000000 -0.923880 0.382683
vn 0.000000 -0.923880 0.382683
vn -0.000000 -0.923879 -0.382684
vn -0.000000 -0.923879 -0.382684
vn -0.000000 -0.923879 -0.382684
vn -0.000000 -0.923879 -0.382684
vn -1.000000 0.000000 0.000000
vn -1.000000 0.000000 0.000000
vn -1.000000 0.000000 0.000000
vn -1.000000 0.000000 0.000000
vn -1.000000 0.000000 0.000000
vn -1.000000 0.000000 0.000000
vn -1.000000 0.000000 0.000000
vn -1.000000 0.000000 0.000000
vn -1.000000 0.000000 0.000000
vn -1.000000 0.000000 0.000000
vn -1.000000 0.000000 0.000000
vn -1.000000 0.000000 0.000000
vn -1.000000 0.000000 0.000000
vn -1.000000 0.000000 0.000000
vn -1.000000 0.000000 0.000000
vn -1.000000 0.000000 0.000000
vn -1.000000 0.000000 0.000000
vn -1.000000 0.000000 0.000000
vn -1.000000 0.000000 0.000000
vn -1.000000 0.000000 0.000000
vn -1.000000 0.000000 0.000000
vn -1.000000 0.000000 0.000000
vn -1.000000 0.000000 0.000000
vn -1.000000 0.000000 0.000000
vn 1.000000 0.000000 0.000000
vn 1.000000 0.000000 0.000000
vn 1.000000 0.000000 0.000000
vn 1.000000 0.000000 0.000000
vn 1.000000 0.000000 0.000000
vn 1.000000 0.000000 0.000000
vn 1.000000 0.000000 0.000000
vn 1.000000 0.000000 0.000000
vn 1.000000 0.000000 0.000000
vn 1.000000 0.000000 0.000000
vn 1.000000 0.000000 0.000000
vn 1.000000 0.000000 0.000000
vn 1.000000 0.000000 0.000000
vn 1.000000 0.000000 0.000000
vn 1.000000 0.000000 0.000000
vn 1.000000 0.000000 0.000000
vn 1.000000 0.000000 0.000000
vn 1.000000 0.000000 0.000000
vn 1.000000 0.000000 0.000000
vn 1.000000 0.000000 0.000000
vn 1.000000 0.000000 0.000000
vn 1.000000 0.000000 0.000000
vn 1.000000 0.000000 0.000000
vn 1.000000 0.000000 0.000000
vn 0.000000 -0.382684 -0.923880
vn 0.000000 -0.382684 -0.923880
vn 0.000000 -0.382684 -0.923880
vn 0.000000 -0.382684 -0.923880
vn 0.000000 0.382683 -0.923880
vn 0.000000 0.382683 -0.923880
vn 0.000000 0.382683 -0.923880
vn 0.000000 0.382683 -0.923880
vn 0.000000 0.923880 -0.382683
vn 0.000000 0.923880 -0.382683
vn 0.000000 0.923880 -0.382683
vn 0.000000 0.923880 -0.382683
vn 0.000000 0.923880 0.382683
vn 0.000000 0.923880 0.382683
vn 0.000000 0.923880 0.382683
vn 0.000000 0.923880 0.382683
vn 0.000000 0.382683 0.923880
vn 0.000000 0.382683 0.923880
vn 0.000000 0.382683 0.923880
vn 0.000000 0.382683 0.923880
vn 0.000000 -0.382683 0.923880
vn 0.000000 -0.382683 0.923880
vn 0.000000 -0.382683 0.923880
vn 0.000000 -0.382683 0.923880
vn -0.000000 -0.923880 0.382683
vn -0.000000 -0.923880 0.382683
vn -0.000000 -0.923880 0.382683
vn -0.000000 -0.923880 0.382683
vn 0.000000 -0.923879 -0.382684
vn 0.000000 -0.923879 -0.382684
vn 0.000000 -0.923879 -0.382684
vn 0.000000 -0.923879 -0.382684
vn 1.000000 0.000000 0.000000
vn 1.000000 0.000000 0.000000
vn 1.000000 0.000000 0.000000
vn 1.000000 0.000000 0.000000
vn 1.000000 0.000000 0.000000
vn 1.000000 0.000000 0.000000
vn 1.000000 0.000000 0.000000
vn 1.000000 0.000000 0.000000
vn 1.000000 0.000000 0.000000
vn 1.000000 0.000000 0.000000
vn 1.000000 0.000000 0.000000
vn 1.000000 0.000000 0.000000
vn 1.000000 0.000000 0.000000
vn 1.000000 0.000000 0.000000
vn 1.000000 0.000000 0.000000
vn 1.000000 0.000000 0.000000
vn 1.000000 0.000000 0.000000
vn 1.000000 0.000000 0.000000
vn 1.000000 0.000000 0.000000
vn 1.000000 0.000000 0.000000
vn 1.000000 0.000000 0.000000
vn 1.000000 0.000000 0.000000
vn 1.000000 0.000000 0.000000
vn 1.000000 0.000000 0.000000
vn -1.000000 0.000000 0.000000
vn -1.000000 0.000000 0.000000
vn -1.000000 0.000000 0.000000
vn -1.000000 0.000000 0.000000
vn -1.000000 0.000000 0.000000
vn -1.000000 0.000000 0.000000
vn -1.000000 0.000000 0.000000
vn -1.000000 0.000000 0.000000
vn -1.000000 0.000000 0.000000
vn -1.000000 0.000000 0.000000
vn -1.000000 0.000000 0.000000
vn -1.000000 0.000000 0.000000
vn -1.000000 0.000000 0.000000
vn -1.000000 0.000000 0.000000
vn -1.000000 0.000000 0.000000
vn -1.000000 0.000000 0.000000
vn -1.000000 0.000000 0.000000
vn -1.000000 0.000000 0.000000
vn -1.000000 0.000000 0.000000
vn -1.000000 0.000000 0.000000
vn -1.000000 0.000000 0.000000
vn -1.000000 0.000000 0.000000
vn -1.000000 0.000000 0.000000
vn -1.000000 0.000000 0.000000
s 1
g white
usemtl initialShadingGroup
f 162/269/409 163/270/410 153/271/411 138/272/412
f 141/273/413 154/274/414 149/275/415 142/276/416
f 155/277/417 156/278/418 166/279/419 167/280/420
s 3
f 140/281/421 151/282/422 152/283/423 137/284/424
s 1
f 161/285/425 162/286/409 138/287/412 139/288/426
f 138/289/412 153/290/411 154/274/414 141/273/413
f 150/291/427 139/288/426 142/292/416 149/293/415
f 139/288/426 138/287/412 141/294/413 142/292/416
f 144/295/428 150/296/427 149/275/415 143/297/429
f 166/298/419 156/299/418 159/300/430 165/301/431
s 3
f 152/283/423 151/282/422 145/302/432 146/303/433
s 1
f 153/271/411 163/270/410 164/304/434 147/305/435
f 154/274/414 153/290/411 147/306/435 148/307/436
f 149/275/415 154/274/414 148/307/436 143/297/429
f 139/288/426 150/291/427 156/278/418 155/277/417
s 3
f 151/282/422 140/281/437 158/308/438 157/309/439
s 1
f 167/280/420 161/285/425 139/288/426 155/277/417
f 150/296/427 144/295/428 159/310/430 156/311/418
s 3
f 145/302/432 151/282/422 157/309/439 160/312/440
s 1
f 140/313/441 137/314/442 162/286/409 161/285/425
f 137/315/442 152/316/443 163/270/410 162/269/409
f 164/304/434 163/270/410 152/316/443 146/317/444
f 157/318/445 166/298/419 165/301/431 160/319/446
f 167/280/420 166/279/419 157/320/445 158/321/447
f 140/313/441 161/285/425 167/280/420 158/321/447
f 185/322/448 169/325/449 178/324/450 186/323/451
f 172/326/452 173/329/453 174/328/454 179/327/455
f 180/330/456 188/333/457 187/332/458 181/331/459
s 3
f 171/334/460 168/337/461 177/336/462 176/335/463
s 1
f 184/338/464 170/341/465 169/340/449 185/339/448
f 169/342/449 172/326/452 179/327/455 178/343/450
f 175/344/466 174/346/454 173/345/453 170/341/465
f 170/341/465 173/345/453 172/347/452 169/340/449
f 144/348/428 143/350/429 174/328/454 175/349/466
f 187/351/458 165/354/431 159/353/430 181/352/459
s 3
f 177/336/462 146/356/433 145/355/432 176/335/463
s 1
f 178/324/450 147/358/435 164/357/434 186/323/451
f 179/327/455 148/360/436 147/359/435 178/343/450
f 174/328/454 143/350/429 148/360/436 179/327/455
f 170/341/465 180/330/456 181/331/459 175/344/466
s 3
f 176/335/463 182/362/467 183/361/468 171/334/469
s 1
f 188/333/457 180/330/456 170/341/465 184/338/464
f 175/349/466 181/364/459 159/363/430 144/348/428
s 3
f 145/355/432 160/365/440 182/362/467 176/335/463
s 1
f 171/366/470 184/338/464 185/339/448 168/367/471
f 168/368/471 185/322/448 186/323/451 177/369/472
f 164/357/434 146/370/444 177/369/472 186/323/451
f 182/371/473 160/372/446 165/354/431 187/351/458
f 188/333/457 183/374/474 182/373/473 187/332/458
f 171/366/470 183/374/474 188/333/457 184/338/464
s off
usemtl polySurface8SG
f 189/375/475 190/376/476 198/377/477 197/378/478
f 190/376/479 191/379/480 199/380/481 198/377/482
f 191/379/483 192/381/484 200/382/485 199/380/486
f 192/383/487 193/384/488 201/385/489 200/386/490
f 193/384/491 194/387/492 202/388/493 201/385/494
f 194/387/495 195/389/496 203/390/497 202/388/498
f 195/389/499 196/391/500 204/392/501 203/390/502
f 196/391/503 189/375/504 197/378/505 204/392/506
f 190/393/507 189/394/508 205/395/509
f 191/396/510 190/393/511 205/395/512
f 192/397/513 191/396/514 205/395/515
f 193/398/516 192/397/517 205/395/518
f 194/399/519 193/398/520 205/395/521
f 195/400/522 194/399/523 205/395/524
f 196/401/525 195/400/526 205/395/527
f 189/394/528 196/401/529 205/395/530
f 197/402/531 198/403/532 206/404/533
f 198/403/534 199/405/535 206/404/536
f 199/405/537 200/406/538 206/404/539
f 200/406/540 201/407/541 206/404/542
f 201/407/543 202/408/544 206/404/545
f 202/408/546 203/409/547 206/404/548
f 203/409/549 204/410/550 206/404/551
f 204/410/552 197/402/553 206/404/554
f 207/411/555 215/412/556 216/413/557 208/414/558
f 208/414/559 216/413/560 217/415/561 209/416/562
f 209/416/563 217/415/564 218/417/565 210/418/566
f 210/419/567 218/420/568 219/421/569 211/422/570
f 211/422/571 219/421/572 220/423/573 212/424/574
f 212/424/575 220/423/576 221/425/577 213/426/578
f 213/426/579 221/425/580 222/427/581 214/428/582
f 214/428/583 222/427/584 215/412/585 207/411/586
f 208/429/587 223/430/588 207/431/589
f 209/432/590 223/430/591 208/429/592
f 210/433/593 223/430/594 209/432/595
f 211/434/596 223/430/597 210/433/598
f 212/435/599 223/430/600 211/434/601
f 213/436/602 223/430/603 212/435/604
f 214/437/605 223/430/606 213/436/607
f 207/431/608 223/430/609 214/437/610
f 215/438/611 224/439/612 216/440/613
f 216/440/614 224/439/615 217/441/616
f 217/441/617 224/439/618 218/442/619
f 218/442/620 224/439/621 219/443/622
f 219/443/623 224/439/624 220/444/625
f 220/444/626 224/439/627 221/445/628
f 221/445/629 224/439/630 222/446/631
f 222/446/632 224/439/633 215/438/634
f 225/447/635 226/448/636 234/449/637 233/450/638
f 226/448/639 227/451/640 235/452/641 234/449/642
f 227/451/643 228/453/644 236/454/645 235/452/646
f 228/455/647 229/456/648 237/457/649 236/458/650
f 229/456/651 230/459/652 238/460/653 237/457/654
f 230/459/655 231/461/656 239/462/657 238/460/658
f 231/461/659 232/463/660 240/464/661 239/462/662
f 232/463/663 225/447/664 233/450/665 240/464/666
f 226/465/667 225/466/668 241/467/669
f 227/468/670 226/465/671 241/467/672
f 228/469/673 227/468/674 241/467/675
f 229/470/676 228/469/677 241/467/678
f 230/471/679 229/470/680 241/467/681
f 231/472/682 230/471/683 241/467/684
f 232/473/685 231/472/686 241/467/687
f 225/466/688 232/473/689 241/467/690
f 233/474/691 234/475/692 242/476/693
f 234/475/694 235/477/695 242/476/696
f 235/477/697 236/478/698 242/476/699
f 236/478/700 237/479/701 242/476/702
f 237/479/703 238/480/704 242/476/705
f 238/480/706 239/481/707 242/476/708
f 239/481/709 240/482/710 242/476/711
f 240/482/712 233/474/713 242/476/714
f 243/483/715 251/484/716 252/485/717 244/486/718
f 244/486/719 252/485/720 253/487/721 245/488/722
f 245/488/723 253/487/724 254/489/725 246/490/726
f 246/491/727 254/492/728 255/493/729 247/494/730
f 247/494/731 255/493/732 256/495/733 248/496/734
f 248/496/735 256/495/736 257/497/737 249/498/738
f 249/498/739 257/497/740 258/499/741 250/500/742
f 250/500/743 258/499/744 251/484/745 243/483/746
f 244/501/747 259/502/748 243/503/749
f 245/504/750 259/502/751 244/501/752
f 246/505/753 259/502/754 245/504/755
f 247/506/756 259/502/757 246/505/758
f 248/507/759 259/502/760 247/506/761
f 249/508/762 259/502/763 248/507/764
f 250/509/765 259/502/766 249/508/767
f 243/503/768 259/502/769 250/509/770
f 251/510/771 260/511/772 252/512/773
f 252/512/774 260/511/775 253/513/776
f 253/513/777 260/511/778 254/514/779
f 254/514/780 260/511/781 255/515/782
f 255/515/783 260/511/784 256/516/785
f 256/516/786 260/511/787 257/517/788
f 257/517/789 260/511/790 258/518/791
f 258/518/792 260/511/793 251/510/794
g default
v -20.024546 2.677945 -61.521435
v -20.024546 16.837411 -67.386478
v -20.024546 30.996861 -61.521435
v -18.884583 35.873308 -47.407421
v -20.024546 30.996861 -33.202514
v -20.024546 16.837411 -27.337471
v -20.024546 2.677945 -33.202514
v -20.024546 -3.187098 -47.361974
v -23.554517 7.578333 -56.621057
v -23.554517 16.837416 -60.456270
v -23.554517 26.096478 -56.621057
v -23.554517 29.931712 -47.361974
v -23.554517 26.096478 -38.102891
v -23.554517 16.837416 -34.267678
v -23.554517 7.578333 -38.102891
v -23.554517 3.743109 -47.361974
v -19.622676 8.994465 -55.204920
v -19.622676 16.837411 -58.453572
v -19.622676 24.680351 -55.204920
v -19.622676 27.929003 -47.361974
v -19.622676 24.680351 -39.519029
v -19.622676 16.837408 -36.270377
v -19.622676 8.994460 -39.519029
v -19.622676 5.745808 -47.361974
v -22.827028 16.837374 -47.361964
v -16.234769 4.076015 31.740039
v -20.024546 16.837411 27.337473
v -20.024546 30.996861 33.202514
v -15.357221 36.533473 47.293381
v -20.024546 30.996861 61.521436
v -20.024546 16.837411 67.386478
v -20.024546 2.677945 61.521438
v -20.024546 -3.187098 47.361974
v -23.554517 7.578333 38.102895
v -23.554517 16.837416 34.267677
v -23.554517 26.096478 38.102896
v -23.554517 29.931712 47.361974
v -23.554517 26.096478 56.621055
v -23.554517 16.837416 60.456272
v -23.554517 7.578333 56.621055
v -23.554517 3.743109 47.361975
v -19.622676 8.994465 39.519031
v -19.622676 16.837411 36.270378
v -19.622676 24.680351 39.519031
v -19.622676 27.929003 47.361974
v -19.622676 24.680351 55.204917
v -19.622676 16.837408 58.453569
v -19.622676 8.994460 55.204919
v -19.622676 5.745808 47.361975
v -22.827028 16.837374 47.361988
v -10.855525 41.522927 1.252271
v -20.024546 30.996861 -0.637158
v -20.024546 16.837411 -0.524608
v -13.838870 5.639415 2.313990
v -13.094969 6.329377 14.180690
v -20.024546 16.837411 11.497015
v -20.024546 30.996861 13.963612
v -13.870094 38.270790 20.980198
v -14.121399 44.747167 -17.368083
v -20.024546 30.996861 -16.309268
v -20.024546 16.837411 -13.428326
v -15.855960 4.609606 -10.876976
v -16.935747 39.406353 -30.878425
v -20.024546 30.996861 -22.661362
v -20.024546 16.837411 -18.658358
v -20.154995 5.086523 -21.713171
v 0.000000 1.864016 -35.247393
v 0.000000 -2.766232 -48.087896
v 0.000000 2.847297 -61.591583
v 0.000000 16.837411 -67.386478
v 0.000000 30.996861 -61.521435
v 0.000000 36.861909 -47.361974
v 0.000000 41.665527 -34.922789
v 0.000000 50.220071 -35.229693
v 0.000000 51.383794 -23.134079
v 0.000000 47.177436 -20.560721
v 0.000000 43.671161 -0.436618
v 0.000000 36.415976 20.364630
v 0.000000 36.861909 47.361974
v 0.000000 30.996861 61.521436
v 0.000000 16.837411 67.386478
v 0.000000 2.677945 61.521438
v 0.000000 -2.976758 46.819685
v 0.000000 2.602904 32.188689
v -10.047242 1.961223 -34.970134
v -10.001290 -2.836736 -47.995508
v -10.013493 2.950607 -61.634379
v -10.012315 16.837411 -67.386478
v -10.012315 30.996861 -61.521435
v -10.012315 36.861909 -47.361974
v -8.336498 42.516044 -32.671836
v -6.007928 48.027384 -31.351821
v -5.427552 50.726001 -23.937434
v -9.545557 47.177436 -20.560721
v -6.872936 42.786144 0.705670
v -10.043286 36.415976 20.364630
v -10.012315 36.861909 47.361974
v -10.012315 30.996861 61.521436
v -10.012315 16.837411 67.386478
v -10.012315 2.677945 61.521438
v -10.052628 -3.049579 47.011979
v -9.723642 2.642122 32.091894
v 0.000000 54.070649 -28.626746
v -6.094277 50.712556 -26.900785
v -9.917718 3.037514 -22.687420
v -9.627194 3.418482 -10.665179
v -9.608846 3.657796 2.354608
v -9.440187 3.549716 16.473724
v 0.000000 2.897684 -22.916275
v 0.000000 3.406782 -10.747526
v 0.000000 3.597677 2.615802
v 0.000000 3.615713 16.891352
v 20.024546 2.677945 -61.521435
v 20.024546 16.837411 -67.386478
v 20.024546 30.996861 -61.521435
v 18.884583 35.873308 -47.407421
v 20.024546 30.996861 -33.202514
v 20.024546 16.837411 -27.337471
v 20.024546 2.677945 -33.202514
v 20.024546 -3.187098 -47.361974
v 23.554517 7.578333 -56.621057
v 23.554517 16.837416 -60.456270
v 23.554517 26.096478 -56.621057
v 23.554517 29.931712 -47.361974
v 23.554517 26.096478 -38.102891
v 23.554517 16.837416 -34.267678
v 23.554517 7.578333 -38.102891
v 23.554517 3.743109 -47.361974
v 19.622676 8.994465 -55.204920
v 19.622676 16.837411 -58.453572
v 19.622676 24.680351 -55.204920
v 19.622676 27.929003 -47.361974
v 19.622676 24.680351 -39.519029
v 19.622676 16.837408 -36.270377
v 19.622676 8.994460 -39.519029
v 19.622676 5.745808 -47.361974
v 22.827028 16.837374 -47.361964
v 16.234769 4.076015 31.740039
v 20.024546 16.837411 27.337473
v 20.024546 30.996861 33.202514
v 15.357221 36.533473 47.293381
v 20.024546 30.996861 61.521436
v 20.024546 16.837411 67.386478
v 20.024546 2.677945 61.521438
v 20.024546 -3.187098 47.361974
v 23.554517 7.578333 38.102895
v 23.554517 16.837416 34.267677
v 23.554517 26.096478 38.102896
v 23.554517 29.931712 47.361974
v 23.554517 26.096478 56.621055
v 23.554517 16.837416 60.456272
v 23.554517 7.578333 56.621055
v 23.554517 3.743109 47.361975
v 19.622676 8.994465 39.519031
v 19.622676 16.837411 36.270378
v 19.622676 24.680351 39.519031
v 19.622676 27.929003 47.361974
v 19.622676 24.680351 55.204917
v 19.622676 16.837408 58.453569
v 19.622676 8.994460 55.204919
v 19.622676 5.745808 47.361975
v 22.827028 16.837374 47.361988
v 10.855525 41.522927 1.252271
v 20.024546 30.996861 -0.637158
v 20.024546 16.837411 -0.524608
v 13.838870 5.639415 2.313990
v 13.094969 6.329377 14.180690
v 20.024546 16.837411 11.497015
v 20.024546 30.996861 13.963612
v 13.870094 38.270790 20.980198
v 14.121399 44.747167 -17.368083
v 20.024546 30.996861 -16.309268
v 20.024546 16.837411 -13.428326
v 15.855960 4.609606 -10.876976
v 16.935747 39.406353 -30.878425
v 20.024546 30.996861 -22.661362
v 20.024546 16.837411 -18.658358
v 20.154995 5.086523 -21.713171
v 10.047242 1.961223 -34.970134
v 10.001290 -2.836736 -47.995508
v 10.013493 2.950607 -61.634379
v 10.012315 16.837411 -67.386478
v 10.012315 30.996861 -61.521435
v 10.012315 36.861909 -47.361974
v 8.336498 42.516044 -32.671836
v 6.007928 48.027384 -31.351821
v 5.427552 50.726001 -23.937434
v 9.545557 47.177436 -20.560721
v 6.872936 42.786144 0.705670
v 10.043286 36.415976 20.364630
v 10.012315 36.861909 47.361974
v 10.012315 30.996861 61.521436
v 10.012315 16.837411 67.386478
v 10.012315 2.677945 61.521438
v 10.052628 -3.049579 47.011979
v 9.723642 2.642122 32.091894
v 6.094277 50.712556 -26.900785
v 9.917718 3.037514 -22.687420
v 9.627194 3.418482 -10.665179
v 9.608846 3.657796 2.354608
v 9.440187 3.549716 16.473724
vt 0.519182 0.380707
vt 0.482101 0.365348
vt 0.494934 0.352514
vt 0.519182 0.362558
vt 0.556263 0.365348
vt 0.543430 0.352514
vt 0.569033 0.328386
vt 0.553474 0.328267
vt 0.556263 0.291186
vt 0.543430 0.304019
vt 0.519182 0.275826
vt 0.519182 0.293975
vt 0.482101 0.291186
vt 0.494934 0.304019
vt 0.466742 0.328267
vt 0.484891 0.328267
vt 0.886620 0.235288
vt 0.886620 0.210166
vt 0.897288 0.214008
vt 0.897288 0.235288
vt 0.886620 0.260410
vt 0.897288 0.256567
vt 0.466742 0.132741
vt 0.466742 0.107620
vt 0.477409 0.111462
vt 0.477409 0.132741
vt 0.466742 0.157863
vt 0.477409 0.154021
vt 0.958190 0.209112
vt 0.958190 0.183990
vt 0.968858 0.187833
vt 0.968858 0.209112
vt 0.958190 0.234234
vt 0.968858 0.230392
vt 0.948648 0.162332
vt 0.948648 0.137210
vt 0.959315 0.141053
vt 0.959315 0.162332
vt 0.948648 0.187454
vt 0.959315 0.183612
vt 0.518762 0.106105
vt 0.498847 0.097856
vt 0.518762 0.077942
vt 0.538677 0.097856
vt 0.546926 0.077942
vt 0.538677 0.058027
vt 0.518762 0.049778
vt 0.498847 0.058027
vt 0.490598 0.077942
vt 0.519182 0.132643
vt 0.485762 0.121113
vt 0.494934 0.104450
vt 0.519182 0.114494
vt 0.556263 0.117283
vt 0.543430 0.104450
vt 0.570762 0.080382
vt 0.553474 0.080202
vt 0.556263 0.043122
vt 0.543430 0.055955
vt 0.519182 0.027762
vt 0.519182 0.045911
vt 0.482101 0.043122
vt 0.494934 0.055955
vt 0.466742 0.080202
vt 0.484891 0.080202
vt 0.748251 0.246691
vt 0.748251 0.221569
vt 0.758919 0.225411
vt 0.758919 0.246691
vt 0.748251 0.271813
vt 0.758919 0.267970
vt 0.934334 0.162332
vt 0.934334 0.137210
vt 0.945001 0.141053
vt 0.945001 0.162332
vt 0.934334 0.187454
vt 0.945001 0.183612
vt 0.471513 0.231457
vt 0.471513 0.206335
vt 0.482181 0.210177
vt 0.482181 0.231457
vt 0.471513 0.256578
vt 0.482181 0.252736
vt 0.466742 0.182958
vt 0.466742 0.157836
vt 0.477409 0.161679
vt 0.477409 0.182958
vt 0.466742 0.208080
vt 0.477409 0.204238
vt 0.518762 0.354170
vt 0.498847 0.345921
vt 0.518762 0.326006
vt 0.538677 0.345921
vt 0.546926 0.326006
vt 0.538677 0.306091
vt 0.518762 0.297842
vt 0.498847 0.306091
vt 0.490598 0.326006
vt 0.556263 0.167666
vt 0.575312 0.149291
vt 0.583829 0.200955
vt 0.556263 0.205903
vt 0.519182 0.205608
vt 0.519182 0.174126
vt 0.489857 0.198175
vt 0.491663 0.167098
vt 0.592272 0.249718
vt 0.556263 0.246945
vt 0.519182 0.239401
vt 0.487160 0.232719
vt 0.578286 0.285099
vt 0.556263 0.263580
vt 0.519182 0.253097
vt 0.488409 0.261097
vt 0.726217 0.641029
vt 0.726334 0.607937
vt 0.751743 0.607702
vt 0.751743 0.640325
vt 0.726303 0.573286
vt 0.751743 0.573395
vt 0.907686 0.209607
vt 0.907689 0.173767
vt 0.933529 0.173767
vt 0.933529 0.209873
vt 0.907689 0.137224
vt 0.933529 0.137224
vt 0.210947 0.803992
vt 0.210947 0.767626
vt 0.236661 0.767626
vt 0.236661 0.803992
vt 0.215251 0.729898
vt 0.236661 0.735679
vt 0.698708 0.061774
vt 0.698708 0.084378
vt 0.676681 0.082130
vt 0.682834 0.067568
vt 0.222722 0.707465
vt 0.236661 0.705402
vt 0.236661 0.719509
vt 0.221009 0.715076
vt 0.212145 0.698793
vt 0.236661 0.698793
vt 0.219009 0.644175
vt 0.236661 0.647108
vt 0.210867 0.593685
vt 0.236661 0.593685
vt 0.210947 0.524347
vt 0.236661 0.524347
vt 0.210947 0.487982
vt 0.236661 0.487982
vt 0.926774 0.282959
vt 0.926774 0.246416
vt 0.952614 0.246416
vt 0.952614 0.282959
vt 0.926774 0.209873
vt 0.952614 0.209873
vt 0.726306 0.886175
vt 0.726204 0.849312
vt 0.751743 0.848824
vt 0.751743 0.886175
vt 0.727040 0.811407
vt 0.751743 0.811652
vt 0.700869 0.645520
vt 0.700869 0.609546
vt 0.700869 0.573573
vt 0.881849 0.210310
vt 0.881849 0.173767
vt 0.881849 0.137224
vt 0.185232 0.803992
vt 0.188160 0.767743
vt 0.193165 0.725292
vt 0.208781 0.642771
vt 0.200393 0.690593
vt 0.201038 0.592104
vt 0.197219 0.524524
vt 0.185232 0.487982
vt 0.900934 0.282959
vt 0.900934 0.246416
vt 0.900934 0.209873
vt 0.700869 0.886175
vt 0.700869 0.850202
vt 0.710497 0.810513
vt 0.677036 0.046456
vt 0.686955 0.051554
vt 0.675581 0.071058
vt 0.669104 0.059604
vt 0.652824 0.063503
vt 0.666594 0.027727
vt 0.677076 0.037702
vt 0.726546 0.672234
vt 0.700538 0.674710
vt 0.727285 0.702778
vt 0.711460 0.702240
vt 0.727331 0.735856
vt 0.716584 0.735753
vt 0.484667 0.198068
vt 0.484384 0.161093
vt 0.718475 0.765901
vt 0.727760 0.771727
vt 0.751743 0.671653
vt 0.751743 0.702569
vt 0.751743 0.736520
vt 0.751743 0.772788
vt 0.519182 0.380707
vt 0.482101 0.365348
vt 0.494934 0.352514
vt 0.519182 0.362558
vt 0.556263 0.365348
vt 0.543430 0.352514
vt 0.569033 0.328386
vt 0.553474 0.328267
vt 0.556263 0.291186
vt 0.543430 0.304019
vt 0.519182 0.275826
vt 0.519182 0.293975
vt 0.482101 0.291186
vt 0.494934 0.304019
vt 0.466742 0.328267
vt 0.484891 0.328267
vt 0.886620 0.235288
vt 0.886620 0.210166
vt 0.897288 0.214008
vt 0.897288 0.235288
vt 0.886620 0.260410
vt 0.897288 0.256567
vt 0.466742 0.132741
vt 0.466742 0.107620
vt 0.477409 0.111462
vt 0.477409 0.132741
vt 0.466742 0.157863
vt 0.477409 0.154021
vt 0.958190 0.209112
vt 0.958190 0.183990
vt 0.968858 0.187833
vt 0.968858 0.209112
vt 0.958190 0.234234
vt 0.968858 0.230392
vt 0.948648 0.162332
vt 0.948648 0.137210
vt 0.959315 0.141053
vt 0.959315 0.162332
vt 0.948648 0.187454
vt 0.959315 0.183612
vt 0.518762 0.106105
vt 0.498847 0.097856
vt 0.518762 0.077942
vt 0.538677 0.097856
vt 0.546926 0.077942
vt 0.538677 0.058027
vt 0.518762 0.049778
vt 0.498847 0.058027
vt 0.490598 0.077942
vt 0.519182 0.132643
vt 0.485762 0.121113
vt 0.494934 0.104450
vt 0.519182 0.114494
vt 0.556263 0.117283
vt 0.543430 0.104450
vt 0.570762 0.080382
vt 0.553474 0.080202
vt 0.556263 0.043122
vt 0.543430 0.055955
vt 0.519182 0.027762
vt 0.519182 0.045911
vt 0.482101 0.043122
vt 0.494934 0.055955
vt 0.466742 0.080202
vt 0.484891 0.080202
vt 0.748251 0.246691
vt 0.748251 0.221569
vt 0.758919 0.225411
vt 0.758919 0.246691
vt 0.748251 0.271813
vt 0.758919 0.267970
vt 0.934334 0.162332
vt 0.934334 0.137210
vt 0.945001 0.141053
vt 0.945001 0.162332
vt 0.934334 0.187454
vt 0.945001 0.183612
vt 0.471513 0.231457
vt 0.471513 0.206335
vt 0.482181 0.210177
vt 0.482181 0.231457
vt 0.471513 0.256578
vt 0.482181 0.252736
vt 0.466742 0.182958
vt 0.466742 0.157836
vt 0.477409 0.161679
vt 0.477409 0.182958
vt 0.466742 0.208080
vt 0.477409 0.204238
vt 0.518762 0.354170
vt 0.498847 0.345921
vt 0.518762 0.326006
vt 0.538677 0.345921
vt 0.546926 0.326006
vt 0.538677 0.306091
vt 0.518762 0.297842
vt 0.498847 0.306091
vt 0.490598 0.326006
vt 0.556263 0.167666
vt 0.575312 0.149291
vt 0.583829 0.200955
vt 0.556263 0.205903
vt 0.519182 0.205608
vt 0.519182 0.174126
vt 0.489857 0.198175
vt 0.491663 0.167098
vt 0.592272 0.249718
vt 0.556263 0.246945
vt 0.519182 0.239401
vt 0.487160 0.232719
vt 0.578286 0.285099
vt 0.556263 0.263580
vt 0.519182 0.253097
vt 0.488409 0.261097
vt 0.726217 0.641029
vt 0.726334 0.607937
vt 0.751743 0.607702
vt 0.751743 0.640325
vt 0.726303 0.573286
vt 0.751743 0.573395
vt 0.907686 0.209607
vt 0.907689 0.173767
vt 0.933529 0.173767
vt 0.933529 0.209873
vt 0.907689 0.137224
vt 0.933529 0.137224
vt 0.210947 0.803992
vt 0.210947 0.767626
vt 0.236661 0.767626
vt 0.236661 0.803992
vt 0.215251 0.729898
vt 0.236661 0.735679
vt 0.698708 0.061774
vt 0.698708 0.084378
vt 0.676681 0.082130
vt 0.682834 0.067568
vt 0.222722 0.707465
vt 0.236661 0.705402
vt 0.236661 0.719509
vt 0.221009 0.715076
vt 0.212145 0.698793
vt 0.236661 0.698793
vt 0.219009 0.644175
vt 0.236661 0.647108
vt 0.210867 0.593685
vt 0.236661 0.593685
vt 0.210947 0.524347
vt 0.236661 0.524347
vt 0.210947 0.487982
vt 0.236661 0.487982
vt 0.926774 0.282959
vt 0.926774 0.246416
vt 0.952614 0.246416
vt 0.952614 0.282959
vt 0.926774 0.209873
vt 0.952614 0.209873
vt 0.726306 0.886175
vt 0.726204 0.849312
vt 0.751743 0.848824
vt 0.751743 0.886175
vt 0.727040 0.811407
vt 0.751743 0.811652
vt 0.700869 0.645520
vt 0.700869 0.609546
vt 0.700869 0.573573
vt 0.881849 0.210310
vt 0.881849 0.173767
vt 0.881849 0.137224
vt 0.185232 0.803992
vt 0.188160 0.767743
vt 0.193165 0.725292
vt 0.208781 0.642771
vt 0.200393 0.690593
vt 0.201038 0.592104
vt 0.197219 0.524524
vt 0.185232 0.487982
vt 0.900934 0.282959
vt 0.900934 0.246416
vt 0.900934 0.209873
vt 0.700869 0.886175
vt 0.700869 0.850202
vt 0.710497 0.810513
vt 0.677036 0.046456
vt 0.686955 0.051554
vt 0.675581 0.071058
vt 0.669104 0.059604
vt 0.652824 0.063503
vt 0.666594 0.027727
vt 0.677076 0.037702
vt 0.726546 0.672234
vt 0.700538 0.674710
vt 0.727285 0.702778
vt 0.711460 0.702240
vt 0.727331 0.735856
vt 0.716584 0.735753
vt 0.484667 0.198068
vt 0.484384 0.161093
vt 0.718475 0.765901
vt 0.727760 0.771727
vt 0.751743 0.671653
vt 0.751743 0.702569
vt 0.751743 0.736520
vt 0.751743 0.772788
vn -0.891066 0.000001 -0.453874
vn -0.891067 -0.320935 -0.320938
vn -0.891067 -0.320934 -0.320938
vn -0.891066 0.000001 -0.453874
vn -0.872639 0.372287 -0.316075
vn -0.872483 0.373356 -0.315243
vn -0.832199 0.554477 -0.000662
vn -0.832197 0.554481 0.000515
vn -0.872434 0.372823 0.316009
vn -0.872254 0.374043 0.315062
vn -0.891066 -0.000001 0.453874
vn -0.891066 -0.000001 0.453874
vn -0.891067 -0.320935 0.320938
vn -0.891067 -0.320935 0.320938
vn -0.891068 -0.453869 0.000000
vn -0.891068 -0.453869 0.000000
vn -0.453871 -0.000001 0.891068
vn -0.453871 0.630078 0.630082
vn -0.453871 0.630078 0.630081
vn -0.453871 -0.000000 0.891068
vn -0.453873 -0.630077 0.630081
vn -0.453873 -0.630078 0.630081
vn -0.453874 -0.891066 0.000001
vn -0.453874 -0.891066 0.000001
vn -0.453872 -0.630078 -0.630081
vn -0.453872 -0.630078 -0.630081
vn -0.453871 0.000000 -0.891067
vn -0.453871 0.000001 -0.891068
vn -0.453872 0.630077 -0.630082
vn -0.453872 0.630078 -0.630081
vn -0.453873 0.891066 -0.000000
vn -0.453873 0.891066 -0.000000
vn -0.960712 0.000000 -0.277548
vn -0.960711 -0.196258 -0.196257
vn -1.000000 -0.000001 0.000000
vn -0.960712 0.196257 -0.196255
vn -0.960713 0.277543 -0.000000
vn -0.960712 0.196254 0.196256
vn -0.960711 0.000000 0.277549
vn -0.960712 -0.196255 0.196257
vn -0.960712 -0.277547 -0.000000
vn -0.847453 -0.113222 -0.518656
vn -0.768393 -0.439604 -0.465103
vn -0.765609 -0.465129 -0.444408
vn -0.851786 -0.093953 -0.515396
vn -0.826679 0.488695 -0.278889
vn -0.831496 0.475068 -0.287968
vn -0.727320 0.686298 -0.000535
vn -0.727317 0.686302 0.000444
vn -0.826402 0.489180 0.278858
vn -0.831115 0.475892 0.287705
vn -0.891066 -0.000001 0.453874
vn -0.891066 -0.000001 0.453874
vn -0.891066 -0.320937 0.320937
vn -0.891066 -0.320937 0.320937
vn -0.838810 -0.529673 -0.125875
vn -0.841009 -0.528112 -0.117482
vn -0.453871 -0.000001 0.891068
vn -0.453871 0.630080 0.630080
vn -0.453871 0.630080 0.630080
vn -0.453871 -0.000001 0.891068
vn -0.453872 -0.630078 0.630081
vn -0.453872 -0.630079 0.630080
vn -0.453873 -0.891066 0.000001
vn -0.453873 -0.891066 0.000001
vn -0.453872 -0.630077 -0.630082
vn -0.453872 -0.630077 -0.630081
vn -0.453871 0.000001 -0.891067
vn -0.453871 0.000002 -0.891067
vn -0.453870 0.630081 -0.630079
vn -0.453870 0.630082 -0.630079
vn -0.453868 0.891069 0.000001
vn -0.453868 0.891069 0.000001
vn -0.960712 0.000000 -0.277548
vn -0.960712 -0.196254 -0.196257
vn -1.000000 -0.000000 0.000000
vn -0.960712 0.196253 -0.196256
vn -0.960712 0.277549 -0.000000
vn -0.960711 0.196259 0.196256
vn -0.960711 0.000000 0.277549
vn -0.960711 -0.196258 0.196257
vn -0.960711 -0.277549 -0.000000
vn -0.941507 0.336989 -0.001709
vn -0.526544 0.849390 0.035892
vn -0.640110 0.757159 0.130267
vn -0.943576 0.328507 0.041795
vn -0.978785 -0.202441 0.031600
vn -0.974660 -0.222945 -0.018246
vn -0.779833 -0.622774 0.063346
vn -0.789233 -0.611565 -0.055677
vn -0.720018 0.690903 0.065019
vn -0.955332 0.289737 0.058253
vn -0.987672 -0.137532 0.074765
vn -0.730305 -0.673780 0.112583
vn -0.527755 -0.812722 -0.246896
vn -0.976871 -0.207166 -0.052961
vn -0.896177 0.443698 -0.000212
vn -0.127132 0.974999 0.182249
vn -0.715056 0.687092 -0.128844
vn -0.979219 0.202313 0.014138
vn -0.996792 -0.043753 0.067015
vn -0.801850 -0.586177 0.115901
vn -0.261224 0.923378 -0.281308
vn -0.972944 0.230491 0.015959
vn -0.999987 0.003630 -0.003534
vn -0.323677 -0.915666 0.238306
vn -0.016405 -0.967856 0.250970
vn 0.011754 -0.999348 -0.034127
vn -0.000000 -0.999238 -0.039040
vn 0.000000 -0.974250 0.225469
vn 0.003169 -0.699919 -0.714215
vn -0.000000 -0.703450 -0.710745
vn 0.000000 0.002630 -0.999996
vn -0.000000 0.003246 -0.999995
vn -0.012362 0.707047 -0.707059
vn 0.000000 0.707107 -0.707106
vn -0.080432 0.938692 -0.335244
vn -0.000000 0.928253 -0.371950
vn -0.321583 0.861065 -0.393893
vn 0.000000 0.830186 -0.557486
vn -0.499663 0.437724 -0.747486
vn -0.679219 0.441960 -0.585946
vn -0.217897 0.790713 0.572096
vn 0.000000 0.788896 0.614526
vn -0.495028 0.839372 -0.224504
vn -0.708055 0.674316 -0.209656
vn -0.312050 0.949321 0.037599
vn 0.000000 0.953337 0.301908
vn -0.068498 0.964301 0.255795
vn 0.000000 0.968926 0.247352
vn 0.037641 0.992624 0.115241
vn 0.000000 0.992999 0.118120
vn 0.027413 0.987520 0.155093
vn 0.000000 0.991462 0.130397
vn -0.004738 0.690626 0.723197
vn 0.000000 0.707106 0.707107
vn 0.000000 0.000000 1.000000
vn 0.000000 -0.000000 1.000000
vn 0.005401 -0.714664 0.699448
vn 0.000000 -0.718199 0.695838
vn -0.012865 -0.999898 0.006285
vn 0.000000 -1.000000 0.000313
vn -0.078963 -0.964058 -0.253686
vn 0.000000 -0.976294 -0.216448
vn 0.022292 -0.999747 -0.003172
vn 0.007817 -0.709308 -0.704855
vn -0.000000 0.002016 -0.999998
vn -0.024597 0.699257 -0.714447
vn -0.008903 0.639442 0.768788
vn 0.000000 0.000001 1.000000
vn 0.007042 -0.711080 0.703076
vn -0.024868 -0.998344 0.051866
vn -0.075092 -0.993993 0.079616
vn -0.098760 -0.994465 0.035854
vn -0.137869 -0.990181 0.023094
vn -0.146106 -0.987865 -0.052679
vn -0.000000 -0.998073 0.062049
vn 0.000000 -0.999655 0.026278
vn 0.000000 -0.999982 0.006090
vn -0.000000 -0.999395 -0.034779
vn 0.891066 -0.000001 -0.453874
vn 0.891066 -0.000001 -0.453874
vn 0.891065 -0.320941 -0.320937
vn 0.891065 -0.320941 -0.320937
vn 0.872639 0.372287 -0.316075
vn 0.872483 0.373357 -0.315243
vn 0.832197 0.554479 -0.000662
vn 0.832195 0.554483 0.000514
vn 0.872433 0.372825 0.316009
vn 0.872253 0.374045 0.315062
vn 0.891066 0.000001 0.453874
vn 0.891066 0.000001 0.453874
vn 0.891065 -0.320941 0.320937
vn 0.891065 -0.320940 0.320937
vn 0.891063 -0.453880 0.000000
vn 0.891063 -0.453880 0.000000
vn 0.453871 -0.000000 0.891068
vn 0.453871 0.000000 0.891068
vn 0.453871 0.630078 0.630081
vn 0.453871 0.630078 0.630081
vn 0.453873 -0.630078 0.630081
vn 0.453873 -0.630078 0.630080
vn 0.453874 -0.891066 0.000000
vn 0.453875 -0.891066 0.000000
vn 0.453872 -0.630078 -0.630081
vn 0.453872 -0.630078 -0.630080
vn 0.453871 -0.000000 -0.891067
vn 0.453871 0.000001 -0.891067
vn 0.453872 0.630078 -0.630081
vn 0.453872 0.630078 -0.630081
vn 0.453874 0.891066 -0.000000
vn 0.453874 0.891066 -0.000000
vn 0.960712 0.000000 -0.277548
vn 1.000000 -0.000000 0.000000
vn 0.960713 -0.196251 -0.196257
vn 0.960713 0.196250 -0.196256
vn 0.960713 0.277544 -0.000000
vn 0.960712 0.196256 0.196256
vn 0.960711 0.000000 0.277549
vn 0.960711 -0.196257 0.196257
vn 0.960712 -0.277546 -0.000000
vn 0.847453 -0.113225 -0.518656
vn 0.851786 -0.093956 -0.515395
vn 0.765606 -0.465135 -0.444406
vn 0.768390 -0.439609 -0.465102
vn 0.826680 0.488693 -0.278889
vn 0.831497 0.475066 -0.287968
vn 0.727322 0.686296 -0.000535
vn 0.727319 0.686300 0.000443
vn 0.826402 0.489181 0.278858
vn 0.831115 0.475892 0.287704
vn 0.891066 -0.000000 0.453874
vn 0.891066 0.000000 0.453874
vn 0.891067 -0.320935 0.320938
vn 0.891067 -0.320935 0.320938
vn 0.838808 -0.529676 -0.125875
vn 0.841007 -0.528114 -0.117481
vn 0.453871 -0.000000 0.891068
vn 0.453871 0.000000 0.891068
vn 0.453870 0.630082 0.630078
vn 0.453870 0.630082 0.630079
vn 0.453872 -0.630079 0.630080
vn 0.453872 -0.630079 0.630080
vn 0.453872 -0.891067 0.000001
vn 0.453872 -0.891067 0.000001
vn 0.453870 -0.630082 -0.630078
vn 0.453870 -0.630082 -0.630078
vn 0.453871 -0.000003 -0.891068
vn 0.453871 -0.000003 -0.891068
vn 0.453871 0.630080 -0.630080
vn 0.453871 0.630080 -0.630080
vn 0.453868 0.891069 0.000001
vn 0.453868 0.891069 0.000001
vn 0.960712 0.000000 -0.277548
vn 1.000000 0.000000 0.000000
vn 0.960711 -0.196259 -0.196257
vn 0.960710 0.196263 -0.196256
vn 0.960711 0.277549 -0.000000
vn 0.960713 0.196251 0.196256
vn 0.960711 0.000003 0.277549
vn 0.960712 -0.196254 0.196257
vn 0.960711 -0.277551 -0.000000
vn 0.941507 0.336990 -0.001709
vn 0.943577 0.328505 0.041795
vn 0.640112 0.757157 0.130267
vn 0.526542 0.849391 0.035892
vn 0.974661 -0.222943 -0.018246
vn 0.978785 -0.202440 0.031600
vn 0.789234 -0.611564 -0.055677
vn 0.779833 -0.622775 0.063346
vn 0.955332 0.289736 0.058253
vn 0.720018 0.690903 0.065020
vn 0.987672 -0.137532 0.074765
vn 0.730304 -0.673782 0.112583
vn 0.976872 -0.207165 -0.052961
vn 0.527755 -0.812722 -0.246895
vn 0.896172 0.443707 -0.000212
vn 0.127132 0.974999 0.182248
vn 0.979219 0.202314 0.014138
vn 0.715055 0.687092 -0.128843
vn 0.996792 -0.043753 0.067015
vn 0.801848 -0.586180 0.115901
vn 0.972943 0.230492 0.015959
vn 0.261224 0.923379 -0.281307
vn 0.999987 0.003630 -0.003534
vn 0.323677 -0.915665 0.238307
vn 0.016405 -0.967856 0.250970
vn -0.011754 -0.999348 -0.034127
vn -0.003169 -0.699918 -0.714216
vn -0.000000 0.002630 -0.999996
vn 0.012362 0.707048 -0.707058
vn 0.080432 0.938692 -0.335243
vn 0.321582 0.861065 -0.393893
vn 0.499663 0.437724 -0.747485
vn 0.679220 0.441957 -0.585947
vn 0.217896 0.790714 0.572095
vn 0.708057 0.674314 -0.209657
vn 0.495030 0.839370 -0.224505
vn 0.312049 0.949322 0.037600
vn 0.068498 0.964301 0.255795
vn -0.037642 0.992624 0.115241
vn -0.027413 0.987520 0.155093
vn 0.004738 0.690626 0.723197
vn 0.000000 -0.000000 1.000000
vn -0.005401 -0.714665 0.699446
vn 0.012865 -0.999897 0.006285
vn 0.078962 -0.964058 -0.253686
vn -0.022292 -0.999747 -0.003172
vn -0.007818 -0.709306 -0.704857
vn 0.000000 0.002015 -0.999998
vn 0.024597 0.699257 -0.714447
vn 0.008902 0.639443 0.768787
vn 0.000000 0.000000 1.000000
vn -0.007042 -0.711079 0.703077
vn 0.024868 -0.998344 0.051867
vn 0.075092 -0.993993 0.079616
vn 0.098760 -0.994465 0.035853
vn 0.137868 -0.990181 0.023094
vn 0.146106 -0.987865 -0.052679
s 1
g tron
usemtl initialShadingGroup
f 262/519/795 261/520/796 269/521/797 270/522/798
f 263/523/799 262/519/795 270/522/798 271/524/800
f 264/525/801 263/523/799 271/524/800 272/526/802
f 265/527/803 264/525/801 272/526/802 273/528/804
f 266/529/805 265/527/803 273/528/804 274/530/806
f 267/531/807 266/529/805 274/530/806 275/532/808
f 268/533/809 267/531/807 275/532/808 276/534/810
f 261/520/796 268/533/809 276/534/810 269/521/797
s 2
f 270/535/811 269/536/812 277/537/813 278/538/814
f 271/539/815 270/535/811 278/538/814 279/540/816
f 272/541/817 271/542/815 279/543/816 280/544/818
f 273/545/819 272/541/817 280/544/818 281/546/820
f 274/547/821 273/548/819 281/549/820 282/550/822
f 275/551/823 274/547/821 282/550/822 283/552/824
f 276/553/825 275/554/823 283/555/824 284/556/826
f 269/557/812 276/553/825 284/556/826 277/558/813
s 3
f 278/559/827 277/560/828 285/561/829
f 279/562/830 278/559/827 285/561/829
f 280/563/831 279/562/830 285/561/829
f 281/564/832 280/563/831 285/561/829
f 282/565/833 281/564/832 285/561/829
f 283/566/834 282/565/833 285/561/829
f 284/567/835 283/566/834 285/561/829
f 277/560/828 284/567/835 285/561/829
s 4
f 287/568/836 286/569/837 294/570/838 295/571/839
f 288/572/840 287/568/836 295/571/839 296/573/841
f 289/574/842 288/572/840 296/573/841 297/575/843
f 290/576/844 289/574/842 297/575/843 298/577/845
f 291/578/846 290/576/844 298/577/845 299/579/847
f 292/580/848 291/578/846 299/579/847 300/581/849
f 293/582/850 292/580/848 300/581/849 301/583/851
f 286/569/837 293/582/850 301/583/851 294/570/838
s 5
f 295/584/852 294/585/853 302/586/854 303/587/855
f 296/588/856 295/584/852 303/587/855 304/589/857
f 297/590/858 296/591/856 304/592/857 305/593/859
f 298/594/860 297/590/858 305/593/859 306/595/861
f 299/596/862 298/597/860 306/598/861 307/599/863
f 300/600/864 299/596/862 307/599/863 308/601/865
f 301/602/866 300/603/864 308/604/865 309/605/867
f 294/606/853 301/602/866 309/605/867 302/607/854
s 6
f 303/608/868 302/609/869 310/610/870
f 304/611/871 303/608/868 310/610/870
f 305/612/872 304/611/871 310/610/870
f 306/613/873 305/612/872 310/610/870
f 307/614/874 306/613/873 310/610/870
f 308/615/875 307/614/874 310/610/870
f 309/616/876 308/615/875 310/610/870
f 302/609/869 309/616/876 310/610/870
s 7
f 317/617/877 318/618/878 311/619/879 312/620/880
f 312/620/880 313/621/881 316/622/882 317/617/877
f 313/621/881 314/623/883 315/624/884 316/622/882
f 312/620/880 311/619/879 319/625/885 320/626/886
f 320/626/886 321/627/887 313/621/881 312/620/880
f 321/627/887 322/628/888 314/623/883 313/621/881
f 316/622/882 315/624/884 286/569/889 287/568/890
f 317/617/877 316/622/882 287/568/890 288/572/891
f 288/572/891 289/574/892 318/618/878 317/617/877
f 320/626/886 319/625/885 323/629/893 324/630/894
f 324/630/894 325/631/895 321/627/887 320/626/886
f 325/631/895 326/632/896 322/628/888 321/627/887
f 324/630/894 323/629/893 264/525/897 265/527/898
f 265/527/898 266/529/899 325/631/895 324/630/894
f 266/529/899 267/531/900 326/632/896 325/631/895
f 345/633/901 346/634/902 328/635/903 327/636/904
f 346/634/902 347/637/905 329/638/906 328/635/903
f 347/639/905 348/640/907 330/641/908 329/642/906
f 348/640/907 349/643/909 331/644/910 330/641/908
f 349/645/909 350/646/911 332/647/912 331/648/910
f 351/649/913 333/650/914 332/647/912 350/646/911
f 334/651/915 333/652/914 351/653/913 352/654/916
f 353/655/917 335/656/918 363/657/919 364/658/920
f 354/659/921 336/660/922 335/656/918 353/655/917
f 355/661/923 337/662/924 336/660/922 354/659/921
f 356/663/925 338/664/926 337/662/924 355/661/923
f 357/665/927 339/666/928 338/664/926 356/663/925
f 357/665/927 358/667/929 340/668/930 339/666/928
f 358/669/929 359/670/931 341/671/932 340/672/930
f 359/670/931 360/673/933 342/674/934 341/671/932
f 360/675/933 361/676/935 343/677/936 342/678/934
f 361/676/935 362/679/937 344/680/938 343/677/936
f 267/681/900 268/682/939 346/634/902 345/633/901
f 268/682/939 261/683/940 347/637/905 346/634/902
f 261/684/940 262/685/941 348/640/907 347/639/905
f 262/685/941 263/686/942 349/643/909 348/640/907
f 263/687/942 264/688/897 350/646/911 349/645/909
f 323/689/893 351/649/913 350/646/911 264/688/897
f 311/690/879 355/661/923 354/659/921 319/691/885
f 318/692/878 356/663/925 355/661/923 311/690/879
f 289/693/892 357/665/927 356/663/925 318/692/878
f 289/693/892 290/694/943 358/667/929 357/665/927
f 290/695/943 291/696/944 359/670/931 358/669/929
f 291/696/944 292/697/945 360/673/933 359/670/931
f 292/698/945 293/699/946 361/676/935 360/675/933
f 293/699/946 286/700/889 362/679/937 361/676/935
f 351/649/913 323/689/893 319/691/885 354/659/921
f 364/701/920 363/702/919 334/703/915 352/704/916
f 352/704/916 351/705/913 354/706/921 364/701/920
f 354/706/921 353/707/917 364/701/920
f 267/681/900 345/633/901 365/708/947 326/709/896
f 326/709/896 365/708/947 366/710/948 322/711/888
f 322/711/888 366/710/948 367/712/949 314/713/883
f 314/623/883 367/714/949 368/715/950 315/624/884
f 315/716/884 368/717/950 362/679/937 286/700/889
f 345/633/901 327/636/904 369/718/951 365/708/947
f 365/708/947 369/718/951 370/719/952 366/710/948
f 366/710/948 370/719/952 371/720/953 367/712/949
f 367/712/949 371/720/953 372/721/954 368/717/950
f 368/717/950 372/721/954 344/680/938 362/679/937
s 10
f 374/722/955 382/725/956 381/724/957 373/723/958
f 375/726/959 383/727/960 382/725/956 374/722/955
f 376/728/961 384/729/962 383/727/960 375/726/959
f 377/730/963 385/731/964 384/729/962 376/728/961
f 378/732/965 386/733/966 385/731/964 377/730/963
f 379/734/967 387/735/968 386/733/966 378/732/965
f 380/736/969 388/737/970 387/735/968 379/734/967
f 373/723/958 381/724/957 388/737/970 380/736/969
s 11
f 382/738/971 390/741/972 389/740/973 381/739/974
f 383/742/975 391/743/976 390/741/972 382/738/971
f 384/744/977 392/747/978 391/746/976 383/745/975
f 385/748/979 393/749/980 392/747/978 384/744/977
f 386/750/981 394/753/982 393/752/980 385/751/979
f 387/754/983 395/755/984 394/753/982 386/750/981
f 388/756/985 396/759/986 395/758/984 387/757/983
f 381/760/974 389/761/973 396/759/986 388/756/985
s 12
f 390/762/987 397/764/988 389/763/989
f 391/765/990 397/764/988 390/762/987
f 392/766/991 397/764/988 391/765/990
f 393/767/992 397/764/988 392/766/991
f 394/768/993 397/764/988 393/767/992
f 395/769/994 397/764/988 394/768/993
f 396/770/995 397/764/988 395/769/994
f 389/763/989 397/764/988 396/770/995
s 13
f 399/771/996 407/774/997 406/773/998 398/772/999
f 400/775/1000 408/776/1001 407/774/997 399/771/996
f 401/777/1002 409/778/1003 408/776/1001 400/775/1000
f 402/779/1004 410/780/1005 409/778/1003 401/777/1002
f 403/781/1006 411/782/1007 410/780/1005 402/779/1004
f 404/783/1008 412/784/1009 411/782/1007 403/781/1006
f 405/785/1010 413/786/1011 412/784/1009 404/783/1008
f 398/772/999 406/773/998 413/786/1011 405/785/1010
s 14
f 407/787/1012 415/790/1013 414/789/1014 406/788/1015
f 408/791/1016 416/792/1017 415/790/1013 407/787/1012
f 409/793/1018 417/796/1019 416/795/1017 408/794/1016
f 410/797/1020 418/798/1021 417/796/1019 409/793/1018
f 411/799/1022 419/802/1023 418/801/1021 410/800/1020
f 412/803/1024 420/804/1025 419/802/1023 411/799/1022
f 413/805/1026 421/808/1027 420/807/1025 412/806/1024
f 406/809/1015 414/810/1014 421/808/1027 413/805/1026
s 15
f 415/811/1028 422/813/1029 414/812/1030
f 416/814/1031 422/813/1029 415/811/1028
f 417/815/1032 422/813/1029 416/814/1031
f 418/816/1033 422/813/1029 417/815/1032
f 419/817/1034 422/813/1029 418/816/1033
f 420/818/1035 422/813/1029 419/817/1034
f 421/819/1036 422/813/1029 420/818/1035
f 414/812/1030 422/813/1029 421/819/1036
s 7
f 429/820/1037 424/823/1038 423/822/1039 430/821/1040
f 424/823/1038 429/820/1037 428/825/1041 425/824/1042
f 425/824/1042 428/825/1041 427/827/1043 426/826/1044
f 424/823/1038 432/829/1045 431/828/1046 423/822/1039
f 432/829/1045 424/823/1038 425/824/1042 433/830/1047
f 433/830/1047 425/824/1042 426/826/1044 434/831/1048
f 428/825/1041 399/771/1049 398/772/1050 427/827/1043
f 429/820/1037 400/775/1051 399/771/1049 428/825/1041
f 400/775/1051 429/820/1037 430/821/1040 401/777/1052
f 432/829/1045 436/833/1053 435/832/1054 431/828/1046
f 436/833/1053 432/829/1045 433/830/1047 437/834/1055
f 437/834/1055 433/830/1047 434/831/1048 438/835/1056
f 436/833/1053 377/730/1057 376/728/1058 435/832/1054
f 377/730/1057 436/833/1053 437/834/1055 378/732/1059
f 378/732/1059 437/834/1055 438/835/1056 379/734/1060
f 439/836/1061 327/839/904 328/838/903 440/837/1062
f 440/837/1062 328/838/903 329/841/906 441/840/1063
f 441/842/1063 329/845/906 330/844/908 442/843/1064
f 442/843/1064 330/844/908 331/847/910 443/846/1065
f 443/848/1065 331/851/910 332/850/912 444/849/1066
f 445/852/1067 444/849/1066 332/850/912 333/853/914
f 334/854/1068 446/857/1069 445/856/1067 333/855/914
f 447/858/1070 457/861/1071 363/860/1072 335/859/918
f 448/862/1073 447/858/1070 335/859/918 336/863/922
f 449/864/1074 448/862/1073 336/863/922 337/865/924
f 450/866/1075 449/864/1074 337/865/924 338/867/926
f 451/868/1076 450/866/1075 338/867/926 339/869/928
f 451/868/1076 339/869/928 340/871/930 452/870/1077
f 452/872/1077 340/875/930 341/874/932 453/873/1078
f 453/873/1078 341/874/932 342/877/934 454/876/1079
f 454/878/1079 342/881/934 343/880/936 455/879/1080
f 455/879/1080 343/880/936 344/883/938 456/882/1081
f 379/884/1060 439/836/1061 440/837/1062 380/885/1082
f 380/885/1082 440/837/1062 441/840/1063 373/886/1083
f 373/887/1083 441/842/1063 442/843/1064 374/888/1084
f 374/888/1084 442/843/1064 443/846/1065 375/889/1085
f 375/890/1085 443/848/1065 444/849/1066 376/891/1058
f 435/892/1054 376/891/1058 444/849/1066 445/852/1067
f 423/893/1039 431/894/1046 448/862/1073 449/864/1074
f 430/895/1040 423/893/1039 449/864/1074 450/866/1075
f 401/896/1052 430/895/1040 450/866/1075 451/868/1076
f 401/896/1052 451/868/1076 452/870/1077 402/897/1086
f 402/898/1086 452/872/1077 453/873/1078 403/899/1087
f 403/899/1087 453/873/1078 454/876/1079 404/900/1088
f 404/901/1088 454/878/1079 455/879/1080 405/902/1089
f 405/902/1089 455/879/1080 456/882/1081 398/903/1050
f 445/852/1067 448/862/1073 431/894/1046 435/892/1054
f 457/904/1071 446/907/1069 334/906/1068 363/905/1072
f 446/907/1069 457/904/1071 448/909/1073 445/908/1067
f 448/909/1073 457/904/1071 447/910/1070
f 379/884/1060 438/912/1056 458/911/1090 439/836/1061
f 438/912/1056 434/914/1048 459/913/1091 458/911/1090
f 434/914/1048 426/916/1044 460/915/1092 459/913/1091
f 426/826/1044 427/827/1043 461/918/1093 460/917/1092
f 427/919/1043 398/903/1050 456/882/1081 461/920/1093
f 439/836/1061 458/911/1090 369/921/951 327/839/904
f 458/911/1090 459/913/1091 370/922/952 369/921/951
f 459/913/1091 460/915/1092 371/923/953 370/922/952
f 460/915/1092 461/920/1093 372/924/954 371/923/953
f 461/920/1093 456/882/1081 344/883/938 372/924/954
g default
v -26.042572 8.409154 117.898851
v -29.287164 35.400180 117.898851
v -28.189269 35.400180 -106.330191
v -26.042572 8.409154 -106.330191
v -20.653204 64.393534 105.298975
v -20.653204 64.393534 -88.088315
v 0.601473 64.393534 -88.088315
v 0.601473 40.312271 -111.209319
v 0.601473 8.409154 -108.274928
v 0.601473 8.409154 122.087648
v 0.601473 35.400180 122.087676
v 0.601473 64.393534 108.597287
v -18.239569 64.393534 -88.088315
v -22.691775 40.312271 -111.209319
v -22.870466 8.409154 -108.274928
v -20.017080 8.409175 122.087648
v -21.447974 35.400180 122.087676
v -14.663077 64.393534 108.597287
v -28.189269 35.400180 -133.772843
v -21.087079 37.206205 -148.660840
v -22.870466 8.409154 -143.831059
v -26.042572 8.409154 -129.156073
v 0.601473 35.400180 -149.630182
v 0.601473 8.409154 -143.831059
v -28.189269 21.904671 -106.330191
v -29.455366 22.836582 117.898851
v 0.601473 21.904671 -149.630182
v -22.203316 22.745617 -149.957071
v -28.189269 21.904671 -133.772843
v -26.666999 22.836586 144.596670
v -22.051423 22.836582 149.268669
v -21.874820 35.400180 149.006565
v -26.452175 35.400184 144.373225
v 0.601473 22.836582 149.867781
v 0.601473 35.400177 149.957071
v -25.581130 8.409147 141.124184
v -21.508873 8.409154 145.956670
v 0.601473 8.409161 147.295308
v 27.245517 8.409154 117.898851
v 30.490110 35.400180 117.898851
v 29.392215 35.400180 -106.330191
v 27.245517 8.409154 -106.330191
v 21.856149 64.393534 105.298975
v 21.856149 64.393534 -88.088315
v 19.442515 64.393534 -88.088315
v 23.894721 40.312271 -111.209319
v 24.073411 8.409154 -108.274928
v 21.220026 8.409175 122.087648
v 22.650919 35.400180 122.087676
v 15.866022 64.393534 108.597287
v 29.392215 35.400180 -133.772843
v 22.290025 37.206205 -148.660840
v 24.073411 8.409154 -143.831059
v 27.245517 8.409154 -129.156073
v 29.392215 21.904671 -106.330191
v 30.658312 22.836582 117.898851
v 23.406261 22.745617 -149.957071
v 29.392215 21.904671 -133.772843
v 27.869944 22.836586 144.596670
v 23.254369 22.836582 149.268669
v 23.077766 35.400180 149.006565
v 27.655121 35.400184 144.373225
v 26.784075 8.409147 141.124184
v 22.711819 8.409154 145.956670
v 21.668646 5.046602 -117.115428
v 21.668646 12.382211 -120.153935
v 21.668646 19.717820 -117.115428
v 21.668646 22.756325 -109.779812
v 21.668646 19.717820 -102.444203
v 21.668646 12.382211 -99.405696
v 21.668646 5.046598 -102.444203
v 21.668646 2.008090 -109.779812
v 32.755037 5.046599 -117.115428
v 32.755037 12.382211 -120.153935
v 32.755037 19.717820 -117.115428
v 32.755037 22.756325 -109.779812
v 32.755037 19.717820 -102.444203
v 32.755037 12.382211 -99.405696
v 32.755037 5.046599 -102.444203
v 32.755037 2.008090 -109.779812
v 21.668646 12.382211 -109.779812
v 32.755037 12.382211 -109.779812
v -23.548104 5.046602 -117.115428
v -23.548104 12.382211 -120.153935
v -23.548104 19.717820 -117.115428
v -23.548104 22.756325 -109.779812
v -23.548104 19.717820 -102.444203
v -23.548104 12.382211 -99.405696
v -23.548104 5.046598 -102.444203
v -23.548104 2.008090 -109.779812
v -32.755037 5.046599 -117.115428
v -32.755037 12.382211 -120.153935
v -32.755037 19.717820 -117.115428
v -32.755037 22.756325 -109.779812
v -32.755037 19.717820 -102.444203
v -32.755037 12.382211 -99.405696
v -32.755037 5.046599 -102.444203
v -32.755037 2.008090 -109.779812
v -23.548104 12.382211 -109.779812
v -32.755037 12.382211 -109.779812
v 21.668646 5.046602 78.041452
v 21.668646 12.382211 75.002938
v 21.668646 19.717820 78.041452
v 21.668646 22.756325 85.377061
v 21.668646 19.717820 92.712663
v 21.668646 12.382211 95.751163
v 21.668646 5.046598 92.712663
v 21.668646 2.008090 85.377061
v 32.755037 5.046599 78.041452
v 32.755037 12.382211 75.002938
v 32.755037 19.717820 78.041452
v 32.755037 22.756325 85.377061
v 32.755037 19.717820 92.712663
v 32.755037 12.382211 95.751163
v 32.755037 5.046599 92.712663
v 32.755037 2.008090 85.377061
v 21.668646 12.382211 85.377061
v 32.755037 12.382211 85.377061
v -23.548104 5.046602 78.041452
v -23.548104 12.382211 75.002938
v -23.548104 19.717820 78.041452
v -23.548104 22.756325 85.377061
v -23.548104 19.717820 92.712663
v -23.548104 12.382211 95.751163
v -23.548104 5.046598 92.712663
v -23.548104 2.008090 85.377061
v -32.755037 5.046599 78.041452
v -32.755037 12.382211 75.002938
v -32.755037 19.717820 78.041452
v -32.755037 22.756325 85.377061
v -32.755037 19.717820 92.712663
v -32.755037 12.382211 95.751163
v -32.755037 5.046599 92.712663
v -32.755037 2.008090 85.377061
v -23.548104 12.382211 85.377061
v -32.755037 12.382211 85.377061
vt 0.055749 0.036822
vt 0.055749 0.027765
vt 0.080107 0.028273
vt 0.080107 0.037256
vt 0.470694 0.385160
vt 0.482308 0.378764
vt 0.475374 0.760120
vt 0.470694 0.760120
vt 0.080107 0.576510
vt 0.083608 0.605374
vt 0.055573 0.607887
vt 0.053942 0.576510
vt 0.829364 0.099052
vt 0.835394 0.095355
vt 0.840818 0.533260
vt 0.829364 0.525298
vt 0.053942 0.523306
vt 0.055749 0.088583
vt 0.080107 0.088583
vt 0.080107 0.523306
vt 0.881849 0.343931
vt 0.881849 0.327939
vt 0.940994 0.314099
vt 0.940994 0.326318
vt 0.089630 0.532765
vt 0.136317 0.487939
vt 0.136317 0.487939
vt 0.136317 0.113011
vt 0.511905 0.804950
vt 0.466742 0.804950
vt 0.511905 0.760120
vt 0.873603 0.638138
vt 0.875773 0.610025
vt 0.917938 0.613536
vt 0.917938 0.639773
vt 0.880013 0.095355
vt 0.880013 0.533260
vt 0.653162 0.696986
vt 0.652824 0.672959
vt 0.696146 0.672959
vt 0.696146 0.696986
vt 0.881849 0.282959
vt 0.940994 0.282959
vt 0.511905 0.378764
vt 0.829364 0.055661
vt 0.835394 0.027765
vt 0.511905 0.879444
vt 0.469853 0.877565
vt 0.880013 0.027765
vt 0.027778 0.523306
vt 0.027778 0.088583
vt 0.027778 0.043555
vt 0.027778 0.034186
vt 0.653862 0.645368
vt 0.696146 0.645368
vt 0.872306 0.666010
vt 0.917938 0.666010
vt 0.027778 0.596011
vt 0.027778 0.567559
vt 0.930150 0.497353
vt 0.915248 0.505316
vt 0.920637 0.454990
vt 0.929338 0.446182
vt 0.972065 0.497353
vt 0.972065 0.444375
vt 0.837982 0.578634
vt 0.830241 0.569448
vt 0.880013 0.581179
vt 0.055749 0.036822
vt 0.055749 0.027765
vt 0.080107 0.028273
vt 0.080107 0.037256
vt 0.470694 0.385160
vt 0.482308 0.378764
vt 0.475374 0.760120
vt 0.470694 0.760120
vt 0.080107 0.576510
vt 0.083608 0.605374
vt 0.055573 0.607887
vt 0.053942 0.576510
vt 0.829364 0.099052
vt 0.835394 0.095355
vt 0.840818 0.533260
vt 0.829364 0.525298
vt 0.053942 0.523306
vt 0.055749 0.088583
vt 0.080107 0.088583
vt 0.080107 0.523306
vt 0.881849 0.343931
vt 0.881849 0.327939
vt 0.940994 0.314099
vt 0.940994 0.326318
vt 0.089630 0.532765
vt 0.136317 0.487939
vt 0.136317 0.487939
vt 0.136317 0.113011
vt 0.511905 0.804950
vt 0.466742 0.804950
vt 0.511905 0.760120
vt 0.873603 0.638138
vt 0.875773 0.610025
vt 0.917938 0.613536
vt 0.917938 0.639773
vt 0.880013 0.095355
vt 0.880013 0.533260
vt 0.653162 0.696986
vt 0.652824 0.672959
vt 0.696146 0.672959
vt 0.696146 0.696986
vt 0.881849 0.282959
vt 0.940994 0.282959
vt 0.511905 0.378764
vt 0.829364 0.055661
vt 0.835394 0.027765
vt 0.511905 0.879444
vt 0.469853 0.877565
vt 0.880013 0.027765
vt 0.027778 0.523306
vt 0.027778 0.088583
vt 0.027778 0.043555
vt 0.027778 0.034186
vt 0.653862 0.645368
vt 0.696146 0.645368
vt 0.872306 0.666010
vt 0.917938 0.666010
vt 0.027778 0.596011
vt 0.027778 0.567559
vt 0.930150 0.497353
vt 0.915248 0.505316
vt 0.920637 0.454990
vt 0.929338 0.446182
vt 0.972065 0.497353
vt 0.972065 0.444375
vt 0.837982 0.578634
vt 0.830241 0.569448
vt 0.880013 0.581179
vt 0.862432 0.162501
vt 0.855165 0.190031
vt 0.816726 0.179885
vt 0.823993 0.152355
vt 0.847899 0.217561
vt 0.809460 0.207415
vt 0.840632 0.245091
vt 0.802193 0.234945
vt 0.898765 0.024852
vt 0.891498 0.052382
vt 0.853059 0.042236
vt 0.860326 0.014706
vt 0.884232 0.079912
vt 0.845792 0.069766
vt 0.876965 0.107442
vt 0.838526 0.097296
vt 0.869698 0.134971
vt 0.831259 0.124825
vt 0.889710 0.086184
vt 0.915981 0.075204
vt 0.916099 0.112405
vt 0.878897 0.112524
vt 0.889877 0.138794
vt 0.916217 0.149607
vt 0.942487 0.138627
vt 0.953300 0.112287
vt 0.942320 0.086017
vt 0.506888 0.564929
vt 0.511672 0.592997
vt 0.475399 0.584739
vt 0.495209 0.616228
vt 0.467141 0.621012
vt 0.443911 0.604549
vt 0.439126 0.576481
vt 0.455589 0.553250
vt 0.483657 0.548466
vt 0.862432 0.162501
vt 0.823993 0.152355
vt 0.816726 0.179885
vt 0.855165 0.190031
vt 0.809460 0.207415
vt 0.847899 0.217561
vt 0.802193 0.234945
vt 0.840632 0.245091
vt 0.898765 0.024852
vt 0.860326 0.014706
vt 0.853059 0.042236
vt 0.891498 0.052382
vt 0.845792 0.069766
vt 0.884232 0.079912
vt 0.838526 0.097296
vt 0.876965 0.107442
vt 0.831259 0.124825
vt 0.869698 0.134971
vt 0.889710 0.086184
vt 0.916099 0.112405
vt 0.915981 0.075204
vt 0.878897 0.112524
vt 0.889877 0.138794
vt 0.916217 0.149607
vt 0.942487 0.138627
vt 0.953300 0.112287
vt 0.942320 0.086017
vt 0.506888 0.564929
vt 0.475399 0.584739
vt 0.511672 0.592997
vt 0.495209 0.616228
vt 0.467141 0.621012
vt 0.443911 0.604549
vt 0.439126 0.576481
vt 0.455589 0.553250
vt 0.483657 0.548466
vt 0.862432 0.162501
vt 0.855165 0.190031
vt 0.816726 0.179885
vt 0.823993 0.152355
vt 0.847899 0.217561
vt 0.809460 0.207415
vt 0.840632 0.245091
vt 0.802193 0.234945
vt 0.898765 0.024852
vt 0.891498 0.052382
vt 0.853059 0.042236
vt 0.860326 0.014706
vt 0.884232 0.079912
vt 0.845792 0.069766
vt 0.876965 0.107442
vt 0.838526 0.097296
vt 0.869698 0.134971
vt 0.831259 0.124825
vt 0.889710 0.086184
vt 0.915981 0.075204
vt 0.916099 0.112405
vt 0.878897 0.112524
vt 0.889877 0.138794
vt 0.916217 0.149607
vt 0.942487 0.138627
vt 0.953300 0.112287
vt 0.942320 0.086017
vt 0.506888 0.564929
vt 0.511672 0.592997
vt 0.475399 0.584739
vt 0.495209 0.616228
vt 0.467141 0.621012
vt 0.443911 0.604549
vt 0.439126 0.576481
vt 0.455589 0.553250
vt 0.483657 0.548466
vt 0.862432 0.162501
vt 0.823993 0.152355
vt 0.816726 0.179885
vt 0.855165 0.190031
vt 0.809460 0.207415
vt 0.847899 0.217561
vt 0.802193 0.234945
vt 0.840632 0.245091
vt 0.898765 0.024852
vt 0.860326 0.014706
vt 0.853059 0.042236
vt 0.891498 0.052382
vt 0.845792 0.069766
vt 0.884232 0.079912
vt 0.838526 0.097296
vt 0.876965 0.107442
vt 0.831259 0.124825
vt 0.869698 0.134971
vt 0.889710 0.086184
vt 0.916099 0.112405
vt 0.915981 0.075204
vt 0.878897 0.112524
vt 0.889877 0.138794
vt 0.916217 0.149607
vt 0.942487 0.138627
vt 0.953300 0.112287
vt 0.942320 0.086017
vt 0.506888 0.564929
vt 0.475399 0.584739
vt 0.511672 0.592997
vt 0.495209 0.616228
vt 0.467141 0.621012
vt 0.443911 0.604549
vt 0.439126 0.576481
vt 0.455589 0.553250
vt 0.483657 0.548466
vn -0.972588 0.018443 0.231800
vn -0.196648 0.011641 0.980405
vn -0.195267 0.011604 0.980681
vn -0.973103 0.018405 0.229634
vn 0.000000 1.000000 0.000000
vn 0.000000 1.000000 0.000000
vn 0.000000 1.000000 0.000000
vn 0.000000 1.000000 0.000000
vn -0.911144 0.390320 -0.132161
vn -0.190475 0.877307 -0.440513
vn -0.487523 0.059854 -0.871056
vn -0.988543 0.021266 -0.149436
vn 0.000002 -1.000000 0.000000
vn -0.000000 -1.000000 0.000000
vn -0.000000 -1.000000 0.000000
vn 0.000002 -1.000000 0.000000
vn -0.999973 0.005725 -0.004689
vn -0.999954 0.007448 0.006072
vn -0.982029 0.187051 0.025141
vn -0.984366 0.175571 -0.014081
vn -0.080161 0.864078 0.496934
vn -0.119602 0.442047 0.888983
vn -0.959913 0.279331 0.023272
vn -0.145074 0.917375 -0.370642
vn -0.960863 0.276651 -0.014383
vn -0.118890 0.692885 -0.711179
vn 0.000000 0.913496 -0.406847
vn 0.000000 0.692578 -0.721343
vn 0.000000 0.896451 -0.443143
vn -0.000000 0.046781 -0.998905
vn 0.000000 -1.000000 0.000000
vn 0.000000 -1.000000 0.000000
vn 0.000000 0.007119 0.999975
vn 0.000000 0.007119 0.999975
vn -0.000000 0.846941 0.531686
vn 0.000000 0.421862 0.906660
vn 0.000000 1.000000 0.000000
vn 0.000000 1.000000 0.000000
vn 0.000000 -1.000000 0.000000
vn 0.000000 -1.000000 0.000000
vn 0.000000 -1.000000 0.000000
vn -0.981476 -0.191572 -0.002134
vn -0.981421 -0.191812 0.004488
vn -0.981413 -0.191858 0.004398
vn -0.981474 -0.191582 -0.002134
vn -0.969924 -0.172571 0.171659
vn -0.214716 -0.210478 0.953728
vn -0.195806 -0.209672 0.957965
vn -0.959436 -0.176997 0.219440
vn 0.000000 -0.200586 0.979676
vn 0.000000 -0.200586 0.979676
vn -0.525405 -0.352901 -0.774216
vn -0.354328 -0.380303 -0.854296
vn -0.000000 -0.393826 -0.919185
vn -0.000000 -0.393826 -0.919185
vn -0.976706 -0.160296 -0.142656
vn -0.983247 -0.159457 -0.088316
vn 0.000000 1.000000 -0.000000
vn 0.000000 1.000000 -0.000000
vn -0.000000 1.000000 0.000000
vn 0.000000 -1.000000 -0.000000
vn 0.000003 -1.000000 -0.000001
vn 0.000000 -1.000000 -0.000000
vn 0.972588 0.018441 0.231800
vn 0.973103 0.018403 0.229634
vn 0.195267 0.011604 0.980681
vn 0.196648 0.011642 0.980405
vn 0.000000 1.000000 0.000000
vn 0.000000 1.000000 0.000000
vn 0.000000 1.000000 0.000000
vn 0.000000 1.000000 0.000000
vn 0.911143 0.390323 -0.132161
vn 0.988543 0.021266 -0.149436
vn 0.487523 0.059854 -0.871056
vn 0.190475 0.877307 -0.440513
vn -0.000002 -1.000000 0.000000
vn -0.000002 -1.000000 0.000000
vn 0.000000 -1.000000 0.000000
vn 0.000000 -1.000000 0.000000
vn 0.999973 0.005727 -0.004689
vn 0.984366 0.175572 -0.014081
vn 0.982028 0.187051 0.025141
vn 0.999954 0.007449 0.006072
vn 0.959913 0.279331 0.023272
vn 0.119602 0.442047 0.888983
vn 0.080161 0.864078 0.496933
vn 0.145074 0.917375 -0.370642
vn 0.118890 0.692885 -0.711179
vn 0.960863 0.276651 -0.014383
vn 0.000000 -1.000000 0.000000
vn 0.000000 -1.000000 0.000000
vn 0.981476 -0.191572 -0.002134
vn 0.981474 -0.191582 -0.002134
vn 0.981413 -0.191858 0.004398
vn 0.981421 -0.191812 0.004488
vn 0.969924 -0.172569 0.171659
vn 0.959437 -0.176995 0.219441
vn 0.195806 -0.209671 0.957965
vn 0.214716 -0.210477 0.953728
vn 0.525405 -0.352903 -0.774215
vn 0.354327 -0.380305 -0.854295
vn 0.976706 -0.160297 -0.142656
vn 0.983247 -0.159457 -0.088316
vn -0.000000 1.000000 0.000000
vn -0.000000 1.000000 0.000000
vn -0.000003 -1.000000 -0.000001
vn -0.000000 -1.000000 -0.000000
vn -0.000000 -0.382684 -0.923880
vn -0.000000 -0.382684 -0.923880
vn -0.000000 -0.382684 -0.923880
vn -0.000000 -0.382684 -0.923880
vn 0.000000 0.382683 -0.923880
vn 0.000000 0.382683 -0.923880
vn 0.000000 0.382683 -0.923880
vn 0.000000 0.382683 -0.923880
vn 0.000000 0.923880 -0.382683
vn 0.000000 0.923880 -0.382683
vn 0.000000 0.923880 -0.382683
vn 0.000000 0.923880 -0.382683
vn 0.000000 0.923880 0.382683
vn 0.000000 0.923880 0.382683
vn 0.000000 0.923880 0.382683
vn 0.000000 0.923880 0.382683
vn 0.000000 0.382683 0.923880
vn 0.000000 0.382683 0.923880
vn 0.000000 0.382683 0.923880
vn 0.000000 0.382683 0.923880
vn 0.000000 -0.382683 0.923880
vn 0.000000 -0.382683 0.923880
vn 0.000000 -0.382683 0.923880
vn 0.000000 -0.382683 0.923880
vn 0.000000 -0.923880 0.382683
vn 0.000000 -0.923880 0.382683
vn 0.000000 -0.923880 0.382683
vn 0.000000 -0.923880 0.382683
vn -0.000000 -0.923879 -0.382684
vn -0.000000 -0.923879 -0.382684
vn -0.000000 -0.923879 -0.382684
vn -0.000000 -0.923879 -0.382684
vn -1.000000 0.000000 0.000000
vn -1.000000 0.000000 0.000000
vn -1.000000 0.000000 0.000000
vn -1.000000 0.000000 0.000000
vn -1.000000 0.000000 0.000000
vn -1.000000 0.000000 0.000000
vn -1.000000 0.000000 0.000000
vn -1.000000 0.000000 0.000000
vn -1.000000 0.000000 0.000000
vn -1.000000 0.000000 0.000000
vn -1.000000 0.000000 0.000000
vn -1.000000 0.000000 0.000000
vn -1.000000 0.000000 0.000000
vn -1.000000 0.000000 0.000000
vn -1.000000 0.000000 0.000000
vn -1.000000 0.000000 0.000000
vn -1.000000 0.000000 0.000000
vn -1.000000 0.000000 0.000000
vn -1.000000 0.000000 0.000000
vn -1.000000 0.000000 0.000000
vn -1.000000 0.000000 0.000000
vn -1.000000 0.000000 0.000000
vn -1.000000 0.000000 0.000000
vn -1.000000 0.000000 0.000000
vn 1.000000 0.000000 0.000000
vn 1.000000 0.000000 0.000000
vn 1.000000 0.000000 0.000000
vn 1.000000 0.000000 0.000000
vn 1.000000 0.000000 0.000000
vn 1.000000 0.000000 0.000000
vn 1.000000 0.000000 0.000000
vn 1.000000 0.000000 0.000000
vn 1.000000 0.000000 0.000000
vn 1.000000 0.000000 0.000000
vn 1.000000 0.000000 0.000000
vn 1.000000 0.000000 0.000000
vn 1.000000 0.000000 0.000000
vn 1.000000 0.000000 0.000000
vn 1.000000 0.000000 0.000000
vn 1.000000 0.000000 0.000000
vn 1.000000 0.000000 0.000000
vn 1.000000 0.000000 0.000000
vn 1.000000 0.000000 0.000000
vn 1.000000 0.000000 0.000000
vn 1.000000 0.000000 0.000000
vn 1.000000 0.000000 0.000000
vn 1.000000 0.000000 0.000000
vn 1.000000 0.000000 0.000000
vn 0.000000 -0.382684 -0.923880
vn 0.000000 -0.382684 -0.923880
vn 0.000000 -0.382684 -0.923880
vn 0.000000 -0.382684 -0.923880
vn 0.000000 0.382683 -0.923880
vn 0.000000 0.382683 -0.923880
vn 0.000000 0.382683 -0.923880
vn 0.000000 0.382683 -0.923880
vn 0.000000 0.923880 -0.382683
vn 0.000000 0.923880 -0.382683
vn 0.000000 0.923880 -0.382683
vn 0.000000 0.923880 -0.382683
vn 0.000000 0.923880 0.382683
vn 0.000000 0.923880 0.382683
vn 0.000000 0.923880 0.382683
vn 0.000000 0.923880 0.382683
vn 0.000000 0.382683 0.923880
vn 0.000000 0.382683 0.923880
vn 0.000000 0.382683 0.923880
vn 0.000000 0.382683 0.923880
vn 0.000000 -0.382683 0.923880
vn 0.000000 -0.382683 0.923880
vn 0.000000 -0.382683 0.923880
vn 0.000000 -0.382683 0.923880
vn -0.000000 -0.923880 0.382683
vn -0.000000 -0.923880 0.382683
vn -0.000000 -0.923880 0.382683
vn -0.000000 -0.923880 0.382683
vn 0.000000 -0.923879 -0.382684
vn 0.000000 -0.923879 -0.382684
vn 0.000000 -0.923879 -0.382684
vn 0.000000 -0.923879 -0.382684
vn 1.000000 0.000000 0.000000
vn 1.000000 0.000000 0.000000
vn 1.000000 0.000000 0.000000
vn 1.000000 0.000000 0.000000
vn 1.000000 0.000000 0.000000
vn 1.000000 0.000000 0.000000
vn 1.000000 0.000000 0.000000
vn 1.000000 0.000000 0.000000
vn 1.000000 0.000000 0.000000
vn 1.000000 0.000000 0.000000
vn 1.000000 0.000000 0.000000
vn 1.000000 0.000000 0.000000
vn 1.000000 0.000000 0.000000
vn 1.000000 0.000000 0.000000
vn 1.000000 0.000000 0.000000
vn 1.000000 0.000000 0.000000
vn 1.000000 0.000000 0.000000
vn 1.000000 0.000000 0.000000
vn 1.000000 0.000000 0.000000
vn 1.000000 0.000000 0.000000
vn 1.000000 0.000000 0.000000
vn 1.000000 0.000000 0.000000
vn 1.000000 0.000000 0.000000
vn 1.000000 0.000000 0.000000
vn -1.000000 0.000000 0.000000
vn -1.000000 0.000000 0.000000
vn -1.000000 0.000000 0.000000
vn -1.000000 0.000000 0.000000
vn -1.000000 0.000000 0.000000
vn -1.000000 0.000000 0.000000
vn -1.000000 0.000000 0.000000
vn -1.000000 0.000000 0.000000
vn -1.000000 0.000000 0.000000
vn -1.000000 0.000000 0.000000
vn -1.000000 0.000000 0.000000
vn -1.000000 0.000000 0.000000
vn -1.000000 0.000000 0.000000
vn -1.000000 0.000000 0.000000
vn -1.000000 0.000000 0.000000
vn -1.000000 0.000000 0.000000
vn -1.000000 0.000000 0.000000
vn -1.000000 0.000000 0.000000
vn -1.000000 0.000000 0.000000
vn -1.000000 0.000000 0.000000
vn -1.000000 0.000000 0.000000
vn -1.000000 0.000000 0.000000
vn -1.000000 0.000000 0.000000
vn -1.000000 0.000000 0.000000
vn -0.000000 -0.382684 -0.923880
vn -0.000000 -0.382684 -0.923880
vn -0.000000 -0.382684 -0.923880
vn -0.000000 -0.382684 -0.923880
vn 0.000000 0.382683 -0.923880
vn 0.000000 0.382683 -0.923880
vn 0.000000 0.382683 -0.923880
vn 0.000000 0.382683 -0.923880
vn 0.000000 0.923880 -0.382683
vn 0.000000 0.923880 -0.382683
vn 0.000000 0.923880 -0.382683
vn 0.000000 0.923880 -0.382683
vn 0.000000 0.923880 0.382683
vn 0.000000 0.923880 0.382683
vn 0.000000 0.923880 0.382683
vn 0.000000 0.923880 0.382683
vn 0.000000 0.382683 0.923880
vn 0.000000 0.382683 0.923880
vn 0.000000 0.382683 0.923880
vn 0.000000 0.382683 0.923880
vn 0.000000 -0.382683 0.923880
vn 0.000000 -0.382683 0.923880
vn 0.000000 -0.382683 0.923880
vn 0.000000 -0.382683 0.923880
vn 0.000000 -0.923880 0.382683
vn 0.000000 -0.923880 0.382683
vn 0.000000 -0.923880 0.382683
vn 0.000000 -0.923880 0.382683
vn -0.000000 -0.923879 -0.382684
vn -0.000000 -0.923879 -0.382684
vn -0.000000 -0.923879 -0.382684
vn -0.000000 -0.923879 -0.382684
vn -1.000000 0.000000 0.000000
vn -1.000000 0.000000 0.000000
vn -1.000000 0.000000 0.000000
vn -1.000000 0.000000 0.000000
vn -1.000000 0.000000 0.000000
vn -1.000000 0.000000 0.000000
vn -1.000000 0.000000 0.000000
vn -1.000000 0.000000 0.000000
vn -1.000000 0.000000 0.000000
vn -1.000000 0.000000 0.000000
vn -1.000000 0.000000 0.000000
vn -1.000000 0.000000 0.000000
vn -1.000000 0.000000 0.000000
vn -1.000000 0.000000 0.000000
vn -1.000000 0.000000 0.000000
vn -1.000000 0.000000 0.000000
vn -1.000000 0.000000 0.000000
vn -1.000000 0.000000 0.000000
vn -1.000000 0.000000 0.000000
vn -1.000000 0.000000 0.000000
vn -1.000000 0.000000 0.000000
vn -1.000000 0.000000 0.000000
vn -1.000000 0.000000 0.000000
vn -1.000000 0.000000 0.000000
vn 1.000000 0.000000 0.000000
vn 1.000000 0.000000 0.000000
vn 1.000000 0.000000 0.000000
vn 1.000000 0.000000 0.000000
vn 1.000000 0.000000 0.000000
vn 1.000000 0.000000 0.000000
vn 1.000000 0.000000 0.000000
vn 1.000000 0.000000 0.000000
vn 1.000000 0.000000 0.000000
vn 1.000000 0.000000 0.000000
vn 1.000000 0.000000 0.000000
vn 1.000000 0.000000 0.000000
vn 1.000000 0.000000 0.000000
vn 1.000000 0.000000 0.000000
vn 1.000000 0.000000 0.000000
vn 1.000000 0.000000 0.000000
vn 1.000000 0.000000 0.000000
vn 1.000000 0.000000 0.000000
vn 1.000000 0.000000 0.000000
vn 1.000000 0.000000 0.000000
vn 1.000000 0.000000 0.000000
vn 1.000000 0.000000 0.000000
vn 1.000000 0.000000 0.000000
vn 1.000000 0.000000 0.000000
vn 0.000000 -0.382684 -0.923880
vn 0.000000 -0.382684 -0.923880
vn 0.000000 -0.382684 -0.923880
vn 0.000000 -0.382684 -0.923880
vn 0.000000 0.382683 -0.923880
vn 0.000000 0.382683 -0.923880
vn 0.000000 0.382683 -0.923880
vn 0.000000 0.382683 -0.923880
vn 0.000000 0.923880 -0.382683
vn 0.000000 0.923880 -0.382683
vn 0.000000 0.923880 -0.382683
vn 0.000000 0.923880 -0.382683
vn 0.000000 0.923880 0.382683
vn 0.000000 0.923880 0.382683
vn 0.000000 0.923880 0.382683
vn 0.000000 0.923880 0.382683
vn 0.000000 0.382683 0.923880
vn 0.000000 0.382683 0.923880
vn 0.000000 0.382683 0.923880
vn 0.000000 0.382683 0.923880
vn 0.000000 -0.382683 0.923880
vn 0.000000 -0.382683 0.923880
vn 0.000000 -0.382683 0.923880
vn 0.000000 -0.382683 0.923880
vn -0.000000 -0.923880 0.382683
vn -0.000000 -0.923880 0.382683
vn -0.000000 -0.923880 0.382683
vn -0.000000 -0.923880 0.382683
vn 0.000000 -0.923879 -0.382684
vn 0.000000 -0.923879 -0.382684
vn 0.000000 -0.923879 -0.382684
vn 0.000000 -0.923879 -0.382684
vn 1.000000 0.000000 0.000000
vn 1.000000 0.000000 0.000000
vn 1.000000 0.000000 0.000000
vn 1.000000 0.000000 0.000000
vn 1.000000 0.000000 0.000000
vn 1.000000 0.000000 0.000000
vn 1.000000 0.000000 0.000000
vn 1.000000 0.000000 0.000000
vn 1.000000 0.000000 0.000000
vn 1.000000 0.000000 0.000000
vn 1.000000 0.000000 0.000000
vn 1.000000 0.000000 0.000000
vn 1.000000 0.000000 0.000000
vn 1.000000 0.000000 0.000000
vn 1.000000 0.000000 0.000000
vn 1.000000 0.000000 0.000000
vn 1.000000 0.000000 0.000000
vn 1.000000 0.000000 0.000000
vn 1.000000 0.000000 0.000000
vn 1.000000 0.000000 0.000000
vn 1.000000 0.000000 0.000000
vn 1.000000 0.000000 0.000000
vn 1.000000 0.000000 0.000000
vn 1.000000 0.000000 0.000000
vn -1.000000 0.000000 0.000000
vn -1.000000 0.000000 0.000000
vn -1.000000 0.000000 0.000000
vn -1.000000 0.000000 0.000000
vn -1.000000 0.000000 0.000000
vn -1.000000 0.000000 0.000000
vn -1.000000 0.000000 0.000000
vn -1.000000 0.000000 0.000000
vn -1.000000 0.000000 0.000000
vn -1.000000 0.000000 0.000000
vn -1.000000 0.000000 0.000000
vn -1.000000 0.000000 0.000000
vn -1.000000 0.000000 0.000000
vn -1.000000 0.000000 0.000000
vn -1.000000 0.000000 0.000000
vn -1.000000 0.000000 0.000000
vn -1.000000 0.000000 0.000000
vn -1.000000 0.000000 0.000000
vn -1.000000 0.000000 0.000000
vn -1.000000 0.000000 0.000000
vn -1.000000 0.000000 0.000000
vn -1.000000 0.000000 0.000000
vn -1.000000 0.000000 0.000000
vn -1.000000 0.000000 0.000000
s 1
g limo
usemtl initialShadingGroup
f 491/925/1094 492/926/1095 493/927/1096 494/928/1097
s 2
f 466/929/1098 479/930/1099 474/931/1100 467/932/1101
s 1
f 480/933/1102 481/934/1103 489/935/1104 490/936/1105
s 4
f 465/937/1106 476/938/1107 477/939/1108 462/940/1109
s 1
f 486/941/1110 487/942/1111 463/943/1112 464/944/1113
f 463/945/1112 478/946/1114 479/947/1115 466/948/1116
f 475/949/1117 464/944/1113 467/950/1118 474/951/1119
f 464/944/1113 463/943/1112 466/952/1116 467/950/1118
f 469/953/1120 475/954/1117 474/931/1119 468/955/1121
f 489/956/1104 481/957/1103 484/958/1122 488/959/1123
s 4
f 477/939/1108 476/938/1107 470/960/1124 471/961/1125
s 1
f 493/962/1096 492/963/1095 495/964/1126 496/965/1127
f 479/947/1115 478/946/1114 472/966/1128 473/967/1129
s 2
f 474/931/1100 479/930/1099 473/968/1130 468/955/1131
s 1
f 464/944/1113 475/949/1117 481/934/1103 480/933/1102
s 4
f 476/938/1107 465/937/1106 483/969/1132 482/970/1133
s 1
f 490/936/1105 486/941/1110 464/944/1113 480/933/1102
f 475/954/1117 469/953/1120 484/971/1122 481/972/1103
s 4
f 470/960/1124 476/938/1107 482/970/1133 485/973/1134
s 6
f 465/974/1135 462/975/1136 487/942/1137 486/941/1138
f 497/976/1139 498/977/1140 492/926/1141 491/925/1142
f 495/964/1143 492/963/1141 498/978/1140 499/979/1144
f 482/980/1145 489/956/1146 488/959/1147 485/981/1148
f 490/936/1149 489/935/1146 482/982/1145 483/983/1150
f 465/974/1135 486/941/1138 490/936/1149 483/983/1150
s 1
f 478/984/1114 463/985/1112 494/986/1151 493/987/1152
f 463/943/1112 487/942/1111 491/925/1094 494/928/1097
f 472/988/1128 478/984/1114 493/987/1152 496/989/1153
s 4
f 462/940/1109 477/939/1108 498/990/1154 497/991/1155
s 6
f 487/942/1137 462/975/1136 497/976/1139 491/925/1142
s 4
f 477/939/1108 471/961/1125 499/992/1156 498/990/1154
s 1
f 520/993/1157 523/996/1158 522/995/1159 521/994/1160
s 2
f 504/997/1161 505/1000/1162 506/999/1163 511/998/1164
s 1
f 512/1001/1165 519/1004/1166 518/1003/1167 513/1002/1168
s 4
f 503/1005/1169 500/1008/1170 509/1007/1171 508/1006/1172
s 1
f 516/1009/1173 502/1012/1174 501/1011/1175 517/1010/1176
f 501/1013/1175 504/1016/1177 511/1015/1178 510/1014/1179
f 507/1017/1180 506/1019/1181 505/1018/1182 502/1012/1174
f 502/1012/1174 505/1018/1182 504/1020/1177 501/1011/1175
f 469/1021/1120 468/1023/1121 506/999/1181 507/1022/1180
f 518/1024/1167 488/1027/1123 484/1026/1122 513/1025/1168
s 4
f 509/1007/1171 471/1029/1125 470/1028/1124 508/1006/1172
s 1
f 522/1030/1159 496/1033/1127 495/1032/1126 521/1031/1160
f 511/1015/1178 473/1035/1129 472/1034/1128 510/1014/1179
s 2
f 506/999/1163 468/1023/1131 473/1036/1130 511/998/1164
s 1
f 502/1012/1174 512/1001/1165 513/1002/1168 507/1017/1180
s 4
f 508/1006/1172 514/1038/1183 515/1037/1184 503/1005/1169
s 1
f 519/1004/1166 512/1001/1165 502/1012/1174 516/1009/1173
f 507/1022/1180 513/1040/1168 484/1039/1122 469/1021/1120
s 4
f 470/1028/1124 485/1041/1134 514/1038/1183 508/1006/1172
s 6
f 503/1042/1185 516/1009/1186 517/1010/1187 500/1043/1188
f 524/1044/1189 520/993/1190 521/994/1191 525/1045/1192
f 495/1032/1143 499/1047/1144 525/1046/1192 521/1031/1191
f 514/1048/1193 485/1049/1148 488/1027/1147 518/1024/1194
f 519/1004/1195 515/1051/1196 514/1050/1193 518/1003/1194
f 503/1042/1185 515/1051/1196 519/1004/1195 516/1009/1186
s 1
f 510/1052/1179 522/1055/1197 523/1054/1198 501/1053/1175
f 501/1011/1175 523/996/1158 520/993/1157 517/1010/1176
f 472/1056/1128 496/1057/1153 522/1055/1197 510/1052/1179
s 4
f 500/1008/1170 524/1059/1199 525/1058/1200 509/1007/1171
s 6
f 517/1010/1187 520/993/1190 524/1044/1189 500/1043/1188
s 4
f 509/1007/1171 525/1058/1200 499/1060/1156 471/1029/1125
s off
usemtl polySurface8SG
f 526/1061/1201 527/1062/1202 535/1063/1203 534/1064/1204
f 527/1062/1205 528/1065/1206 536/1066/1207 535/1063/1208
f 528/1065/1209 529/1067/1210 537/1068/1211 536/1066/1212
f 529/1069/1213 530/1070/1214 538/1071/1215 537/1072/1216
f 530/1070/1217 531/1073/1218 539/1074/1219 538/1071/1220
f 531/1073/1221 532/1075/1222 540/1076/1223 539/1074/1224
f 532/1075/1225 533/1077/1226 541/1078/1227 540/1076/1228
f 533/1077/1229 526/1061/1230 534/1064/1231 541/1078/1232
f 527/1079/1233 526/1080/1234 542/1081/1235
f 528/1082/1236 527/1079/1237 542/1081/1238
f 529/1083/1239 528/1082/1240 542/1081/1241
f 530/1084/1242 529/1083/1243 542/1081/1244
f 531/1085/1245 530/1084/1246 542/1081/1247
f 532/1086/1248 531/1085/1249 542/1081/1250
f 533/1087/1251 532/1086/1252 542/1081/1253
f 526/1080/1254 533/1087/1255 542/1081/1256
f 534/1088/1257 535/1089/1258 543/1090/1259
f 535/1089/1260 536/1091/1261 543/1090/1262
f 536/1091/1263 537/1092/1264 543/1090/1265
f 537/1092/1266 538/1093/1267 543/1090/1268
f 538/1093/1269 539/1094/1270 543/1090/1271
f 539/1094/1272 540/1095/1273 543/1090/1274
f 540/1095/1275 541/1096/1276 543/1090/1277
f 541/1096/1278 534/1088/1279 543/1090/1280
f 544/1097/1281 552/1098/1282 553/1099/1283 545/1100/1284
f 545/1100/1285 553/1099/1286 554/1101/1287 546/1102/1288
f 546/1102/1289 554/1101/1290 555/1103/1291 547/1104/1292
f 547/1105/1293 555/1106/1294 556/1107/1295 548/1108/1296
f 548/1108/1297 556/1107/1298 557/1109/1299 549/1110/1300
f 549/1110/1301 557/1109/1302 558/1111/1303 550/1112/1304
f 550/1112/1305 558/1111/1306 559/1113/1307 551/1114/1308
f 551/1114/1309 559/1113/1310 552/1098/1311 544/1097/1312
f 545/1115/1313 560/1116/1314 544/1117/1315
f 546/1118/1316 560/1116/1317 545/1115/1318
f 547/1119/1319 560/1116/1320 546/1118/1321
f 548/1120/1322 560/1116/1323 547/1119/1324
f 549/1121/1325 560/1116/1326 548/1120/1327
f 550/1122/1328 560/1116/1329 549/1121/1330
f 551/1123/1331 560/1116/1332 550/1122/1333
f 544/1117/1334 560/1116/1335 551/1123/1336
f 552/1124/1337 561/1125/1338 553/1126/1339
f 553/1126/1340 561/1125/1341 554/1127/1342
f 554/1127/1343 561/1125/1344 555/1128/1345
f 555/1128/1346 561/1125/1347 556/1129/1348
f 556/1129/1349 561/1125/1350 557/1130/1351
f 557/1130/1352 561/1125/1353 558/1131/1354
f 558/1131/1355 561/1125/1356 559/1132/1357
f 559/1132/1358 561/1125/1359 552/1124/1360
f 562/1133/1361 563/1134/1362 571/1135/1363 570/1136/1364
f 563/1134/1365 564/1137/1366 572/1138/1367 571/1135/1368
f 564/1137/1369 565/1139/1370 573/1140/1371 572/1138/1372
f 565/1141/1373 566/1142/1374 574/1143/1375 573/1144/1376
f 566/1142/1377 567/1145/1378 575/1146/1379 574/1143/1380
f 567/1145/1381 568/1147/1382 576/1148/1383 575/1146/1384
f 568/1147/1385 569/1149/1386 577/1150/1387 576/1148/1388
f 569/1149/1389 562/1133/1390 570/1136/1391 577/1150/1392
f 563/1151/1393 562/1152/1394 578/1153/1395
f 564/1154/1396 563/1151/1397 578/1153/1398
f 565/1155/1399 564/1154/1400 578/1153/1401
f 566/1156/1402 565/1155/1403 578/1153/1404
f 567/1157/1405 566/1156/1406 578/1153/1407
f 568/1158/1408 567/1157/1409 578/1153/1410
f 569/1159/1411 568/1158/1412 578/1153/1413
f 562/1152/1414 569/1159/1415 578/1153/1416
f 570/1160/1417 571/1161/1418 579/1162/1419
f 571/1161/1420 572/1163/1421 579/1162/1422
f 572/1163/1423 573/1164/1424 579/1162/1425
f 573/1164/1426 574/1165/1427 579/1162/1428
f 574/1165/1429 575/1166/1430 579/1162/1431
f 575/1166/1432 576/1167/1433 579/1162/1434
f 576/1167/1435 577/1168/1436 579/1162/1437
f 577/1168/1438 570/1160/1439 579/1162/1440
f 580/1169/1441 588/1170/1442 589/1171/1443 581/1172/1444
f 581/1172/1445 589/1171/1446 590/1173/1447 582/1174/1448
f 582/1174/1449 590/1173/1450 591/1175/1451 583/1176/1452
f 583/1177/1453 591/1178/1454 592/1179/1455 584/1180/1456
f 584/1180/1457 592/1179/1458 593/1181/1459 585/1182/1460
f 585/1182/1461 593/1181/1462 594/1183/1463 586/1184/1464
f 586/1184/1465 594/1183/1466 595/1185/1467 587/1186/1468
f 587/1186/1469 595/1185/1470 588/1170/1471 580/1169/1472
f 581/1187/1473 596/1188/1474 580/1189/1475
f 582/1190/1476 596/1188/1477 581/1187/1478
f 583/1191/1479 596/1188/1480 582/1190/1481
f 584/1192/1482 596/1188/1483 583/1191/1484
f 585/1193/1485 596/1188/1486 584/1192/1487
f 586/1194/1488 596/1188/1489 585/1193/1490
f 587/1195/1491 596/1188/1492 586/1194/1493
f 580/1189/1494 596/1188/1495 587/1195/1496
f 588/1196/1497 597/1197/1498 589/1198/1499
f 589/1198/1500 597/1197/1501 590/1199/1502
f 590/1199/1503 597/1197/1504 591/1200/1505
f 591/1200/1506 597/1197/1507 592/1201/1508
f 592/1201/1509 597/1197/1510 593/1202/1511
f 593/1202/1512 597/1197/1513 594/1203/1514
f 594/1203/1515 597/1197/1516 595/1204/1517
f 595/1204/1518 597/1197/1519 588/1196/1520
g default
v 21.668646 2.107876 -102.725919
v 21.668646 9.443486 -105.764426
v 21.668646 16.779094 -102.725919
v 21.668646 19.817600 -95.390303
v 21.668646 16.779094 -88.054694
v 21.668646 9.443486 -85.016187
v 21.668646 2.107873 -88.054694
v 21.668646 -0.930635 -95.390303
v 32.755037 2.107874 -102.725919
v 32.755037 9.443486 -105.764426
v 32.755037 16.779094 -102.725919
v 32.755037 19.817600 -95.390303
v 32.755037 16.779094 -88.054694
v 32.755037 9.443486 -85.016187
v 32.755037 2.107874 -88.054694
v 32.755037 -0.930635 -95.390303
v 21.668646 9.443486 -95.390303
v 32.755037 9.443486 -95.390303
v -23.548104 2.107876 -102.725919
v -23.548104 9.443486 -105.764426
v -23.548104 16.779094 -102.725919
v -23.548104 19.817600 -95.390303
v -23.548104 16.779094 -88.054694
v -23.548104 9.443486 -85.016187
v -23.548104 2.107873 -88.054694
v -23.548104 -0.930635 -95.390303
v -32.755037 2.107874 -102.725919
v -32.755037 9.443486 -105.764426
v -32.755037 16.779094 -102.725919
v -32.755037 19.817600 -95.390303
v -32.755037 16.779094 -88.054694
v -32.755037 9.443486 -85.016187
v -32.755037 2.107874 -88.054694
v -32.755037 -0.930635 -95.390303
v -23.548104 9.443486 -95.390303
v -32.755037 9.443486 -95.390303
v 21.668646 2.107876 92.430961
v 21.668646 9.443486 89.392447
v 21.668646 16.779094 92.430961
v 21.668646 19.817600 99.766570
v 21.668646 16.779094 107.102179
v 21.668646 9.443486 110.140679
v 21.668646 2.107873 107.102179
v 21.668646 -0.930635 99.766570
v 32.755037 2.107874 92.430961
v 32.755037 9.443486 89.392447
v 32.755037 16.779094 92.430961
v 32.755037 19.817600 99.766570
v 32.755037 16.779094 107.102179
v 32.755037 9.443486 110.140679
v 32.755037 2.107874 107.102179
v 32.755037 -0.930635 99.766570
v 21.668646 9.443486 99.766570
v 32.755037 9.443486 99.766570
v -23.548104 2.107876 92.430961
v -23.548104 9.443486 89.392447
v -23.548104 16.779094 92.430961
v -23.548104 19.817600 99.766570
v -23.548104 16.779094 107.102179
v -23.548104 9.443486 110.140679
v -23.548104 2.107873 107.102179
v -23.548104 -0.930635 99.766570
v -32.755037 2.107874 92.430961
v -32.755037 9.443486 89.392447
v -32.755037 16.779094 92.430961
v -32.755037 19.817600 99.766570
v -32.755037 16.779094 107.102179
v -32.755037 9.443486 110.140679
v -32.755037 2.107874 107.102179
v -32.755037 -0.930635 99.766570
v -23.548104 9.443486 99.766570
v -32.755037 9.443486 99.766570
v 28.686241 9.750779 121.049891
v 28.686241 67.332260 121.049891
v 28.686241 67.332260 -117.714072
v 28.686241 9.750779 -117.714072
v 28.686241 55.761993 -117.714072
v 28.686241 55.761993 121.049891
v 28.686241 67.332260 -121.049891
v 28.686241 55.761993 -121.049891
v 28.686241 32.756385 -117.714072
v 28.686241 32.756385 121.049891
v -28.895188 9.750779 121.049891
v -28.895188 67.332260 121.049891
v -28.895188 67.332260 -117.714072
v -28.895188 9.750779 -117.714072
v -28.895188 55.761993 -117.714072
v -28.895188 55.761993 121.049891
v -28.895188 67.332260 -121.049891
v -28.895188 55.761993 -121.049891
v -28.895188 32.756385 -117.714072
v -28.895188 32.756385 121.049891
vt 0.862432 0.162501
vt 0.855165 0.190031
vt 0.816726 0.179885
vt 0.823993 0.152355
vt 0.847899 0.217561
vt 0.809460 0.207415
vt 0.840632 0.245091
vt 0.802193 0.234945
vt 0.898765 0.024852
vt 0.891498 0.052382
vt 0.853059 0.042236
vt 0.860326 0.014706
vt 0.884232 0.079912
vt 0.845792 0.069766
vt 0.876965 0.107442
vt 0.838526 0.097296
vt 0.869698 0.134971
vt 0.831259 0.124825
vt 0.889710 0.086184
vt 0.915981 0.075204
vt 0.916099 0.112405
vt 0.878897 0.112524
vt 0.889877 0.138794
vt 0.916217 0.149607
vt 0.942487 0.138627
vt 0.953300 0.112287
vt 0.942320 0.086017
vt 0.506888 0.564929
vt 0.511672 0.592997
vt 0.475399 0.584739
vt 0.495209 0.616228
vt 0.467141 0.621012
vt 0.443911 0.604549
vt 0.439126 0.576481
vt 0.455589 0.553250
vt 0.483657 0.548466
vt 0.862432 0.162501
vt 0.855165 0.190031
vt 0.816726 0.179885
vt 0.823993 0.152355
vt 0.847899 0.217561
vt 0.809460 0.207415
vt 0.840632 0.245091
vt 0.802193 0.234945
vt 0.898765 0.024852
vt 0.891498 0.052382
vt 0.853059 0.042236
vt 0.860326 0.014706
vt 0.884232 0.079912
vt 0.845792 0.069766
vt 0.876965 0.107442
vt 0.838526 0.097296
vt 0.869698 0.134971
vt 0.831259 0.124825
vt 0.889710 0.086184
vt 0.915981 0.075204
vt 0.916099 0.112405
vt 0.878897 0.112524
vt 0.889877 0.138794
vt 0.916217 0.149607
vt 0.942487 0.138627
vt 0.953300 0.112287
vt 0.942320 0.086017
vt 0.506888 0.564929
vt 0.511672 0.592997
vt 0.475399 0.584739
vt 0.495209 0.616228
vt 0.467141 0.621012
vt 0.443911 0.604549
vt 0.439126 0.576481
vt 0.455589 0.553250
vt 0.483657 0.548466
vt 0.862432 0.162501
vt 0.855165 0.190031
vt 0.816726 0.179885
vt 0.823993 0.152355
vt 0.847899 0.217561
vt 0.809460 0.207415
vt 0.840632 0.245091
vt 0.802193 0.234945
vt 0.898765 0.024852
vt 0.891498 0.052382
vt 0.853059 0.042236
vt 0.860326 0.014706
vt 0.884232 0.079912
vt 0.845792 0.069766
vt 0.876965 0.107442
vt 0.838526 0.097296
vt 0.869698 0.134971
vt 0.831259 0.124825
vt 0.889710 0.086184
vt 0.915981 0.075204
vt 0.916099 0.112405
vt 0.878897 0.112524
vt 0.889877 0.138794
vt 0.916217 0.149607
vt 0.942487 0.138627
vt 0.953300 0.112287
vt 0.942320 0.086017
vt 0.506888 0.564929
vt 0.511672 0.592997
vt 0.475399 0.584739
vt 0.495209 0.616228
vt 0.467141 0.621012
vt 0.443911 0.604549
vt 0.439126 0.576481
vt 0.455589 0.553250
vt 0.483657 0.548466
vt 0.862432 0.162501
vt 0.823993 0.152355
vt 0.816726 0.179885
vt 0.855165 0.190031
vt 0.809460 0.207415
vt 0.847899 0.217561
vt 0.802193 0.234945
vt 0.840632 0.245091
vt 0.898765 0.024852
vt 0.860326 0.014706
vt 0.853059 0.042236
vt 0.891498 0.052382
vt 0.845792 0.069766
vt 0.884232 0.079912
vt 0.838526 0.097296
vt 0.876965 0.107442
vt 0.831259 0.124825
vt 0.869698 0.134971
vt 0.889710 0.086184
vt 0.916099 0.112405
vt 0.915981 0.075204
vt 0.878897 0.112524
vt 0.889877 0.138794
vt 0.916217 0.149607
vt 0.942487 0.138627
vt 0.953300 0.112287
vt 0.942320 0.086017
vt 0.506888 0.564929
vt 0.475399 0.584739
vt 0.511672 0.592997
vt 0.495209 0.616228
vt 0.467141 0.621012
vt 0.443911 0.604549
vt 0.439126 0.576481
vt 0.455589 0.553250
vt 0.483657 0.548466
vt 0.334724 0.481641
vt 0.356719 0.481641
vt 0.356719 0.027765
vt 0.334724 0.027765
vt 0.290992 0.481641
vt 0.290992 0.027765
vt 0.334724 0.487982
vt 0.356719 0.487982
vt 0.247260 0.481641
vt 0.247260 0.027765
vt 0.862763 0.948468
vt 0.972222 0.948468
vt 0.972222 0.970463
vt 0.862763 0.970463
vt 0.137519 0.027765
vt 0.246978 0.027765
vt 0.246978 0.481641
vt 0.137519 0.481641
vt 0.748251 0.221582
vt 0.748251 0.112123
vt 0.770245 0.112123
vt 0.770245 0.221582
vt 0.357001 0.027765
vt 0.466460 0.027765
vt 0.466460 0.481641
vt 0.357001 0.481641
vt 0.334724 0.481641
vt 0.334724 0.027765
vt 0.356719 0.027765
vt 0.356719 0.481641
vt 0.290992 0.481641
vt 0.290992 0.027765
vt 0.862763 0.904736
vt 0.972222 0.904736
vt 0.881849 0.137224
vt 0.881849 0.027765
vt 0.925581 0.027765
vt 0.925581 0.137224
vt 0.246978 0.487982
vt 0.137519 0.487982
vt 0.582824 0.027765
vt 0.582824 0.137224
vt 0.576483 0.137224
vt 0.576483 0.027765
vt 0.356719 0.487982
vt 0.334724 0.487982
vt 0.247260 0.481641
vt 0.247260 0.027765
vt 0.862763 0.861004
vt 0.972222 0.861004
vt 0.969313 0.027765
vt 0.969313 0.137224
vn -0.000000 -0.382684 -0.923880
vn -0.000000 -0.382684 -0.923880
vn -0.000000 -0.382684 -0.923880
vn -0.000000 -0.382684 -0.923880
vn 0.000000 0.382683 -0.923880
vn 0.000000 0.382683 -0.923880
vn 0.000000 0.382683 -0.923880
vn 0.000000 0.382683 -0.923880
vn 0.000000 0.923880 -0.382683
vn 0.000000 0.923880 -0.382683
vn 0.000000 0.923880 -0.382683
vn 0.000000 0.923880 -0.382683
vn 0.000000 0.923880 0.382683
vn 0.000000 0.923880 0.382683
vn 0.000000 0.923880 0.382683
vn 0.000000 0.923880 0.382683
vn 0.000000 0.382683 0.923880
vn 0.000000 0.382683 0.923880
vn 0.000000 0.382683 0.923880
vn 0.000000 0.382683 0.923880
vn 0.000000 -0.382683 0.923880
vn 0.000000 -0.382683 0.923880
vn 0.000000 -0.382683 0.923880
vn 0.000000 -0.382683 0.923880
vn 0.000000 -0.923880 0.382683
vn 0.000000 -0.923880 0.382683
vn 0.000000 -0.923880 0.382683
vn 0.000000 -0.923880 0.382683
vn -0.000000 -0.923879 -0.382684
vn -0.000000 -0.923879 -0.382684
vn -0.000000 -0.923879 -0.382684
vn -0.000000 -0.923879 -0.382684
vn -1.000000 0.000000 0.000000
vn -1.000000 0.000000 0.000000
vn -1.000000 0.000000 0.000000
vn -1.000000 0.000000 0.000000
vn -1.000000 0.000000 0.000000
vn -1.000000 0.000000 0.000000
vn -1.000000 0.000000 0.000000
vn -1.000000 0.000000 0.000000
vn -1.000000 0.000000 0.000000
vn -1.000000 0.000000 0.000000
vn -1.000000 0.000000 0.000000
vn -1.000000 0.000000 0.000000
vn -1.000000 0.000000 0.000000
vn -1.000000 0.000000 0.000000
vn -1.000000 0.000000 0.000000
vn -1.000000 0.000000 0.000000
vn -1.000000 0.000000 0.000000
vn -1.000000 0.000000 0.000000
vn -1.000000 0.000000 0.000000
vn -1.000000 0.000000 0.000000
vn -1.000000 0.000000 0.000000
vn -1.000000 0.000000 0.000000
vn -1.000000 0.000000 0.000000
vn -1.000000 0.000000 0.000000
vn 1.000000 0.000000 0.000000
vn 1.000000 0.000000 0.000000
vn 1.000000 0.000000 0.000000
vn 1.000000 0.000000 0.000000
vn 1.000000 0.000000 0.000000
vn 1.000000 0.000000 0.000000
vn 1.000000 0.000000 0.000000
vn 1.000000 0.000000 0.000000
vn 1.000000 0.000000 0.000000
vn 1.000000 0.000000 0.000000
vn 1.000000 0.000000 0.000000
vn 1.000000 0.000000 0.000000
vn 1.000000 0.000000 0.000000
vn 1.000000 0.000000 0.000000
vn 1.000000 0.000000 0.000000
vn 1.000000 0.000000 0.000000
vn 1.000000 0.000000 0.000000
vn 1.000000 0.000000 0.000000
vn 1.000000 0.000000 0.000000
vn 1.000000 0.000000 0.000000
vn 1.000000 0.000000 0.000000
vn 1.000000 0.000000 0.000000
vn 1.000000 0.000000 0.000000
vn 1.000000 0.000000 0.000000
vn 0.000000 -0.382684 -0.923880
vn 0.000000 -0.382684 -0.923880
vn 0.000000 -0.382684 -0.923880
vn 0.000000 -0.382684 -0.923880
vn 0.000000 0.382683 -0.923880
vn 0.000000 0.382683 -0.923880
vn 0.000000 0.382683 -0.923880
vn 0.000000 0.382683 -0.923880
vn 0.000000 0.923880 -0.382683
vn 0.000000 0.923880 -0.382683
vn 0.000000 0.923880 -0.382683
vn 0.000000 0.923880 -0.382683
vn 0.000000 0.923880 0.382683
vn 0.000000 0.923880 0.382683
vn 0.000000 0.923880 0.382683
vn 0.000000 0.923880 0.382683
vn 0.000000 0.382683 0.923880
vn 0.000000 0.382683 0.923880
vn 0.000000 0.382683 0.923880
vn 0.000000 0.382683 0.923880
vn 0.000000 -0.382683 0.923880
vn 0.000000 -0.382683 0.923880
vn 0.000000 -0.382683 0.923880
vn 0.000000 -0.382683 0.923880
vn -0.000000 -0.923880 0.382683
vn -0.000000 -0.923880 0.382683
vn -0.000000 -0.923880 0.382683
vn -0.000000 -0.923880 0.382683
vn 0.000000 -0.923879 -0.382684
vn 0.000000 -0.923879 -0.382684
vn 0.000000 -0.923879 -0.382684
vn 0.000000 -0.923879 -0.382684
vn 1.000000 0.000000 0.000000
vn 1.000000 0.000000 0.000000
vn 1.000000 0.000000 0.000000
vn 1.000000 0.000000 0.000000
vn 1.000000 0.000000 0.000000
vn 1.000000 0.000000 0.000000
vn 1.000000 0.000000 0.000000
vn 1.000000 0.000000 0.000000
vn 1.000000 0.000000 0.000000
vn 1.000000 0.000000 0.000000
vn 1.000000 0.000000 0.000000
vn 1.000000 0.000000 0.000000
vn 1.000000 0.000000 0.000000
vn 1.000000 0.000000 0.000000
vn 1.000000 0.000000 0.000000
vn 1.000000 0.000000 0.000000
vn 1.000000 0.000000 0.000000
vn 1.000000 0.000000 0.000000
vn 1.000000 0.000000 0.000000
vn 1.000000 0.000000 0.000000
vn 1.000000 0.000000 0.000000
vn 1.000000 0.000000 0.000000
vn 1.000000 0.000000 0.000000
vn 1.000000 0.000000 0.000000
vn -1.000000 0.000000 0.000000
vn -1.000000 0.000000 0.000000
vn -1.000000 0.000000 0.000000
vn -1.000000 0.000000 0.000000
vn -1.000000 0.000000 0.000000
vn -1.000000 0.000000 0.000000
vn -1.000000 0.000000 0.000000
vn -1.000000 0.000000 0.000000
vn -1.000000 0.000000 0.000000
vn -1.000000 0.000000 0.000000
vn -1.000000 0.000000 0.000000
vn -1.000000 0.000000 0.000000
vn -1.000000 0.000000 0.000000
vn -1.000000 0.000000 0.000000
vn -1.000000 0.000000 0.000000
vn -1.000000 0.000000 0.000000
vn -1.000000 0.000000 0.000000
vn -1.000000 0.000000 0.000000
vn -1.000000 0.000000 0.000000
vn -1.000000 0.000000 0.000000
vn -1.000000 0.000000 0.000000
vn -1.000000 0.000000 0.000000
vn -1.000000 0.000000 0.000000
vn -1.000000 0.000000 0.000000
vn -0.000000 -0.382684 -0.923880
vn -0.000000 -0.382684 -0.923880
vn -0.000000 -0.382684 -0.923880
vn -0.000000 -0.382684 -0.923880
vn 0.000000 0.382683 -0.923880
vn 0.000000 0.382683 -0.923880
vn 0.000000 0.382683 -0.923880
vn 0.000000 0.382683 -0.923880
vn 0.000000 0.923880 -0.382683
vn 0.000000 0.923880 -0.382683
vn 0.000000 0.923880 -0.382683
vn 0.000000 0.923880 -0.382683
vn 0.000000 0.923880 0.382683
vn 0.000000 0.923880 0.382683
vn 0.000000 0.923880 0.382683
vn 0.000000 0.923880 0.382683
vn 0.000000 0.382683 0.923880
vn 0.000000 0.382683 0.923880
vn 0.000000 0.382683 0.923880
vn 0.000000 0.382683 0.923880
vn 0.000000 -0.382683 0.923880
vn 0.000000 -0.382683 0.923880
vn 0.000000 -0.382683 0.923880
vn 0.000000 -0.382683 0.923880
vn 0.000000 -0.923880 0.382683
vn 0.000000 -0.923880 0.382683
vn 0.000000 -0.923880 0.382683
vn 0.000000 -0.923880 0.382683
vn -0.000000 -0.923879 -0.382684
vn -0.000000 -0.923879 -0.382684
vn -0.000000 -0.923879 -0.382684
vn -0.000000 -0.923879 -0.382684
vn -1.000000 0.000000 0.000000
vn -1.000000 0.000000 0.000000
vn -1.000000 0.000000 0.000000
vn -1.000000 0.000000 0.000000
vn -1.000000 0.000000 0.000000
vn -1.000000 0.000000 0.000000
vn -1.000000 0.000000 0.000000
vn -1.000000 0.000000 0.000000
vn -1.000000 0.000000 0.000000
vn -1.000000 0.000000 0.000000
vn -1.000000 0.000000 0.000000
vn -1.000000 0.000000 0.000000
vn -1.000000 0.000000 0.000000
vn -1.000000 0.000000 0.000000
vn -1.000000 0.000000 0.000000
vn -1.000000 0.000000 0.000000
vn -1.000000 0.000000 0.000000
vn -1.000000 0.000000 0.000000
vn -1.000000 0.000000 0.000000
vn -1.000000 0.000000 0.000000
vn -1.000000 0.000000 0.000000
vn -1.000000 0.000000 0.000000
vn -1.000000 0.000000 0.000000
vn -1.000000 0.000000 0.000000
vn 1.000000 0.000000 0.000000
vn 1.000000 0.000000 0.000000
vn 1.000000 0.000000 0.000000
vn 1.000000 0.000000 0.000000
vn 1.000000 0.000000 0.000000
vn 1.000000 0.000000 0.000000
vn 1.000000 0.000000 0.000000
vn 1.000000 0.000000 0.000000
vn 1.000000 0.000000 0.000000
vn 1.000000 0.000000 0.000000
vn 1.000000 0.000000 0.000000
vn 1.000000 0.000000 0.000000
vn 1.000000 0.000000 0.000000
vn 1.000000 0.000000 0.000000
vn 1.000000 0.000000 0.000000
vn 1.000000 0.000000 0.000000
vn 1.000000 0.000000 0.000000
vn 1.000000 0.000000 0.000000
vn 1.000000 0.000000 0.000000
vn 1.000000 0.000000 0.000000
vn 1.000000 0.000000 0.000000
vn 1.000000 0.000000 0.000000
vn 1.000000 0.000000 0.000000
vn 1.000000 0.000000 0.000000
vn 0.000000 -0.382684 -0.923880
vn 0.000000 -0.382684 -0.923880
vn 0.000000 -0.382684 -0.923880
vn 0.000000 -0.382684 -0.923880
vn 0.000000 0.382683 -0.923880
vn 0.000000 0.382683 -0.923880
vn 0.000000 0.382683 -0.923880
vn 0.000000 0.382683 -0.923880
vn 0.000000 0.923880 -0.382683
vn 0.000000 0.923880 -0.382683
vn 0.000000 0.923880 -0.382683
vn 0.000000 0.923880 -0.382683
vn 0.000000 0.923880 0.382683
vn 0.000000 0.923880 0.382683
vn 0.000000 0.923880 0.382683
vn 0.000000 0.923880 0.382683
vn 0.000000 0.382683 0.923880
vn 0.000000 0.382683 0.923880
vn 0.000000 0.382683 0.923880
vn 0.000000 0.382683 0.923880
vn 0.000000 -0.382683 0.923880
vn 0.000000 -0.382683 0.923880
vn 0.000000 -0.382683 0.923880
vn 0.000000 -0.382683 0.923880
vn -0.000000 -0.923880 0.382683
vn -0.000000 -0.923880 0.382683
vn -0.000000 -0.923880 0.382683
vn -0.000000 -0.923880 0.382683
vn 0.000000 -0.923879 -0.382684
vn 0.000000 -0.923879 -0.382684
vn 0.000000 -0.923879 -0.382684
vn 0.000000 -0.923879 -0.382684
vn 1.000000 0.000000 0.000000
vn 1.000000 0.000000 0.000000
vn 1.000000 0.000000 0.000000
vn 1.000000 0.000000 0.000000
vn 1.000000 0.000000 0.000000
vn 1.000000 0.000000 0.000000
vn 1.000000 0.000000 0.000000
vn 1.000000 0.000000 0.000000
vn 1.000000 0.000000 0.000000
vn 1.000000 0.000000 0.000000
vn 1.000000 0.000000 0.000000
vn 1.000000 0.000000 0.000000
vn 1.000000 0.000000 0.000000
vn 1.000000 0.000000 0.000000
vn 1.000000 0.000000 0.000000
vn 1.000000 0.000000 0.000000
vn 1.000000 0.000000 0.000000
vn 1.000000 0.000000 0.000000
vn 1.000000 0.000000 0.000000
vn 1.000000 0.000000 0.000000
vn 1.000000 0.000000 0.000000
vn 1.000000 0.000000 0.000000
vn 1.000000 0.000000 0.000000
vn 1.000000 0.000000 0.000000
vn -1.000000 0.000000 0.000000
vn -1.000000 0.000000 0.000000
vn -1.000000 0.000000 0.000000
vn -1.000000 0.000000 0.000000
vn -1.000000 0.000000 0.000000
vn -1.000000 0.000000 0.000000
vn -1.000000 0.000000 0.000000
vn -1.000000 0.000000 0.000000
vn -1.000000 0.000000 0.000000
vn -1.000000 0.000000 0.000000
vn -1.000000 0.000000 0.000000
vn -1.000000 0.000000 0.000000
vn -1.000000 0.000000 0.000000
vn -1.000000 0.000000 0.000000
vn -1.000000 0.000000 0.000000
vn -1.000000 0.000000 0.000000
vn -1.000000 0.000000 0.000000
vn -1.000000 0.000000 0.000000
vn -1.000000 0.000000 0.000000
vn -1.000000 0.000000 0.000000
vn -1.000000 0.000000 0.000000
vn -1.000000 0.000000 0.000000
vn -1.000000 0.000000 0.000000
vn -1.000000 0.000000 0.000000
vn 1.000000 0.000000 0.000000
vn 1.000000 0.000000 0.000000
vn 1.000000 0.000000 0.000000
vn 1.000000 0.000000 0.000000
vn 1.000000 0.000000 0.000000
vn 1.000000 0.000000 0.000000
vn 1.000000 0.000000 0.000000
vn 1.000000 0.000000 0.000000
vn 1.000000 0.000000 0.000000
vn 1.000000 0.000000 0.000000
vn 1.000000 0.000000 0.000000
vn 1.000000 0.000000 0.000000
vn 0.000000 0.000000 1.000000
vn 0.000000 0.000000 1.000000
vn 0.000000 0.000000 1.000000
vn 0.000000 0.000000 1.000000
vn 0.000000 1.000000 0.000000
vn 0.000000 1.000000 0.000000
vn 0.000000 1.000000 0.000000
vn 0.000000 1.000000 0.000000
vn 0.000000 0.000000 -1.000000
vn 0.000000 0.000000 -1.000000
vn 0.000000 0.000000 -1.000000
vn 0.000000 0.000000 -1.000000
vn 0.000000 -1.000000 0.000000
vn 0.000000 -1.000000 0.000000
vn 0.000000 -1.000000 0.000000
vn 0.000000 -1.000000 0.000000
vn -1.000000 0.000000 0.000000
vn -1.000000 0.000000 0.000000
vn -1.000000 0.000000 0.000000
vn -1.000000 0.000000 0.000000
vn -1.000000 0.000000 0.000000
vn -1.000000 0.000000 0.000000
vn 0.000000 0.000000 1.000000
vn 0.000000 0.000000 1.000000
vn 0.000000 0.000000 -1.000000
vn 0.000000 0.000000 -1.000000
vn 0.000000 0.000000 -1.000000
vn 0.000000 0.000000 -1.000000
vn 0.000000 1.000000 0.000000
vn 0.000000 1.000000 0.000000
vn 0.000000 1.000000 0.000000
vn 0.000000 1.000000 0.000000
vn 0.000000 -1.000000 0.000000
vn 0.000000 -1.000000 0.000000
vn 0.000000 -1.000000 0.000000
vn 0.000000 -1.000000 0.000000
vn -1.000000 0.000000 0.000000
vn -1.000000 0.000000 0.000000
vn -1.000000 0.000000 0.000000
vn -1.000000 0.000000 0.000000
vn -1.000000 0.000000 0.000000
vn -1.000000 0.000000 0.000000
vn 0.000000 0.000000 1.000000
vn 0.000000 0.000000 1.000000
vn 0.000000 0.000000 -1.000000
vn 0.000000 0.000000 -1.000000
s off
g bus
usemtl polySurface8SG
f 598/1205/1521 599/1206/1522 607/1207/1523 606/1208/1524
f 599/1206/1525 600/1209/1526 608/1210/1527 607/1207/1528
f 600/1209/1529 601/1211/1530 609/1212/1531 608/1210/1532
f 601/1213/1533 602/1214/1534 610/1215/1535 609/1216/1536
f 602/1214/1537 603/1217/1538 611/1218/1539 610/1215/1540
f 603/1217/1541 604/1219/1542 612/1220/1543 611/1218/1544
f 604/1219/1545 605/1221/1546 613/1222/1547 612/1220/1548
f 605/1221/1549 598/1205/1550 606/1208/1551 613/1222/1552
f 599/1223/1553 598/1224/1554 614/1225/1555
f 600/1226/1556 599/1223/1557 614/1225/1558
f 601/1227/1559 600/1226/1560 614/1225/1561
f 602/1228/1562 601/1227/1563 614/1225/1564
f 603/1229/1565 602/1228/1566 614/1225/1567
f 604/1230/1568 603/1229/1569 614/1225/1570
f 605/1231/1571 604/1230/1572 614/1225/1573
f 598/1224/1574 605/1231/1575 614/1225/1576
f 606/1232/1577 607/1233/1578 615/1234/1579
f 607/1233/1580 608/1235/1581 615/1234/1582
f 608/1235/1583 609/1236/1584 615/1234/1585
f 609/1236/1586 610/1237/1587 615/1234/1588
f 610/1237/1589 611/1238/1590 615/1234/1591
f 611/1238/1592 612/1239/1593 615/1234/1594
f 612/1239/1595 613/1240/1596 615/1234/1597
f 613/1240/1598 606/1232/1599 615/1234/1600
f 616/1241/1601 624/1244/1602 625/1243/1603 617/1242/1604
f 617/1242/1605 625/1243/1606 626/1246/1607 618/1245/1608
f 618/1245/1609 626/1246/1610 627/1248/1611 619/1247/1612
f 619/1249/1613 627/1252/1614 628/1251/1615 620/1250/1616
f 620/1250/1617 628/1251/1618 629/1254/1619 621/1253/1620
f 621/1253/1621 629/1254/1622 630/1256/1623 622/1255/1624
f 622/1255/1625 630/1256/1626 631/1258/1627 623/1257/1628
f 623/1257/1629 631/1258/1630 624/1244/1631 616/1241/1632
f 617/1259/1633 632/1261/1634 616/1260/1635
f 618/1262/1636 632/1261/1637 617/1259/1638
f 619/1263/1639 632/1261/1640 618/1262/1641
f 620/1264/1642 632/1261/1643 619/1263/1644
f 621/1265/1645 632/1261/1646 620/1264/1647
f 622/1266/1648 632/1261/1649 621/1265/1650
f 623/1267/1651 632/1261/1652 622/1266/1653
f 616/1260/1654 632/1261/1655 623/1267/1656
f 624/1268/1657 633/1270/1658 625/1269/1659
f 625/1269/1660 633/1270/1661 626/1271/1662
f 626/1271/1663 633/1270/1664 627/1272/1665
f 627/1272/1666 633/1270/1667 628/1273/1668
f 628/1273/1669 633/1270/1670 629/1274/1671
f 629/1274/1672 633/1270/1673 630/1275/1674
f 630/1275/1675 633/1270/1676 631/1276/1677
f 631/1276/1678 633/1270/1679 624/1268/1680
f 634/1277/1681 635/1278/1682 643/1279/1683 642/1280/1684
f 635/1278/1685 636/1281/1686 644/1282/1687 643/1279/1688
f 636/1281/1689 637/1283/1690 645/1284/1691 644/1282/1692
f 637/1285/1693 638/1286/1694 646/1287/1695 645/1288/1696
f 638/1286/1697 639/1289/1698 647/1290/1699 646/1287/1700
f 639/1289/1701 640/1291/1702 648/1292/1703 647/1290/1704
f 640/1291/1705 641/1293/1706 649/1294/1707 648/1292/1708
f 641/1293/1709 634/1277/1710 642/1280/1711 649/1294/1712
f 635/1295/1713 634/1296/1714 650/1297/1715
f 636/1298/1716 635/1295/1717 650/1297/1718
f 637/1299/1719 636/1298/1720 650/1297/1721
f 638/1300/1722 637/1299/1723 650/1297/1724
f 639/1301/1725 638/1300/1726 650/1297/1727
f 640/1302/1728 639/1301/1729 650/1297/1730
f 641/1303/1731 640/1302/1732 650/1297/1733
f 634/1296/1734 641/1303/1735 650/1297/1736
f 642/1304/1737 643/1305/1738 651/1306/1739
f 643/1305/1740 644/1307/1741 651/1306/1742
f 644/1307/1743 645/1308/1744 651/1306/1745
f 645/1308/1746 646/1309/1747 651/1306/1748
f 646/1309/1749 647/1310/1750 651/1306/1751
f 647/1310/1752 648/1311/1753 651/1306/1754
f 648/1311/1755 649/1312/1756 651/1306/1757
f 649/1312/1758 642/1304/1759 651/1306/1760
f 652/1313/1761 660/1314/1762 661/1315/1763 653/1316/1764
f 653/1316/1765 661/1315/1766 662/1317/1767 654/1318/1768
f 654/1318/1769 662/1317/1770 663/1319/1771 655/1320/1772
f 655/1321/1773 663/1322/1774 664/1323/1775 656/1324/1776
f 656/1324/1777 664/1323/1778 665/1325/1779 657/1326/1780
f 657/1326/1781 665/1325/1782 666/1327/1783 658/1328/1784
f 658/1328/1785 666/1327/1786 667/1329/1787 659/1330/1788
f 659/1330/1789 667/1329/1790 660/1314/1791 652/1313/1792
f 653/1331/1793 668/1332/1794 652/1333/1795
f 654/1334/1796 668/1332/1797 653/1331/1798
f 655/1335/1799 668/1332/1800 654/1334/1801
f 656/1336/1802 668/1332/1803 655/1335/1804
f 657/1337/1805 668/1332/1806 656/1336/1807
f 658/1338/1808 668/1332/1809 657/1337/1810
f 659/1339/1811 668/1332/1812 658/1338/1813
f 652/1333/1814 668/1332/1815 659/1339/1816
f 660/1340/1817 669/1341/1818 661/1342/1819
f 661/1342/1820 669/1341/1821 662/1343/1822
f 662/1343/1823 669/1341/1824 663/1344/1825
f 663/1344/1826 669/1341/1827 664/1345/1828
f 664/1345/1829 669/1341/1830 665/1346/1831
f 665/1346/1832 669/1341/1833 666/1347/1834
f 666/1347/1835 669/1341/1836 667/1348/1837
f 667/1348/1838 669/1341/1839 660/1340/1840
s 1
usemtl initialShadingGroup
f 674/1349/1841 672/1350/1842 671/1351/1843 675/1352/1844
f 678/1353/1845 674/1349/1841 675/1352/1844 679/1354/1846
s off
f 674/1349/1847 677/1355/1848 676/1356/1849 672/1350/1850
s 1
f 673/1357/1851 678/1353/1845 679/1354/1846 670/1358/1852
s 2
f 685/1359/1853 675/1360/1854 671/1361/1855 681/1362/1856
s off
f 681/1363/1857 671/1364/1858 672/1365/1859 682/1366/1860
f 686/1367/1861 676/1368/1862 677/1369/1863 687/1370/1864
f 683/1371/1865 673/1372/1866 670/1373/1867 680/1374/1868
s 3
f 684/1375/1869 685/1376/1870 681/1377/1871 682/1378/1872
f 688/1379/1873 689/1380/1874 685/1376/1870 684/1375/1869
s 2
f 689/1381/1875 679/1382/1876 675/1360/1854 685/1359/1853
s 4
f 684/1383/1877 674/1384/1878 678/1385/1879 688/1386/1880
s off
f 682/1366/1881 672/1365/1882 676/1387/1883 686/1388/1884
f 674/1389/1885 684/1390/1886 687/1391/1887 677/1392/1888
f 684/1375/1889 682/1378/1890 686/1393/1891 687/1394/1892
s 3
f 683/1395/1893 680/1396/1894 689/1380/1874 688/1379/1873
s 2
f 680/1397/1895 670/1398/1896 679/1382/1876 689/1381/1875
s 4
f 688/1386/1880 678/1385/1879 673/1399/1897 683/1400/1898
g default
v -31.843685 9.106601 57.477969
v -35.088278 30.702091 57.477969
v -33.990383 30.702091 -47.685960
v -31.843685 9.106601 -47.685960
v -26.454317 58.748787 44.878086
v -26.454317 58.748787 -29.444084
v -0.113508 58.748787 -29.444084
v -0.113508 35.614181 -52.565088
v -0.113508 9.106601 -49.630698
v -0.113508 9.106601 61.666770
v -0.113508 30.702091 61.666792
v -0.113508 58.748787 48.176397
v -24.040683 58.748787 -29.444084
v -28.492889 35.614181 -52.565088
v -28.671579 9.106601 -49.630698
v -25.818194 9.106621 61.666770
v -27.249087 30.702091 61.666792
v -20.464245 58.748787 48.176397
v -32.917034 31.605094 -81.306263
v -27.779886 31.605114 -89.536153
v -27.779886 9.106601 -89.536153
v -32.917034 9.106601 -81.306208
v -0.113508 31.605094 -89.536181
v -0.113508 9.106601 -89.536167
v -33.990383 22.602118 -47.685960
v -35.256480 23.534029 57.477969
v -0.113508 22.602118 -89.536167
v -27.779886 23.443064 -89.536153
v -32.917034 22.602118 -81.306263
v -32.468112 23.534032 84.175780
v -27.852592 23.534029 88.847786
v -27.675989 30.702091 88.585685
v -32.253289 30.702095 83.952342
v -0.113508 23.534029 89.446894
v -0.113508 30.702088 89.536181
v -31.382243 9.106594 80.703294
v -27.309987 9.106601 85.535786
v -0.113508 9.106608 86.874424
v 31.616670 9.106601 57.477969
v 34.861262 30.702091 57.477969
v 33.763367 30.702091 -47.685960
v 31.616670 9.106601 -47.685960
v 26.227302 58.748787 44.878086
v 26.227302 58.748787 -29.444084
v 23.813667 58.748787 -29.444084
v 28.265873 35.614181 -52.565088
v 28.444564 9.106601 -49.630698
v 25.591178 9.106621 61.666770
v 27.022072 30.702091 61.666792
v 20.237230 58.748787 48.176397
v 32.690018 31.605094 -81.306263
v 27.552870 31.605114 -89.536153
v 27.552870 9.106601 -89.536153
v 32.690018 9.106601 -81.306208
v 33.763367 22.602118 -47.685960
v 35.029464 23.534029 57.477969
v 27.552870 23.443064 -89.536153
v 32.690018 22.602118 -81.306263
v 32.241097 23.534032 84.175780
v 27.625576 23.534029 88.847786
v 27.448973 30.702091 88.585685
v 32.026273 30.702095 83.952342
v 31.155228 9.106594 80.703294
v 27.082971 9.106601 85.535786
v -11.777897 59.300535 -21.891325
v 9.674580 59.300535 -21.891325
v -11.777897 65.325227 -21.891325
v 9.674580 65.325227 -21.891325
v -11.777897 65.325227 -29.054635
v 9.674580 65.325227 -29.054635
v -11.777897 59.300535 -29.054635
v 9.674580 59.300535 -29.054635
v 23.764978 4.400214 -63.734009
v 23.764978 12.424609 -67.057822
v 23.764978 20.449006 -63.734009
v 23.764978 23.772815 -55.709607
v 23.764978 20.449006 -47.685212
v 23.764978 12.424609 -44.361406
v 23.764978 4.400210 -47.685212
v 23.764978 1.076398 -55.709607
v 35.892334 4.400212 -63.734009
v 35.892334 12.424609 -67.057822
v 35.892334 20.449006 -63.734009
v 35.892334 23.772815 -55.709607
v 35.892334 20.449006 -47.685212
v 35.892334 12.424609 -44.361406
v 35.892334 4.400212 -47.685212
v 35.892334 1.076398 -55.709607
v 23.764978 12.424609 -55.709607
v 35.892334 12.424609 -55.709607
v -25.697469 4.400214 -63.734009
v -25.697469 12.424609 -67.057822
v -25.697469 20.449006 -63.734009
v -25.697469 23.772815 -55.709607
v -25.697469 20.449006 -47.685212
v -25.697469 12.424609 -44.361406
v -25.697469 4.400210 -47.685212
v -25.697469 1.076398 -55.709607
v -35.768892 4.400212 -63.734009
v -35.768892 12.424609 -67.057822
v -35.768892 20.449006 -63.734009
v -35.768892 23.772815 -55.709607
v -35.768892 20.449006 -47.685212
v -35.768892 12.424609 -44.361406
v -35.768892 4.400212 -47.685212
v -35.768892 1.076398 -55.709607
v -25.697469 12.424609 -55.709607
v -35.768892 12.424609 -55.709607
v 23.764978 4.400214 42.841325
v 23.764978 12.424609 39.517512
v 23.764978 20.449006 42.841325
v 23.764978 23.772815 50.865727
v 23.764978 20.449006 58.890122
v 23.764978 12.424609 62.213928
v 23.764978 4.400210 58.890122
v 23.764978 1.076398 50.865727
v 35.892334 4.400212 42.841325
v 35.892334 12.424609 39.517512
v 35.892334 20.449006 42.841325
v 35.892334 23.772815 50.865727
v 35.892334 20.449006 58.890122
v 35.892334 12.424609 62.213928
v 35.892334 4.400212 58.890122
v 35.892334 1.076398 50.865727
v 23.764978 12.424609 50.865727
v 35.892334 12.424609 50.865727
v -25.697469 4.400214 42.841325
v -25.697469 12.424609 39.517512
v -25.697469 20.449006 42.841325
v -25.697469 23.772815 50.865727
v -25.697469 20.449006 58.890122
v -25.697469 12.424609 62.213928
v -25.697469 4.400210 58.890122
v -25.697469 1.076398 50.865727
v -35.768892 4.400212 42.841325
v -35.768892 12.424609 39.517512
v -35.768892 20.449006 42.841325
v -35.768892 23.772815 50.865727
v -35.768892 20.449006 58.890122
v -35.768892 12.424609 62.213928
v -35.768892 4.400212 58.890122
v -35.768892 1.076398 50.865727
v -25.697469 12.424609 50.865727
v -35.768892 12.424609 50.865727
vt 0.680853 0.307887
vt 0.680853 0.298810
vt 0.694779 0.299320
vt 0.694779 0.308321
vt 0.090351 0.534908
vt 0.102162 0.528405
vt 0.095110 0.681455
vt 0.090351 0.681455
vt 0.696533 0.629379
vt 0.696533 0.645368
vt 0.680677 0.645368
vt 0.679043 0.629379
vt 0.411526 0.561195
vt 0.417556 0.557499
vt 0.422980 0.769068
vt 0.411526 0.761106
vt 0.679043 0.564063
vt 0.680853 0.359754
vt 0.694779 0.359754
vt 0.694779 0.564063
vt 0.910477 0.396563
vt 0.910477 0.380520
vt 0.967875 0.366634
vt 0.967875 0.378893
vt 0.704322 0.573542
vt 0.749267 0.528623
vt 0.749267 0.528623
vt 0.749267 0.384233
vt 0.132260 0.727045
vt 0.086331 0.727045
vt 0.132260 0.681455
vt 0.043293 0.705090
vt 0.027778 0.705090
vt 0.027778 0.662166
vt 0.044892 0.662166
vt 0.462175 0.557499
vt 0.462175 0.769068
vt 0.913666 0.709057
vt 0.899938 0.709395
vt 0.899938 0.666010
vt 0.913666 0.666010
vt 0.910477 0.335395
vt 0.967875 0.335395
vt 0.132260 0.528405
vt 0.075491 0.717424
vt 0.087737 0.799944
vt 0.077608 0.783716
vt 0.409485 0.497285
vt 0.419251 0.481641
vt 0.132260 0.799944
vt 0.462175 0.481641
vt 0.652824 0.564063
vt 0.652824 0.359754
vt 0.652824 0.314633
vt 0.652824 0.305245
vt 0.872306 0.708356
vt 0.872306 0.666010
vt 0.070546 0.705090
vt 0.070546 0.662166
vt 0.652824 0.645368
vt 0.652824 0.629379
vt 0.930150 0.443327
vt 0.915248 0.451290
vt 0.920637 0.400964
vt 0.929339 0.392156
vt 0.972065 0.443327
vt 0.972065 0.390349
vt 0.420144 0.814442
vt 0.412403 0.805256
vt 0.462175 0.816986
vt 0.680853 0.307887
vt 0.680853 0.298810
vt 0.694779 0.299320
vt 0.694779 0.308321
vt 0.090351 0.534908
vt 0.102162 0.528405
vt 0.095110 0.681455
vt 0.090351 0.681455
vt 0.696533 0.629379
vt 0.696533 0.645368
vt 0.680677 0.645368
vt 0.679043 0.629379
vt 0.411526 0.561195
vt 0.417556 0.557499
vt 0.422980 0.769068
vt 0.411526 0.761106
vt 0.679043 0.564063
vt 0.680853 0.359754
vt 0.694779 0.359754
vt 0.694779 0.564063
vt 0.910477 0.396563
vt 0.910477 0.380520
vt 0.967875 0.366634
vt 0.967875 0.378893
vt 0.704322 0.573542
vt 0.749267 0.528623
vt 0.749267 0.528623
vt 0.749267 0.384233
vt 0.132260 0.727045
vt 0.086331 0.727045
vt 0.132260 0.681455
vt 0.043293 0.705090
vt 0.027778 0.705090
vt 0.027778 0.662166
vt 0.044892 0.662166
vt 0.462175 0.557499
vt 0.462175 0.769068
vt 0.913666 0.709057
vt 0.899938 0.709395
vt 0.899938 0.666010
vt 0.913666 0.666010
vt 0.910477 0.335395
vt 0.967875 0.335395
vt 0.132260 0.528405
vt 0.075491 0.717424
vt 0.087737 0.799944
vt 0.077608 0.783716
vt 0.409485 0.497285
vt 0.419251 0.481641
vt 0.132260 0.799944
vt 0.462175 0.481641
vt 0.652824 0.564063
vt 0.652824 0.359754
vt 0.652824 0.314633
vt 0.652824 0.305245
vt 0.872306 0.708356
vt 0.872306 0.666010
vt 0.070546 0.705090
vt 0.070546 0.662166
vt 0.652824 0.645368
vt 0.652824 0.629379
vt 0.930150 0.443327
vt 0.915248 0.451290
vt 0.920637 0.400964
vt 0.929339 0.392156
vt 0.972065 0.443327
vt 0.972065 0.390349
vt 0.420144 0.814442
vt 0.412403 0.805256
vt 0.462175 0.816986
vt 0.600339 0.698857
vt 0.709798 0.698857
vt 0.709798 0.808316
vt 0.600339 0.808316
vt 0.753022 0.861004
vt 0.862481 0.861004
vt 0.862481 0.970463
vt 0.753022 0.970463
vt 0.514455 0.917775
vt 0.514455 0.808316
vt 0.623914 0.808316
vt 0.623914 0.917775
vt 0.237717 0.780814
vt 0.347176 0.780814
vt 0.347176 0.890273
vt 0.237717 0.890273
vt 0.347458 0.953231
vt 0.347458 0.843772
vt 0.456917 0.843772
vt 0.456917 0.953231
vt 0.027778 0.807994
vt 0.137237 0.807994
vt 0.137237 0.917453
vt 0.027778 0.917453
vt 0.862432 0.162501
vt 0.855165 0.190031
vt 0.816726 0.179885
vt 0.823993 0.152355
vt 0.847899 0.217561
vt 0.809460 0.207415
vt 0.840632 0.245091
vt 0.802193 0.234945
vt 0.898765 0.024852
vt 0.891498 0.052382
vt 0.853059 0.042236
vt 0.860326 0.014706
vt 0.884232 0.079912
vt 0.845792 0.069766
vt 0.876965 0.107442
vt 0.838526 0.097296
vt 0.869698 0.134971
vt 0.831259 0.124825
vt 0.889710 0.086184
vt 0.915981 0.075204
vt 0.916099 0.112405
vt 0.878897 0.112524
vt 0.889877 0.138794
vt 0.916217 0.149607
vt 0.942487 0.138627
vt 0.953300 0.112287
vt 0.942320 0.086017
vt 0.506888 0.564929
vt 0.511672 0.592997
vt 0.475399 0.584739
vt 0.495209 0.616228
vt 0.467141 0.621012
vt 0.443911 0.604549
vt 0.439126 0.576481
vt 0.455589 0.553250
vt 0.483657 0.548466
vt 0.862432 0.162501
vt 0.823993 0.152355
vt 0.816726 0.179885
vt 0.855165 0.190031
vt 0.809460 0.207415
vt 0.847899 0.217561
vt 0.802193 0.234945
vt 0.840632 0.245091
vt 0.898765 0.024852
vt 0.860326 0.014706
vt 0.853059 0.042236
vt 0.891498 0.052382
vt 0.845792 0.069766
vt 0.884232 0.079912
vt 0.838526 0.097296
vt 0.876965 0.107442
vt 0.831259 0.124825
vt 0.869698 0.134971
vt 0.889710 0.086184
vt 0.916099 0.112405
vt 0.915981 0.075204
vt 0.878897 0.112524
vt 0.889877 0.138794
vt 0.916217 0.149607
vt 0.942487 0.138627
vt 0.953300 0.112287
vt 0.942320 0.086017
vt 0.506888 0.564929
vt 0.475399 0.584739
vt 0.511672 0.592997
vt 0.495209 0.616228
vt 0.467141 0.621012
vt 0.443911 0.604549
vt 0.439126 0.576481
vt 0.455589 0.553250
vt 0.483657 0.548466
vt 0.862432 0.162501
vt 0.855165 0.190031
vt 0.816726 0.179885
vt 0.823993 0.152355
vt 0.847899 0.217561
vt 0.809460 0.207415
vt 0.840632 0.245091
vt 0.802193 0.234945
vt 0.898765 0.024852
vt 0.891498 0.052382
vt 0.853059 0.042236
vt 0.860326 0.014706
vt 0.884232 0.079912
vt 0.845792 0.069766
vt 0.876965 0.107442
vt 0.838526 0.097296
vt 0.869698 0.134971
vt 0.831259 0.124825
vt 0.889710 0.086184
vt 0.915981 0.075204
vt 0.916099 0.112405
vt 0.878897 0.112524
vt 0.889877 0.138794
vt 0.916217 0.149607
vt 0.942487 0.138627
vt 0.953300 0.112287
vt 0.942320 0.086017
vt 0.506888 0.564929
vt 0.511672 0.592997
vt 0.475399 0.584739
vt 0.495209 0.616228
vt 0.467141 0.621012
vt 0.443911 0.604549
vt 0.439126 0.576481
vt 0.455589 0.553250
vt 0.483657 0.548466
vt 0.862432 0.162501
vt 0.823993 0.152355
vt 0.816726 0.179885
vt 0.855165 0.190031
vt 0.809460 0.207415
vt 0.847899 0.217561
vt 0.802193 0.234945
vt 0.840632 0.245091
vt 0.898765 0.024852
vt 0.860326 0.014706
vt 0.853059 0.042236
vt 0.891498 0.052382
vt 0.845792 0.069766
vt 0.884232 0.079912
vt 0.838526 0.097296
vt 0.876965 0.107442
vt 0.831259 0.124825
vt 0.869698 0.134971
vt 0.889710 0.086184
vt 0.916099 0.112405
vt 0.915981 0.075204
vt 0.878897 0.112524
vt 0.889877 0.138794
vt 0.916217 0.149607
vt 0.942487 0.138627
vt 0.953300 0.112287
vt 0.942320 0.086017
vt 0.506888 0.564929
vt 0.475399 0.584739
vt 0.511672 0.592997
vt 0.495209 0.616228
vt 0.467141 0.621012
vt 0.443911 0.604549
vt 0.439126 0.576481
vt 0.455589 0.553250
vt 0.483657 0.548466
vn -0.968976 -0.101498 0.225354
vn -0.166873 -0.133466 0.976903
vn -0.044680 0.962599 0.267221
vn -0.650820 0.743652 0.153019
vn -0.912706 0.405514 0.050250
vn -0.040229 0.931662 0.361091
vn -0.036465 0.965069 -0.259446
vn -0.928464 0.370100 -0.031325
vn -0.855951 0.503574 -0.117310
vn -0.088061 0.937628 -0.336302
vn -0.241699 -0.000000 -0.970351
vn -0.990152 -0.038470 -0.134605
vn 0.000002 -1.000000 0.000000
vn -0.000000 -1.000000 0.000000
vn -0.000000 -1.000000 0.000000
vn 0.000002 -1.000000 0.000000
vn -0.994332 -0.105980 -0.008500
vn -0.992965 -0.118033 0.009404
vn -0.966189 0.250479 0.061148
vn -0.973549 0.225707 -0.035470
vn -0.066567 0.869063 0.490202
vn -0.119360 0.921669 -0.369159
vn 0.000000 0.916245 -0.400619
vn 0.000000 0.967718 -0.252037
vn -0.000000 0.947456 -0.319886
vn -0.000000 -0.000000 -1.000000
vn 0.000000 -1.000000 0.000000
vn 0.000000 -1.000000 0.000000
vn -0.000000 -0.130987 0.991384
vn -0.000000 0.965557 0.260192
vn 0.000000 0.848920 0.528521
vn 0.000000 0.950577 0.310488
vn 0.000000 -1.000000 0.000000
vn 0.000000 -1.000000 0.000000
vn 0.000000 -1.000000 0.000000
vn -0.985694 -0.168498 -0.003871
vn -0.982005 -0.188663 0.008572
vn -0.969924 -0.172572 0.171658
vn -0.181879 -0.209464 0.960752
vn 0.000000 -0.200445 0.979705
vn -0.243344 -0.000000 -0.969940
vn 0.000000 0.000000 -1.000000
vn -0.990216 -0.062883 -0.124573
vn 0.000000 -1.000000 -0.000000
vn 0.000003 -1.000000 -0.000001
vn 0.000000 -1.000000 -0.000000
vn 0.968976 -0.101498 0.225354
vn 0.650820 0.743652 0.153019
vn 0.044680 0.962599 0.267221
vn 0.166873 -0.133466 0.976903
vn 0.912706 0.405514 0.050250
vn 0.928464 0.370100 -0.031325
vn 0.036465 0.965069 -0.259446
vn 0.040229 0.931662 0.361091
vn 0.855951 0.503574 -0.117310
vn 0.990152 -0.038470 -0.134605
vn 0.241699 -0.000000 -0.970351
vn 0.088060 0.937628 -0.336302
vn -0.000002 -1.000000 0.000000
vn -0.000002 -1.000000 0.000000
vn 0.000000 -1.000000 0.000000
vn 0.000000 -1.000000 0.000000
vn 0.994332 -0.105980 -0.008500
vn 0.973549 0.225707 -0.035470
vn 0.966189 0.250479 0.061148
vn 0.992965 -0.118033 0.009404
vn 0.066567 0.869063 0.490202
vn 0.119360 0.921669 -0.369159
vn 0.000000 -1.000000 0.000000
vn 0.000000 -1.000000 0.000000
vn 0.985694 -0.168498 -0.003871
vn 0.982005 -0.188663 0.008572
vn 0.969924 -0.172572 0.171658
vn 0.181879 -0.209464 0.960752
vn 0.243344 -0.000000 -0.969940
vn 0.990216 -0.062883 -0.124573
vn -0.000003 -1.000000 -0.000001
vn -0.000000 -1.000000 -0.000000
vn 0.000000 0.000000 1.000000
vn 0.000000 0.000000 1.000000
vn 0.000000 0.000000 1.000000
vn 0.000000 0.000000 1.000000
vn 0.000000 1.000000 0.000000
vn 0.000000 1.000000 0.000000
vn 0.000000 1.000000 0.000000
vn 0.000000 1.000000 0.000000
vn 0.000000 0.000000 -1.000000
vn 0.000000 0.000000 -1.000000
vn 0.000000 0.000000 -1.000000
vn 0.000000 0.000000 -1.000000
vn 0.000000 -1.000000 0.000000
vn 0.000000 -1.000000 0.000000
vn 0.000000 -1.000000 0.000000
vn 0.000000 -1.000000 0.000000
vn 1.000000 0.000000 0.000000
vn 1.000000 0.000000 0.000000
vn 1.000000 0.000000 0.000000
vn 1.000000 0.000000 0.000000
vn -1.000000 0.000000 0.000000
vn -1.000000 0.000000 0.000000
vn -1.000000 0.000000 0.000000
vn -1.000000 0.000000 0.000000
vn -0.000000 -0.382684 -0.923880
vn -0.000000 -0.382684 -0.923880
vn -0.000000 -0.382684 -0.923880
vn -0.000000 -0.382684 -0.923880
vn 0.000000 0.382683 -0.923880
vn 0.000000 0.382683 -0.923880
vn 0.000000 0.382683 -0.923880
vn 0.000000 0.382683 -0.923880
vn 0.000000 0.923880 -0.382683
vn 0.000000 0.923880 -0.382683
vn 0.000000 0.923880 -0.382683
vn 0.000000 0.923880 -0.382683
vn 0.000000 0.923880 0.382683
vn 0.000000 0.923880 0.382683
vn 0.000000 0.923880 0.382683
vn 0.000000 0.923880 0.382683
vn 0.000000 0.382683 0.923880
vn 0.000000 0.382683 0.923880
vn 0.000000 0.382683 0.923880
vn 0.000000 0.382683 0.923880
vn 0.000000 -0.382683 0.923880
vn 0.000000 -0.382683 0.923880
vn 0.000000 -0.382683 0.923880
vn 0.000000 -0.382683 0.923880
vn 0.000000 -0.923880 0.382683
vn 0.000000 -0.923880 0.382683
vn 0.000000 -0.923880 0.382683
vn 0.000000 -0.923880 0.382683
vn -0.000000 -0.923879 -0.382684
vn -0.000000 -0.923879 -0.382684
vn -0.000000 -0.923879 -0.382684
vn -0.000000 -0.923879 -0.382684
vn -1.000000 0.000000 0.000000
vn -1.000000 0.000000 0.000000
vn -1.000000 0.000000 0.000000
vn -1.000000 0.000000 0.000000
vn -1.000000 0.000000 0.000000
vn -1.000000 0.000000 0.000000
vn -1.000000 0.000000 0.000000
vn -1.000000 0.000000 0.000000
vn -1.000000 0.000000 0.000000
vn -1.000000 0.000000 0.000000
vn -1.000000 0.000000 0.000000
vn -1.000000 0.000000 0.000000
vn -1.000000 0.000000 0.000000
vn -1.000000 0.000000 0.000000
vn -1.000000 0.000000 0.000000
vn -1.000000 0.000000 0.000000
vn -1.000000 0.000000 0.000000
vn -1.000000 0.000000 0.000000
vn -1.000000 0.000000 0.000000
vn -1.000000 0.000000 0.000000
vn -1.000000 0.000000 0.000000
vn -1.000000 0.000000 0.000000
vn -1.000000 0.000000 0.000000
vn -1.000000 0.000000 0.000000
vn 1.000000 0.000000 0.000000
vn 1.000000 0.000000 0.000000
vn 1.000000 0.000000 0.000000
vn 1.000000 0.000000 0.000000
vn 1.000000 0.000000 0.000000
vn 1.000000 0.000000 0.000000
vn 1.000000 0.000000 0.000000
vn 1.000000 0.000000 0.000000
vn 1.000000 0.000000 0.000000
vn 1.000000 0.000000 0.000000
vn 1.000000 0.000000 0.000000
vn 1.000000 0.000000 0.000000
vn 1.000000 0.000000 0.000000
vn 1.000000 0.000000 0.000000
vn 1.000000 0.000000 0.000000
vn 1.000000 0.000000 0.000000
vn 1.000000 0.000000 0.000000
vn 1.000000 0.000000 0.000000
vn 1.000000 0.000000 0.000000
vn 1.000000 0.000000 0.000000
vn 1.000000 0.000000 0.000000
vn 1.000000 0.000000 0.000000
vn 1.000000 0.000000 0.000000
vn 1.000000 0.000000 0.000000
vn 0.000000 -0.382684 -0.923880
vn 0.000000 -0.382684 -0.923880
vn 0.000000 -0.382684 -0.923880
vn 0.000000 -0.382684 -0.923880
vn 0.000000 0.382683 -0.923880
vn 0.000000 0.382683 -0.923880
vn 0.000000 0.382683 -0.923880
vn 0.000000 0.382683 -0.923880
vn 0.000000 0.923880 -0.382683
vn 0.000000 0.923880 -0.382683
vn 0.000000 0.923880 -0.382683
vn 0.000000 0.923880 -0.382683
vn 0.000000 0.923880 0.382683
vn 0.000000 0.923880 0.382683
vn 0.000000 0.923880 0.382683
vn 0.000000 0.923880 0.382683
vn 0.000000 0.382683 0.923880
vn 0.000000 0.382683 0.923880
vn 0.000000 0.382683 0.923880
vn 0.000000 0.382683 0.923880
vn 0.000000 -0.382683 0.923880
vn 0.000000 -0.382683 0.923880
vn 0.000000 -0.382683 0.923880
vn 0.000000 -0.382683 0.923880
vn -0.000000 -0.923880 0.382683
vn -0.000000 -0.923880 0.382683
vn -0.000000 -0.923880 0.382683
vn -0.000000 -0.923880 0.382683
vn 0.000000 -0.923879 -0.382684
vn 0.000000 -0.923879 -0.382684
vn 0.000000 -0.923879 -0.382684
vn 0.000000 -0.923879 -0.382684
vn 1.000000 0.000000 0.000000
vn 1.000000 0.000000 0.000000
vn 1.000000 0.000000 0.000000
vn 1.000000 0.000000 0.000000
vn 1.000000 0.000000 0.000000
vn 1.000000 0.000000 0.000000
vn 1.000000 0.000000 0.000000
vn 1.000000 0.000000 0.000000
vn 1.000000 0.000000 0.000000
vn 1.000000 0.000000 0.000000
vn 1.000000 0.000000 0.000000
vn 1.000000 0.000000 0.000000
vn 1.000000 0.000000 0.000000
vn 1.000000 0.000000 0.000000
vn 1.000000 0.000000 0.000000
vn 1.000000 0.000000 0.000000
vn 1.000000 0.000000 0.000000
vn 1.000000 0.000000 0.000000
vn 1.000000 0.000000 0.000000
vn 1.000000 0.000000 0.000000
vn 1.000000 0.000000 0.000000
vn 1.000000 0.000000 0.000000
vn 1.000000 0.000000 0.000000
vn 1.000000 0.000000 0.000000
vn -1.000000 0.000000 0.000000
vn -1.000000 0.000000 0.000000
vn -1.000000 0.000000 0.000000
vn -1.000000 0.000000 0.000000
vn -1.000000 0.000000 0.000000
vn -1.000000 0.000000 0.000000
vn -1.000000 0.000000 0.000000
vn -1.000000 0.000000 0.000000
vn -1.000000 0.000000 0.000000
vn -1.000000 0.000000 0.000000
vn -1.000000 0.000000 0.000000
vn -1.000000 0.000000 0.000000
vn -1.000000 0.000000 0.000000
vn -1.000000 0.000000 0.000000
vn -1.000000 0.000000 0.000000
vn -1.000000 0.000000 0.000000
vn -1.000000 0.000000 0.000000
vn -1.000000 0.000000 0.000000
vn -1.000000 0.000000 0.000000
vn -1.000000 0.000000 0.000000
vn -1.000000 0.000000 0.000000
vn -1.000000 0.000000 0.000000
vn -1.000000 0.000000 0.000000
vn -1.000000 0.000000 0.000000
vn -0.000000 -0.382684 -0.923880
vn -0.000000 -0.382684 -0.923880
vn -0.000000 -0.382684 -0.923880
vn -0.000000 -0.382684 -0.923880
vn 0.000000 0.382683 -0.923880
vn 0.000000 0.382683 -0.923880
vn 0.000000 0.382683 -0.923880
vn 0.000000 0.382683 -0.923880
vn 0.000000 0.923880 -0.382683
vn 0.000000 0.923880 -0.382683
vn 0.000000 0.923880 -0.382683
vn 0.000000 0.923880 -0.382683
vn 0.000000 0.923880 0.382683
vn 0.000000 0.923880 0.382683
vn 0.000000 0.923880 0.382683
vn 0.000000 0.923880 0.382683
vn 0.000000 0.382683 0.923880
vn 0.000000 0.382683 0.923880
vn 0.000000 0.382683 0.923880
vn 0.000000 0.382683 0.923880
vn 0.000000 -0.382683 0.923880
vn 0.000000 -0.382683 0.923880
vn 0.000000 -0.382683 0.923880
vn 0.000000 -0.382683 0.923880
vn 0.000000 -0.923880 0.382683
vn 0.000000 -0.923880 0.382683
vn 0.000000 -0.923880 0.382683
vn 0.000000 -0.923880 0.382683
vn -0.000000 -0.923879 -0.382684
vn -0.000000 -0.923879 -0.382684
vn -0.000000 -0.923879 -0.382684
vn -0.000000 -0.923879 -0.382684
vn -1.000000 0.000000 0.000000
vn -1.000000 0.000000 0.000000
vn -1.000000 0.000000 0.000000
vn -1.000000 0.000000 0.000000
vn -1.000000 0.000000 0.000000
vn -1.000000 0.000000 0.000000
vn -1.000000 0.000000 0.000000
vn -1.000000 0.000000 0.000000
vn -1.000000 0.000000 0.000000
vn -1.000000 0.000000 0.000000
vn -1.000000 0.000000 0.000000
vn -1.000000 0.000000 0.000000
vn -1.000000 0.000000 0.000000
vn -1.000000 0.000000 0.000000
vn -1.000000 0.000000 0.000000
vn -1.000000 0.000000 0.000000
vn -1.000000 0.000000 0.000000
vn -1.000000 0.000000 0.000000
vn -1.000000 0.000000 0.000000
vn -1.000000 0.000000 0.000000
vn -1.000000 0.000000 0.000000
vn -1.000000 0.000000 0.000000
vn -1.000000 0.000000 0.000000
vn -1.000000 0.000000 0.000000
vn 1.000000 0.000000 0.000000
vn 1.000000 0.000000 0.000000
vn 1.000000 0.000000 0.000000
vn 1.000000 0.000000 0.000000
vn 1.000000 0.000000 0.000000
vn 1.000000 0.000000 0.000000
vn 1.000000 0.000000 0.000000
vn 1.000000 0.000000 0.000000
vn 1.000000 0.000000 0.000000
vn 1.000000 0.000000 0.000000
vn 1.000000 0.000000 0.000000
vn 1.000000 0.000000 0.000000
vn 1.000000 0.000000 0.000000
vn 1.000000 0.000000 0.000000
vn 1.000000 0.000000 0.000000
vn 1.000000 0.000000 0.000000
vn 1.000000 0.000000 0.000000
vn 1.000000 0.000000 0.000000
vn 1.000000 0.000000 0.000000
vn 1.000000 0.000000 0.000000
vn 1.000000 0.000000 0.000000
vn 1.000000 0.000000 0.000000
vn 1.000000 0.000000 0.000000
vn 1.000000 0.000000 0.000000
vn 0.000000 -0.382684 -0.923880
vn 0.000000 -0.382684 -0.923880
vn 0.000000 -0.382684 -0.923880
vn 0.000000 -0.382684 -0.923880
vn 0.000000 0.382683 -0.923880
vn 0.000000 0.382683 -0.923880
vn 0.000000 0.382683 -0.923880
vn 0.000000 0.382683 -0.923880
vn 0.000000 0.923880 -0.382683
vn 0.000000 0.923880 -0.382683
vn 0.000000 0.923880 -0.382683
vn 0.000000 0.923880 -0.382683
vn 0.000000 0.923880 0.382683
vn 0.000000 0.923880 0.382683
vn 0.000000 0.923880 0.382683
vn 0.000000 0.923880 0.382683
vn 0.000000 0.382683 0.923880
vn 0.000000 0.382683 0.923880
vn 0.000000 0.382683 0.923880
vn 0.000000 0.382683 0.923880
vn 0.000000 -0.382683 0.923880
vn 0.000000 -0.382683 0.923880
vn 0.000000 -0.382683 0.923880
vn 0.000000 -0.382683 0.923880
vn -0.000000 -0.923880 0.382683
vn -0.000000 -0.923880 0.382683
vn -0.000000 -0.923880 0.382683
vn -0.000000 -0.923880 0.382683
vn 0.000000 -0.923879 -0.382684
vn 0.000000 -0.923879 -0.382684
vn 0.000000 -0.923879 -0.382684
vn 0.000000 -0.923879 -0.382684
vn 1.000000 0.000000 0.000000
vn 1.000000 0.000000 0.000000
vn 1.000000 0.000000 0.000000
vn 1.000000 0.000000 0.000000
vn 1.000000 0.000000 0.000000
vn 1.000000 0.000000 0.000000
vn 1.000000 0.000000 0.000000
vn 1.000000 0.000000 0.000000
vn 1.000000 0.000000 0.000000
vn 1.000000 0.000000 0.000000
vn 1.000000 0.000000 0.000000
vn 1.000000 0.000000 0.000000
vn 1.000000 0.000000 0.000000
vn 1.000000 0.000000 0.000000
vn 1.000000 0.000000 0.000000
vn 1.000000 0.000000 0.000000
vn 1.000000 0.000000 0.000000
vn 1.000000 0.000000 0.000000
vn 1.000000 0.000000 0.000000
vn 1.000000 0.000000 0.000000
vn 1.000000 0.000000 0.000000
vn 1.000000 0.000000 0.000000
vn 1.000000 0.000000 0.000000
vn 1.000000 0.000000 0.000000
vn -1.000000 0.000000 0.000000
vn -1.000000 0.000000 0.000000
vn -1.000000 0.000000 0.000000
vn -1.000000 0.000000 0.000000
vn -1.000000 0.000000 0.000000
vn -1.000000 0.000000 0.000000
vn -1.000000 0.000000 0.000000
vn -1.000000 0.000000 0.000000
vn -1.000000 0.000000 0.000000
vn -1.000000 0.000000 0.000000
vn -1.000000 0.000000 0.000000
vn -1.000000 0.000000 0.000000
vn -1.000000 0.000000 0.000000
vn -1.000000 0.000000 0.000000
vn -1.000000 0.000000 0.000000
vn -1.000000 0.000000 0.000000
vn -1.000000 0.000000 0.000000
vn -1.000000 0.000000 0.000000
vn -1.000000 0.000000 0.000000
vn -1.000000 0.000000 0.000000
vn -1.000000 0.000000 0.000000
vn -1.000000 0.000000 0.000000
vn -1.000000 0.000000 0.000000
vn -1.000000 0.000000 0.000000
s 1
g taxi
usemtl initialShadingGroup
f 719/1401/1899 720/1402/1900 721/1403/1901 722/1404/1902
f 694/1405/1903 707/1406/1904 702/1407/1905 695/1408/1906
f 708/1409/1907 709/1410/1908 717/1411/1909 718/1412/1910
s 4
f 693/1413/1911 704/1414/1912 705/1415/1913 690/1416/1914
s 1
f 714/1417/1915 715/1418/1916 691/1419/1917 692/1420/1918
f 691/1421/1917 706/1422/1919 707/1423/1904 694/1424/1903
f 703/1425/1920 692/1420/1918 695/1426/1906 702/1427/1905
f 692/1420/1918 691/1419/1917 694/1428/1903 695/1426/1906
f 697/1429/1921 703/1430/1920 702/1407/1905 696/1431/1922
f 717/1432/1909 709/1433/1908 712/1434/1923 716/1435/1924
s 4
f 705/1415/1913 704/1414/1912 698/1436/1925 699/1437/1926
s 1
f 721/1438/1901 720/1439/1900 723/1440/1927 724/1441/1928
f 707/1423/1904 706/1422/1919 700/1442/1929 701/1443/1930
f 702/1407/1905 707/1406/1904 701/1444/1930 696/1431/1922
f 692/1445/1918 703/1430/1920 709/1446/1908 708/1447/1907
s 4
f 704/1414/1912 693/1413/1911 711/1448/1931 710/1449/1932
s 1
f 718/1412/1910 714/1417/1915 692/1420/1918 708/1409/1907
f 703/1430/1920 697/1429/1921 712/1450/1923 709/1446/1908
s 4
f 698/1436/1925 704/1414/1912 710/1449/1932 713/1451/1933
s 1
f 693/1452/1934 690/1453/1935 715/1418/1916 714/1417/1915
f 725/1454/1936 726/1455/1937 720/1402/1900 719/1401/1899
f 723/1440/1927 720/1439/1900 726/1456/1937 727/1457/1938
f 710/1458/1939 717/1432/1909 716/1435/1924 713/1459/1940
f 718/1412/1910 717/1411/1909 710/1460/1939 711/1461/1941
f 693/1452/1934 714/1417/1915 718/1412/1910 711/1461/1941
f 706/1462/1919 691/1463/1917 722/1464/1902 721/1465/1901
f 691/1419/1917 715/1418/1916 719/1401/1899 722/1404/1902
f 700/1466/1929 706/1462/1919 721/1465/1901 724/1467/1928
s 4
f 690/1416/1914 705/1415/1913 726/1468/1942 725/1469/1943
s 1
f 715/1418/1916 690/1453/1935 725/1454/1936 719/1401/1899
s 4
f 705/1415/1913 699/1437/1926 727/1470/1944 726/1468/1942
s 1
f 748/1471/1945 751/1474/1946 750/1473/1947 749/1472/1948
f 732/1475/1949 733/1478/1950 734/1477/1951 739/1476/1952
f 740/1479/1953 747/1482/1954 746/1481/1955 741/1480/1956
s 4
f 731/1483/1957 728/1486/1958 737/1485/1959 736/1484/1960
s 1
f 744/1487/1961 730/1490/1962 729/1489/1963 745/1488/1964
f 729/1491/1963 732/1494/1949 739/1493/1952 738/1492/1965
f 735/1495/1966 734/1497/1951 733/1496/1950 730/1490/1962
f 730/1490/1962 733/1496/1950 732/1498/1949 729/1489/1963
f 697/1499/1921 696/1501/1922 734/1477/1951 735/1500/1966
f 746/1502/1955 716/1505/1924 712/1504/1923 741/1503/1956
s 4
f 737/1485/1959 699/1507/1926 698/1506/1925 736/1484/1960
s 1
f 750/1508/1947 724/1511/1928 723/1510/1927 749/1509/1948
f 739/1493/1952 701/1513/1930 700/1512/1929 738/1492/1965
f 734/1477/1951 696/1501/1922 701/1514/1930 739/1476/1952
f 730/1515/1962 740/1517/1953 741/1516/1956 735/1500/1966
s 4
f 736/1484/1960 742/1519/1967 743/1518/1968 731/1483/1957
s 1
f 747/1482/1954 740/1479/1953 730/1490/1962 744/1487/1961
f 735/1500/1966 741/1516/1956 712/1520/1923 697/1499/1921
s 4
f 698/1506/1925 713/1521/1933 742/1519/1967 736/1484/1960
s 1
f 731/1522/1969 744/1487/1961 745/1488/1964 728/1523/1970
f 752/1524/1971 748/1471/1945 749/1472/1948 753/1525/1972
f 723/1510/1927 727/1527/1938 753/1526/1972 749/1509/1948
f 742/1528/1973 713/1529/1940 716/1505/1924 746/1502/1955
f 747/1482/1954 743/1531/1974 742/1530/1973 746/1481/1955
f 731/1522/1969 743/1531/1974 747/1482/1954 744/1487/1961
f 738/1532/1965 750/1535/1947 751/1534/1946 729/1533/1963
f 729/1489/1963 751/1474/1946 748/1471/1945 745/1488/1964
f 700/1536/1929 724/1537/1928 750/1535/1947 738/1532/1965
s 4
f 728/1486/1958 752/1539/1975 753/1538/1976 737/1485/1959
s 1
f 745/1488/1964 748/1471/1945 752/1524/1971 728/1523/1970
s 4
f 737/1485/1959 753/1538/1976 727/1540/1944 699/1507/1926
s off
f 754/1541/1977 755/1542/1978 757/1543/1979 756/1544/1980
f 756/1545/1981 757/1546/1982 759/1547/1983 758/1548/1984
f 758/1549/1985 759/1550/1986 761/1551/1987 760/1552/1988
f 760/1553/1989 761/1554/1990 755/1555/1991 754/1556/1992
f 755/1557/1993 761/1558/1994 759/1559/1995 757/1560/1996
f 760/1561/1997 754/1562/1998 756/1563/1999 758/1564/2000
usemtl polySurface8SG
f 762/1565/2001 763/1566/2002 771/1567/2003 770/1568/2004
f 763/1566/2005 764/1569/2006 772/1570/2007 771/1567/2008
f 764/1569/2009 765/1571/2010 773/1572/2011 772/1570/2012
f 765/1573/2013 766/1574/2014 774/1575/2015 773/1576/2016
f 766/1574/2017 767/1577/2018 775/1578/2019 774/1575/2020
f 767/1577/2021 768/1579/2022 776/1580/2023 775/1578/2024
f 768/1579/2025 769/1581/2026 777/1582/2027 776/1580/2028
f 769/1581/2029 762/1565/2030 770/1568/2031 777/1582/2032
f 763/1583/2033 762/1584/2034 778/1585/2035
f 764/1586/2036 763/1583/2037 778/1585/2038
f 765/1587/2039 764/1586/2040 778/1585/2041
f 766/1588/2042 765/1587/2043 778/1585/2044
f 767/1589/2045 766/1588/2046 778/1585/2047
f 768/1590/2048 767/1589/2049 778/1585/2050
f 769/1591/2051 768/1590/2052 778/1585/2053
f 762/1584/2054 769/1591/2055 778/1585/2056
f 770/1592/2057 771/1593/2058 779/1594/2059
f 771/1593/2060 772/1595/2061 779/1594/2062
f 772/1595/2063 773/1596/2064 779/1594/2065
f 773/1596/2066 774/1597/2067 779/1594/2068
f 774/1597/2069 775/1598/2070 779/1594/2071
f 775/1598/2072 776/1599/2073 779/1594/2074
f 776/1599/2075 777/1600/2076 779/1594/2077
f 777/1600/2078 770/1592/2079 779/1594/2080
f 780/1601/2081 788/1602/2082 789/1603/2083 781/1604/2084
f 781/1604/2085 789/1603/2086 790/1605/2087 782/1606/2088
f 782/1606/2089 790/1605/2090 791/1607/2091 783/1608/2092
f 783/1609/2093 791/1610/2094 792/1611/2095 784/1612/2096
f 784/1612/2097 792/1611/2098 793/1613/2099 785/1614/2100
f 785/1614/2101 793/1613/2102 794/1615/2103 786/1616/2104
f 786/1616/2105 794/1615/2106 795/1617/2107 787/1618/2108
f 787/1618/2109 795/1617/2110 788/1602/2111 780/1601/2112
f 781/1619/2113 796/1620/2114 780/1621/2115
f 782/1622/2116 796/1620/2117 781/1619/2118
f 783/1623/2119 796/1620/2120 782/1622/2121
f 784/1624/2122 796/1620/2123 783/1623/2124
f 785/1625/2125 796/1620/2126 784/1624/2127
f 786/1626/2128 796/1620/2129 785/1625/2130
f 787/1627/2131 796/1620/2132 786/1626/2133
f 780/1621/2134 796/1620/2135 787/1627/2136
f 788/1628/2137 797/1629/2138 789/1630/2139
f 789/1630/2140 797/1629/2141 790/1631/2142
f 790/1631/2143 797/1629/2144 791/1632/2145
f 791/1632/2146 797/1629/2147 792/1633/2148
f 792/1633/2149 797/1629/2150 793/1634/2151
f 793/1634/2152 797/1629/2153 794/1635/2154
f 794/1635/2155 797/1629/2156 795/1636/2157
f 795/1636/2158 797/1629/2159 788/1628/2160
f 798/1637/2161 799/1638/2162 807/1639/2163 806/1640/2164
f 799/1638/2165 800/1641/2166 808/1642/2167 807/1639/2168
f 800/1641/2169 801/1643/2170 809/1644/2171 808/1642/2172
f 801/1645/2173 802/1646/2174 810/1647/2175 809/1648/2176
f 802/1646/2177 803/1649/2178 811/1650/2179 810/1647/2180
f 803/1649/2181 804/1651/2182 812/1652/2183 811/1650/2184
f 804/1651/2185 805/1653/2186 813/1654/2187 812/1652/2188
f 805/1653/2189 798/1637/2190 806/1640/2191 813/1654/2192
f 799/1655/2193 798/1656/2194 814/1657/2195
f 800/1658/2196 799/1655/2197 814/1657/2198
f 801/1659/2199 800/1658/2200 814/1657/2201
f 802/1660/2202 801/1659/2203 814/1657/2204
f 803/1661/2205 802/1660/2206 814/1657/2207
f 804/1662/2208 803/1661/2209 814/1657/2210
f 805/1663/2211 804/1662/2212 814/1657/2213
f 798/1656/2214 805/1663/2215 814/1657/2216
f 806/1664/2217 807/1665/2218 815/1666/2219
f 807/1665/2220 808/1667/2221 815/1666/2222
f 808/1667/2223 809/1668/2224 815/1666/2225
f 809/1668/2226 810/1669/2227 815/1666/2228
f 810/1669/2229 811/1670/2230 815/1666/2231
f 811/1670/2232 812/1671/2233 815/1666/2234
f 812/1671/2235 813/1672/2236 815/1666/2237
f 813/1672/2238 806/1664/2239 815/1666/2240
f 816/1673/2241 824/1674/2242 825/1675/2243 817/1676/2244
f 817/1676/2245 825/1675/2246 826/1677/2247 818/1678/2248
f 818/1678/2249 826/1677/2250 827/1679/2251 819/1680/2252
f 819/1681/2253 827/1682/2254 828/1683/2255 820/1684/2256
f 820/1684/2257 828/1683/2258 829/1685/2259 821/1686/2260
f 821/1686/2261 829/1685/2262 830/1687/2263 822/1688/2264
f 822/1688/2265 830/1687/2266 831/1689/2267 823/1690/2268
f 823/1690/2269 831/1689/2270 824/1674/2271 816/1673/2272
f 817/1691/2273 832/1692/2274 816/1693/2275
f 818/1694/2276 832/1692/2277 817/1691/2278
f 819/1695/2279 832/1692/2280 818/1694/2281
f 820/1696/2282 832/1692/2283 819/1695/2284
f 821/1697/2285 832/1692/2286 820/1696/2287
f 822/1698/2288 832/1692/2289 821/1697/2290
f 823/1699/2291 832/1692/2292 822/1698/2293
f 816/1693/2294 832/1692/2295 823/1699/2296
f 824/1700/2297 833/1701/2298 825/1702/2299
f 825/1702/2300 833/1701/2301 826/1703/2302
f 826/1703/2303 833/1701/2304 827/1704/2305
f 827/1704/2306 833/1701/2307 828/1705/2308
f 828/1705/2309 833/1701/2310 829/1706/2311
f 829/1706/2312 833/1701/2313 830/1707/2314
f 830/1707/2315 833/1701/2316 831/1708/2317
f 831/1708/2318 833/1701/2319 824/1700/2320
g default
v -13.610787 58.449887 2.463119
v 15.065404 58.449887 2.463119
v -13.610787 61.267777 2.463119
v 15.065404 61.267777 2.463119
v -13.610787 61.267777 -7.381064
v 15.065404 61.267777 -7.381064
v -13.610787 58.449887 -7.381064
v 15.065404 58.449887 -7.381064
v -12.693902 59.822510 1.465016
v 0.132988 59.822510 1.465016
v -12.693902 66.491600 1.465016
v 0.132988 66.491600 1.465016
v -12.693902 66.491600 -7.150463
v 0.132988 66.491600 -7.150463
v -12.693902 59.822510 -7.150463
v 0.132988 59.822510 -7.150463
v -32.339750 7.937355 65.417766
v -36.381749 34.928382 65.417766
v -35.014006 34.928382 -39.746164
v -32.339750 7.937355 -39.746164
v -25.625857 57.579541 52.817882
v -25.625857 57.579541 -21.504288
v -22.619097 57.579541 -21.504288
v -28.165464 39.840472 -44.625292
v -28.388030 7.937355 -41.690901
v -24.833448 7.937375 69.606567
v -26.615983 34.928382 69.606589
v -18.163651 57.579541 56.116193
v -35.014006 34.928382 -80.191163
v -26.166375 36.734406 -95.079153
v -28.388030 7.937355 -90.249373
v -32.339750 7.937355 -75.574380
v -35.014006 21.432871 -39.746164
v -36.591273 22.364782 65.417766
v -27.556962 22.273817 -96.375384
v -35.014006 21.432871 -80.191163
v -33.117607 22.364785 91.043916
v -27.367783 22.364782 95.715922
v -27.147743 34.928382 95.453821
v -32.850011 34.928382 90.820478
v -31.764883 7.937348 87.571430
v -26.691792 7.937355 92.403923
v 0.000000 57.579541 -21.504288
v 0.000000 39.840472 -44.625292
v 0.000000 7.937355 -41.690901
v 0.000000 7.937355 69.606567
v 0.000000 34.928382 69.606589
v 0.000000 57.579541 56.116193
v 0.000000 34.985362 -96.017908
v 0.000000 7.937355 -90.249373
v 0.000000 21.458104 -96.058311
v 0.000000 22.364782 96.296933
v 0.000000 34.928375 96.375384
v 0.000000 7.937361 93.701132
v 32.339750 7.937355 65.417766
v 36.381749 34.928382 65.417766
v 35.014006 34.928382 -39.746164
v 32.339750 7.937355 -39.746164
v 25.625857 57.579541 52.817882
v 25.625857 57.579541 -21.504288
v 22.619097 57.579541 -21.504288
v 28.165464 39.840472 -44.625292
v 28.388030 7.937355 -41.690901
v 24.833448 7.937375 69.606567
v 26.615983 34.928382 69.606589
v 18.163651 57.579541 56.116193
v 35.014006 34.928382 -80.191163
v 26.166375 36.734406 -95.079153
v 28.388030 7.937355 -90.249373
v 32.339750 7.937355 -75.574380
v 35.014006 21.432871 -39.746164
v 36.591273 22.364782 65.417766
v 27.556962 22.273817 -96.375384
v 35.014006 21.432871 -80.191163
v 33.117607 22.364785 91.043916
v 27.367783 22.364782 95.715922
v 27.147743 34.928382 95.453821
v 32.850011 34.928382 90.820478
v 31.764883 7.937348 87.571430
v 26.691792 7.937355 92.403923
v 0.000000 57.579541 -21.504288
v 0.000000 39.840472 -44.625292
v 0.000000 7.937355 -41.690901
v 0.000000 7.937355 69.606567
v 0.000000 34.928382 69.606589
v 0.000000 57.579541 56.116193
v 0.000000 34.985362 -96.017908
v 0.000000 7.937355 -90.249373
v 0.000000 21.458104 -96.058311
v 0.000000 22.364782 96.296933
v 0.000000 34.928375 96.375384
v 0.000000 7.937361 93.701132
v 0.151947 59.714343 1.577195
v 13.342999 59.714343 1.577195
v 0.151947 66.383426 1.577195
v 13.342999 66.383426 1.577195
v 0.151947 66.383426 -7.049891
v 13.342999 66.383426 -7.049891
v 0.151947 59.714343 -7.049891
v 13.342999 59.714343 -7.049891
v 24.546550 3.352093 -57.975533
v 24.546550 11.661976 -61.417603
v 24.546550 19.971860 -57.975533
v 24.546550 23.413922 -49.665647
v 24.546550 19.971860 -41.355768
v 24.546550 11.661976 -37.913705
v 24.546550 3.352089 -41.355768
v 24.546550 -0.089976 -49.665647
v 37.105378 3.352091 -57.975533
v 37.105378 11.661976 -61.417603
v 37.105378 19.971860 -57.975533
v 37.105378 23.413922 -49.665647
v 37.105378 19.971860 -41.355768
v 37.105378 11.661976 -37.913705
v 37.105378 3.352091 -41.355768
v 37.105378 -0.089976 -49.665647
v 24.546550 11.661976 -49.665647
v 37.105378 11.661976 -49.665647
v -26.675634 3.352093 -57.975533
v -26.675634 11.661976 -61.417603
v -26.675634 19.971860 -57.975533
v -26.675634 23.413922 -49.665647
v -26.675634 19.971860 -41.355768
v -26.675634 11.661976 -37.913705
v -26.675634 3.352089 -41.355768
v -26.675634 -0.089976 -49.665647
v -37.105378 3.352091 -57.975533
v -37.105378 11.661976 -61.417603
v -37.105378 19.971860 -57.975533
v -37.105378 23.413922 -49.665647
v -37.105378 19.971860 -41.355768
v -37.105378 11.661976 -37.913705
v -37.105378 3.352091 -41.355768
v -37.105378 -0.089976 -49.665647
v -26.675634 11.661976 -49.665647
v -37.105378 11.661976 -49.665647
v 24.546550 3.352093 52.391470
v 24.546550 11.661976 48.949404
v 24.546550 19.971860 52.391470
v 24.546550 23.413922 60.701360
v 24.546550 19.971860 69.011242
v 24.546550 11.661976 72.453299
v 24.546550 3.352089 69.011242
v 24.546550 -0.089976 60.701360
v 37.105378 3.352091 52.391470
v 37.105378 11.661976 48.949404
v 37.105378 19.971860 52.391470
v 37.105378 23.413922 60.701360
v 37.105378 19.971860 69.011242
v 37.105378 11.661976 72.453299
v 37.105378 3.352091 69.011242
v 37.105378 -0.089976 60.701360
v 24.546550 11.661976 60.701360
v 37.105378 11.661976 60.701360
v -26.675634 3.352093 52.391470
v -26.675634 11.661976 48.949404
v -26.675634 19.971860 52.391470
v -26.675634 23.413922 60.701360
v -26.675634 19.971860 69.011242
v -26.675634 11.661976 72.453299
v -26.675634 3.352089 69.011242
v -26.675634 -0.089976 60.701360
v -37.105378 3.352091 52.391470
v -37.105378 11.661976 48.949404
v -37.105378 19.971860 52.391470
v -37.105378 23.413922 60.701360
v -37.105378 19.971860 69.011242
v -37.105378 11.661976 72.453299
v -37.105378 3.352091 69.011242
v -37.105378 -0.089976 60.701360
v -26.675634 11.661976 60.701360
v -37.105378 11.661976 60.701360
vt 0.466742 0.052840
vt 0.466742 0.027765
vt 0.472098 0.027765
vt 0.472098 0.052840
vt 0.953419 0.284371
vt 0.953419 0.259296
vt 0.972132 0.259296
vt 0.972132 0.284371
vt 0.586025 0.052840
vt 0.586025 0.027765
vt 0.591382 0.027765
vt 0.591382 0.052840
vt 0.953419 0.259296
vt 0.953419 0.234220
vt 0.972132 0.234220
vt 0.972132 0.259296
vt 0.748251 0.046478
vt 0.748251 0.027765
vt 0.753608 0.027765
vt 0.753608 0.046478
vt 0.562169 0.052840
vt 0.562169 0.027765
vt 0.574846 0.027765
vt 0.574846 0.052840
vt 0.943876 0.309446
vt 0.943876 0.284371
vt 0.962590 0.284371
vt 0.962590 0.309446
vt 0.652824 0.088569
vt 0.652824 0.063494
vt 0.665502 0.063494
vt 0.665502 0.088569
vt 0.943876 0.334522
vt 0.943876 0.309446
vt 0.962590 0.309446
vt 0.962590 0.334522
vt 0.676681 0.102308
vt 0.676681 0.083594
vt 0.689358 0.083594
vt 0.689358 0.102308
vt 0.623869 0.036928
vt 0.623869 0.027764
vt 0.648513 0.028278
vt 0.648513 0.037366
vt 0.774529 0.114916
vt 0.789449 0.108321
vt 0.780541 0.263522
vt 0.774529 0.263522
vt 0.648513 0.372819
vt 0.652056 0.402023
vt 0.623690 0.404566
vt 0.622041 0.372819
vt 0.753022 0.508303
vt 0.760534 0.504606
vt 0.767291 0.716176
vt 0.753022 0.708213
vt 0.622041 0.293483
vt 0.623869 0.087196
vt 0.648513 0.087196
vt 0.648513 0.293483
vt 0.753022 0.089722
vt 0.772549 0.081347
vt 0.658148 0.303054
vt 0.692945 0.257700
vt 0.692945 0.257700
vt 0.692945 0.111911
vt 0.108375 0.082994
vt 0.080263 0.080291
vt 0.083663 0.029422
vt 0.109960 0.029422
vt 0.814498 0.504606
vt 0.814498 0.716176
vt 0.933460 0.611181
vt 0.909436 0.611601
vt 0.909436 0.559270
vt 0.933460 0.559270
vt 0.825767 0.081347
vt 0.825767 0.108321
vt 0.825767 0.263522
vt 0.755757 0.299996
vt 0.769451 0.309752
vt 0.773448 0.410634
vt 0.755757 0.380866
vt 0.753022 0.440196
vt 0.760534 0.412299
vt 0.825767 0.309752
vt 0.825767 0.412511
vt 0.595568 0.293483
vt 0.595568 0.087196
vt 0.595568 0.043740
vt 0.595568 0.034260
vt 0.136245 0.084610
vt 0.136245 0.029422
vt 0.595568 0.392549
vt 0.595568 0.363763
vt 0.760084 0.038930
vt 0.771486 0.029665
vt 0.763759 0.759512
vt 0.754115 0.750326
vt 0.814498 0.761978
vt 0.814498 0.412299
vt 0.881849 0.559270
vt 0.881849 0.610309
vt 0.825767 0.027823
vt 0.623869 0.036928
vt 0.648513 0.037366
vt 0.648513 0.028278
vt 0.623869 0.027764
vt 0.774529 0.114916
vt 0.774529 0.263522
vt 0.780541 0.263522
vt 0.789449 0.108321
vt 0.648513 0.372819
vt 0.622041 0.372819
vt 0.623690 0.404566
vt 0.652056 0.402023
vt 0.753022 0.508303
vt 0.753022 0.708213
vt 0.767291 0.716176
vt 0.760534 0.504606
vt 0.622041 0.293483
vt 0.648513 0.293483
vt 0.648513 0.087196
vt 0.623869 0.087196
vt 0.753022 0.089722
vt 0.772549 0.081347
vt 0.658148 0.303054
vt 0.692945 0.257700
vt 0.692945 0.257700
vt 0.692945 0.111911
vt 0.108375 0.082994
vt 0.109960 0.029422
vt 0.083663 0.029422
vt 0.080263 0.080291
vt 0.814498 0.716176
vt 0.814498 0.504606
vt 0.933460 0.611181
vt 0.933460 0.559270
vt 0.909436 0.559270
vt 0.909436 0.611601
vt 0.825767 0.108321
vt 0.825767 0.081347
vt 0.825767 0.263522
vt 0.755757 0.299996
vt 0.755757 0.380866
vt 0.773448 0.410634
vt 0.769451 0.309752
vt 0.760534 0.412299
vt 0.753022 0.440196
vt 0.825767 0.412511
vt 0.825767 0.309752
vt 0.595568 0.293483
vt 0.595568 0.087196
vt 0.595568 0.043740
vt 0.595568 0.034260
vt 0.136245 0.084610
vt 0.136245 0.029422
vt 0.595568 0.363763
vt 0.595568 0.392549
vt 0.771486 0.029665
vt 0.760084 0.038930
vt 0.754115 0.750326
vt 0.763759 0.759512
vt 0.814498 0.761978
vt 0.814498 0.412299
vt 0.881849 0.559270
vt 0.881849 0.610309
vt 0.825767 0.027823
vt 0.466742 0.281640
vt 0.466742 0.256565
vt 0.479419 0.256565
vt 0.479419 0.281640
vt 0.753022 0.295156
vt 0.753022 0.270081
vt 0.771736 0.270081
vt 0.771736 0.295156
vt 0.581254 0.162300
vt 0.581254 0.137224
vt 0.593931 0.137224
vt 0.593931 0.162300
vt 0.576483 0.318436
vt 0.576483 0.293361
vt 0.595196 0.293361
vt 0.595196 0.318436
vt 0.113662 0.102846
vt 0.113662 0.084133
vt 0.126339 0.084133
vt 0.126339 0.102846
vt 0.862432 0.162501
vt 0.855165 0.190031
vt 0.816726 0.179885
vt 0.823993 0.152355
vt 0.847899 0.217561
vt 0.809460 0.207415
vt 0.840632 0.245091
vt 0.802193 0.234945
vt 0.898765 0.024852
vt 0.891498 0.052382
vt 0.853059 0.042236
vt 0.860326 0.014706
vt 0.884232 0.079912
vt 0.845792 0.069766
vt 0.876965 0.107442
vt 0.838526 0.097296
vt 0.869698 0.134971
vt 0.831259 0.124825
vt 0.889710 0.086184
vt 0.915981 0.075204
vt 0.916099 0.112405
vt 0.878897 0.112524
vt 0.889877 0.138794
vt 0.916217 0.149607
vt 0.942487 0.138627
vt 0.953300 0.112287
vt 0.942320 0.086017
vt 0.506888 0.564929
vt 0.511672 0.592997
vt 0.475399 0.584739
vt 0.495209 0.616228
vt 0.467141 0.621012
vt 0.443911 0.604549
vt 0.439126 0.576481
vt 0.455589 0.553250
vt 0.483657 0.548466
vt 0.862432 0.162501
vt 0.823993 0.152355
vt 0.816726 0.179885
vt 0.855165 0.190031
vt 0.809460 0.207415
vt 0.847899 0.217561
vt 0.802193 0.234945
vt 0.840632 0.245091
vt 0.898765 0.024852
vt 0.860326 0.014706
vt 0.853059 0.042236
vt 0.891498 0.052382
vt 0.845792 0.069766
vt 0.884232 0.079912
vt 0.838526 0.097296
vt 0.876965 0.107442
vt 0.831259 0.124825
vt 0.869698 0.134971
vt 0.889710 0.086184
vt 0.916099 0.112405
vt 0.915981 0.075204
vt 0.878897 0.112524
vt 0.889877 0.138794
vt 0.916217 0.149607
vt 0.942487 0.138627
vt 0.953300 0.112287
vt 0.942320 0.086017
vt 0.506888 0.564929
vt 0.475399 0.584739
vt 0.511672 0.592997
vt 0.495209 0.616228
vt 0.467141 0.621012
vt 0.443911 0.604549
vt 0.439126 0.576481
vt 0.455589 0.553250
vt 0.483657 0.548466
vt 0.862432 0.162501
vt 0.855165 0.190031
vt 0.816726 0.179885
vt 0.823993 0.152355
vt 0.847899 0.217561
vt 0.809460 0.207415
vt 0.840632 0.245091
vt 0.802193 0.234945
vt 0.898765 0.024852
vt 0.891498 0.052382
vt 0.853059 0.042236
vt 0.860326 0.014706
vt 0.884232 0.079912
vt 0.845792 0.069766
vt 0.876965 0.107442
vt 0.838526 0.097296
vt 0.869698 0.134971
vt 0.831259 0.124825
vt 0.889710 0.086184
vt 0.915981 0.075204
vt 0.916099 0.112405
vt 0.878897 0.112524
vt 0.889877 0.138794
vt 0.916217 0.149607
vt 0.942487 0.138627
vt 0.953300 0.112287
vt 0.942320 0.086017
vt 0.506888 0.564929
vt 0.511672 0.592997
vt 0.475399 0.584739
vt 0.495209 0.616228
vt 0.467141 0.621012
vt 0.443911 0.604549
vt 0.439126 0.576481
vt 0.455589 0.553250
vt 0.483657 0.548466
vt 0.862432 0.162501
vt 0.823993 0.152355
vt 0.816726 0.179885
vt 0.855165 0.190031
vt 0.809460 0.207415
vt 0.847899 0.217561
vt 0.802193 0.234945
vt 0.840632 0.245091
vt 0.898765 0.024852
vt 0.860326 0.014706
vt 0.853059 0.042236
vt 0.891498 0.052382
vt 0.845792 0.069766
vt 0.884232 0.079912
vt 0.838526 0.097296
vt 0.876965 0.107442
vt 0.831259 0.124825
vt 0.869698 0.134971
vt 0.889710 0.086184
vt 0.916099 0.112405
vt 0.915981 0.075204
vt 0.878897 0.112524
vt 0.889877 0.138794
vt 0.916217 0.149607
vt 0.942487 0.138627
vt 0.953300 0.112287
vt 0.942320 0.086017
vt 0.506888 0.564929
vt 0.475399 0.584739
vt 0.511672 0.592997
vt 0.495209 0.616228
vt 0.467141 0.621012
vt 0.443911 0.604549
vt 0.439126 0.576481
vt 0.455589 0.553250
vt 0.483657 0.548466
vn 0.000000 0.000000 1.000000
vn 0.000000 0.000000 1.000000
vn 0.000000 0.000000 1.000000
vn 0.000000 0.000000 1.000000
vn 0.000000 1.000000 0.000000
vn 0.000000 1.000000 0.000000
vn 0.000000 1.000000 0.000000
vn 0.000000 1.000000 0.000000
vn 0.000000 0.000000 -1.000000
vn 0.000000 0.000000 -1.000000
vn 0.000000 0.000000 -1.000000
vn 0.000000 0.000000 -1.000000
vn 0.000000 -1.000000 0.000000
vn 0.000000 -1.000000 0.000000
vn 0.000000 -1.000000 0.000000
vn 0.000000 -1.000000 0.000000
vn -1.000000 0.000000 0.000000
vn -1.000000 0.000000 0.000000
vn -1.000000 0.000000 0.000000
vn -1.000000 0.000000 0.000000
vn 0.000000 0.000000 1.000000
vn 0.000000 0.000000 1.000000
vn 0.000000 0.000000 1.000000
vn 0.000000 0.000000 1.000000
vn 0.000000 1.000000 0.000000
vn 0.000000 1.000000 0.000000
vn 0.000000 1.000000 0.000000
vn 0.000000 1.000000 0.000000
vn 0.000000 0.000000 -1.000000
vn 0.000000 0.000000 -1.000000
vn 0.000000 0.000000 -1.000000
vn 0.000000 0.000000 -1.000000
vn 0.000000 -1.000000 0.000000
vn 0.000000 -1.000000 0.000000
vn 0.000000 -1.000000 0.000000
vn 0.000000 -1.000000 0.000000
vn -1.000000 0.000000 0.000000
vn -1.000000 0.000000 0.000000
vn -1.000000 0.000000 0.000000
vn -1.000000 0.000000 0.000000
vn -0.953603 -0.097336 0.284899
vn -0.164620 -0.107447 0.980487
vn -0.072998 0.890592 0.448907
vn -0.764256 0.601290 0.233158
vn -0.828112 0.557395 0.059510
vn -0.031563 0.949824 0.311187
vn -0.031928 0.977453 -0.208727
vn -0.853896 0.519324 -0.034124
vn -0.866537 0.484478 -0.119976
vn -0.128602 0.927074 -0.352130
vn -0.370700 -0.165790 -0.913835
vn -0.986547 -0.082091 -0.141374
vn 0.000002 -1.000000 0.000000
vn -0.000000 -1.000000 0.000000
vn -0.000000 -1.000000 0.000000
vn 0.000002 -1.000000 0.000000
vn -0.993159 -0.116543 -0.007277
vn -0.993015 -0.117330 0.012455
vn -0.960214 0.273519 0.056360
vn -0.966229 0.255875 -0.030477
vn -0.060154 0.909327 0.411711
vn -0.112140 0.964698 -0.238291
vn 0.026071 0.939282 -0.342154
vn -0.004674 -0.194965 -0.980799
vn -0.000000 -1.000000 0.000000
vn -0.000000 -1.000000 0.000000
vn -0.031192 -0.105146 0.993968
vn -0.012185 0.896882 0.442103
vn 0.000000 0.893552 0.448959
vn 0.000000 0.965654 0.259830
vn 0.000000 0.979126 -0.203252
vn 0.000000 -1.000000 0.000000
vn 0.000000 -1.000000 0.000000
vn 0.020834 0.961978 -0.272331
vn -0.973452 -0.228846 -0.004613
vn -0.972396 -0.233092 0.010688
vn -0.951849 -0.212380 0.221084
vn -0.174684 -0.212903 0.961331
vn -0.454231 -0.370019 -0.810408
vn -0.000532 -0.393798 -0.919197
vn -0.977131 -0.196443 -0.081394
vn 0.000000 -1.000000 -0.000000
vn 0.000003 -1.000000 -0.000001
vn -0.000000 -1.000000 -0.000000
vn 0.000000 -1.000000 0.000000
vn -0.034012 -0.201230 0.978953
vn 0.953603 -0.097336 0.284899
vn 0.764256 0.601291 0.233157
vn 0.072998 0.890592 0.448907
vn 0.164620 -0.107447 0.980487
vn 0.828112 0.557395 0.059509
vn 0.853896 0.519324 -0.034124
vn 0.031928 0.977453 -0.208727
vn 0.031563 0.949824 0.311187
vn 0.866537 0.484478 -0.119976
vn 0.986547 -0.082091 -0.141374
vn 0.370700 -0.165790 -0.913835
vn 0.128602 0.927074 -0.352130
vn -0.000002 -1.000000 0.000000
vn -0.000002 -1.000000 0.000000
vn 0.000000 -1.000000 0.000000
vn 0.000000 -1.000000 0.000000
vn 0.993159 -0.116542 -0.007277
vn 0.966229 0.255876 -0.030477
vn 0.960214 0.273520 0.056360
vn 0.993015 -0.117330 0.012455
vn 0.060154 0.909327 0.411711
vn 0.112140 0.964698 -0.238291
vn 0.004674 -0.194965 -0.980799
vn -0.026071 0.939282 -0.342154
vn 0.000000 -1.000000 0.000000
vn 0.000000 -1.000000 0.000000
vn 0.012185 0.896882 0.442103
vn 0.031192 -0.105146 0.993967
vn 0.000000 0.965654 0.259830
vn -0.000000 0.893552 0.448959
vn 0.000000 0.979126 -0.203252
vn 0.000000 -1.000000 0.000000
vn 0.000000 -1.000000 0.000000
vn -0.020834 0.961978 -0.272331
vn 0.973452 -0.228846 -0.004613
vn 0.972396 -0.233092 0.010688
vn 0.951849 -0.212380 0.221084
vn 0.174684 -0.212903 0.961331
vn 0.454231 -0.370018 -0.810408
vn 0.000532 -0.393798 -0.919197
vn 0.977131 -0.196443 -0.081393
vn -0.000003 -1.000000 -0.000001
vn -0.000000 -1.000000 -0.000000
vn 0.000000 -1.000000 -0.000000
vn 0.000000 -1.000000 0.000000
vn 0.034012 -0.201230 0.978953
vn 0.000000 0.000000 1.000000
vn 0.000000 0.000000 1.000000
vn 0.000000 0.000000 1.000000
vn 0.000000 0.000000 1.000000
vn 0.000000 1.000000 0.000000
vn 0.000000 1.000000 0.000000
vn 0.000000 1.000000 0.000000
vn 0.000000 1.000000 0.000000
vn 0.000000 0.000000 -1.000000
vn 0.000000 0.000000 -1.000000
vn 0.000000 0.000000 -1.000000
vn 0.000000 0.000000 -1.000000
vn 0.000000 -1.000000 0.000000
vn 0.000000 -1.000000 0.000000
vn 0.000000 -1.000000 0.000000
vn 0.000000 -1.000000 0.000000
vn 1.000000 0.000000 0.000000
vn 1.000000 0.000000 0.000000
vn 1.000000 0.000000 0.000000
vn 1.000000 0.000000 0.000000
vn -0.000000 -0.382684 -0.923880
vn -0.000000 -0.382684 -0.923880
vn -0.000000 -0.382684 -0.923880
vn -0.000000 -0.382684 -0.923880
vn 0.000000 0.382684 -0.923880
vn 0.000000 0.382684 -0.923880
vn 0.000000 0.382684 -0.923880
vn 0.000000 0.382684 -0.923880
vn 0.000000 0.923880 -0.382683
vn 0.000000 0.923880 -0.382683
vn 0.000000 0.923880 -0.382683
vn 0.000000 0.923880 -0.382683
vn 0.000000 0.923880 0.382683
vn 0.000000 0.923880 0.382683
vn 0.000000 0.923880 0.382683
vn 0.000000 0.923880 0.382683
vn 0.000000 0.382683 0.923880
vn 0.000000 0.382683 0.923880
vn 0.000000 0.382683 0.923880
vn 0.000000 0.382683 0.923880
vn 0.000000 -0.382683 0.923880
vn 0.000000 -0.382683 0.923880
vn 0.000000 -0.382683 0.923880
vn 0.000000 -0.382683 0.923880
vn 0.000000 -0.923880 0.382683
vn 0.000000 -0.923880 0.382683
vn 0.000000 -0.923880 0.382683
vn 0.000000 -0.923880 0.382683
vn -0.000000 -0.923879 -0.382684
vn -0.000000 -0.923879 -0.382684
vn -0.000000 -0.923879 -0.382684
vn -0.000000 -0.923879 -0.382684
vn -1.000000 0.000000 0.000000
vn -1.000000 0.000000 0.000000
vn -1.000000 0.000000 0.000000
vn -1.000000 0.000000 0.000000
vn -1.000000 0.000000 0.000000
vn -1.000000 0.000000 0.000000
vn -1.000000 0.000000 0.000000
vn -1.000000 0.000000 0.000000
vn -1.000000 0.000000 0.000000
vn -1.000000 0.000000 0.000000
vn -1.000000 0.000000 0.000000
vn -1.000000 0.000000 0.000000
vn -1.000000 0.000000 0.000000
vn -1.000000 0.000000 0.000000
vn -1.000000 0.000000 0.000000
vn -1.000000 0.000000 0.000000
vn -1.000000 0.000000 0.000000
vn -1.000000 0.000000 0.000000
vn -1.000000 0.000000 0.000000
vn -1.000000 0.000000 0.000000
vn -1.000000 0.000000 0.000000
vn -1.000000 0.000000 0.000000
vn -1.000000 0.000000 0.000000
vn -1.000000 0.000000 0.000000
vn 1.000000 0.000000 0.000000
vn 1.000000 0.000000 0.000000
vn 1.000000 0.000000 0.000000
vn 1.000000 0.000000 0.000000
vn 1.000000 0.000000 0.000000
vn 1.000000 0.000000 0.000000
vn 1.000000 0.000000 0.000000
vn 1.000000 0.000000 0.000000
vn 1.000000 0.000000 0.000000
vn 1.000000 0.000000 0.000000
vn 1.000000 0.000000 0.000000
vn 1.000000 0.000000 0.000000
vn 1.000000 0.000000 0.000000
vn 1.000000 0.000000 0.000000
vn 1.000000 0.000000 0.000000
vn 1.000000 0.000000 0.000000
vn 1.000000 0.000000 0.000000
vn 1.000000 0.000000 0.000000
vn 1.000000 0.000000 0.000000
vn 1.000000 0.000000 0.000000
vn 1.000000 0.000000 0.000000
vn 1.000000 0.000000 0.000000
vn 1.000000 0.000000 0.000000
vn 1.000000 0.000000 0.000000
vn 0.000000 -0.382684 -0.923880
vn 0.000000 -0.382684 -0.923880
vn 0.000000 -0.382684 -0.923880
vn 0.000000 -0.382684 -0.923880
vn 0.000000 0.382684 -0.923880
vn 0.000000 0.382684 -0.923880
vn 0.000000 0.382684 -0.923880
vn 0.000000 0.382684 -0.923880
vn 0.000000 0.923880 -0.382683
vn 0.000000 0.923880 -0.382683
vn 0.000000 0.923880 -0.382683
vn 0.000000 0.923880 -0.382683
vn 0.000000 0.923880 0.382683
vn 0.000000 0.923880 0.382683
vn 0.000000 0.923880 0.382683
vn 0.000000 0.923880 0.382683
vn 0.000000 0.382683 0.923880
vn 0.000000 0.382683 0.923880
vn 0.000000 0.382683 0.923880
vn 0.000000 0.382683 0.923880
vn 0.000000 -0.382683 0.923880
vn 0.000000 -0.382683 0.923880
vn 0.000000 -0.382683 0.923880
vn 0.000000 -0.382683 0.923880
vn -0.000000 -0.923880 0.382683
vn -0.000000 -0.923880 0.382683
vn -0.000000 -0.923880 0.382683
vn -0.000000 -0.923880 0.382683
vn 0.000000 -0.923879 -0.382684
vn 0.000000 -0.923879 -0.382684
vn 0.000000 -0.923879 -0.382684
vn 0.000000 -0.923879 -0.382684
vn 1.000000 0.000000 0.000000
vn 1.000000 0.000000 0.000000
vn 1.000000 0.000000 0.000000
vn 1.000000 0.000000 0.000000
vn 1.000000 0.000000 0.000000
vn 1.000000 0.000000 0.000000
vn 1.000000 0.000000 0.000000
vn 1.000000 0.000000 0.000000
vn 1.000000 0.000000 0.000000
vn 1.000000 0.000000 0.000000
vn 1.000000 0.000000 0.000000
vn 1.000000 0.000000 0.000000
vn 1.000000 0.000000 0.000000
vn 1.000000 0.000000 0.000000
vn 1.000000 0.000000 0.000000
vn 1.000000 0.000000 0.000000
vn 1.000000 0.000000 0.000000
vn 1.000000 0.000000 0.000000
vn 1.000000 0.000000 0.000000
vn 1.000000 0.000000 0.000000
vn 1.000000 0.000000 0.000000
vn 1.000000 0.000000 0.000000
vn 1.000000 0.000000 0.000000
vn 1.000000 0.000000 0.000000
vn -1.000000 0.000000 0.000000
vn -1.000000 0.000000 0.000000
vn -1.000000 0.000000 0.000000
vn -1.000000 0.000000 0.000000
vn -1.000000 0.000000 0.000000
vn -1.000000 0.000000 0.000000
vn -1.000000 0.000000 0.000000
vn -1.000000 0.000000 0.000000
vn -1.000000 0.000000 0.000000
vn -1.000000 0.000000 0.000000
vn -1.000000 0.000000 0.000000
vn -1.000000 0.000000 0.000000
vn -1.000000 0.000000 0.000000
vn -1.000000 0.000000 0.000000
vn -1.000000 0.000000 0.000000
vn -1.000000 0.000000 0.000000
vn -1.000000 0.000000 0.000000
vn -1.000000 0.000000 0.000000
vn -1.000000 0.000000 0.000000
vn -1.000000 0.000000 0.000000
vn -1.000000 0.000000 0.000000
vn -1.000000 0.000000 0.000000
vn -1.000000 0.000000 0.000000
vn -1.000000 0.000000 0.000000
vn -0.000000 -0.382684 -0.923880
vn -0.000000 -0.382684 -0.923880
vn -0.000000 -0.382684 -0.923880
vn -0.000000 -0.382684 -0.923880
vn 0.000000 0.382684 -0.923880
vn 0.000000 0.382684 -0.923880
vn 0.000000 0.382684 -0.923880
vn 0.000000 0.382684 -0.923880
vn 0.000000 0.923880 -0.382683
vn 0.000000 0.923880 -0.382683
vn 0.000000 0.923880 -0.382683
vn 0.000000 0.923880 -0.382683
vn 0.000000 0.923880 0.382683
vn 0.000000 0.923880 0.382683
vn 0.000000 0.923880 0.382683
vn 0.000000 0.923880 0.382683
vn 0.000000 0.382683 0.923880
vn 0.000000 0.382683 0.923880
vn 0.000000 0.382683 0.923880
vn 0.000000 0.382683 0.923880
vn 0.000000 -0.382683 0.923880
vn 0.000000 -0.382683 0.923880
vn 0.000000 -0.382683 0.923880
vn 0.000000 -0.382683 0.923880
vn 0.000000 -0.923880 0.382683
vn 0.000000 -0.923880 0.382683
vn 0.000000 -0.923880 0.382683
vn 0.000000 -0.923880 0.382683
vn -0.000000 -0.923879 -0.382684
vn -0.000000 -0.923879 -0.382684
vn -0.000000 -0.923879 -0.382684
vn -0.000000 -0.923879 -0.382684
vn -1.000000 0.000000 0.000000
vn -1.000000 0.000000 0.000000
vn -1.000000 0.000000 0.000000
vn -1.000000 0.000000 0.000000
vn -1.000000 0.000000 0.000000
vn -1.000000 0.000000 0.000000
vn -1.000000 0.000000 0.000000
vn -1.000000 0.000000 0.000000
vn -1.000000 0.000000 0.000000
vn -1.000000 0.000000 0.000000
vn -1.000000 0.000000 0.000000
vn -1.000000 0.000000 0.000000
vn -1.000000 0.000000 0.000000
vn -1.000000 0.000000 0.000000
vn -1.000000 0.000000 0.000000
vn -1.000000 0.000000 0.000000
vn -1.000000 0.000000 0.000000
vn -1.000000 0.000000 0.000000
vn -1.000000 0.000000 0.000000
vn -1.000000 0.000000 0.000000
vn -1.000000 0.000000 0.000000
vn -1.000000 0.000000 0.000000
vn -1.000000 0.000000 0.000000
vn -1.000000 0.000000 0.000000
vn 1.000000 0.000000 0.000000
vn 1.000000 0.000000 0.000000
vn 1.000000 0.000000 0.000000
vn 1.000000 0.000000 0.000000
vn 1.000000 0.000000 0.000000
vn 1.000000 0.000000 0.000000
vn 1.000000 0.000000 0.000000
vn 1.000000 0.000000 0.000000
vn 1.000000 0.000000 0.000000
vn 1.000000 0.000000 0.000000
vn 1.000000 0.000000 0.000000
vn 1.000000 0.000000 0.000000
vn 1.000000 0.000000 0.000000
vn 1.000000 0.000000 0.000000
vn 1.000000 0.000000 0.000000
vn 1.000000 0.000000 0.000000
vn 1.000000 0.000000 0.000000
vn 1.000000 0.000000 0.000000
vn 1.000000 0.000000 0.000000
vn 1.000000 0.000000 0.000000
vn 1.000000 0.000000 0.000000
vn 1.000000 0.000000 0.000000
vn 1.000000 0.000000 0.000000
vn 1.000000 0.000000 0.000000
vn 0.000000 -0.382684 -0.923880
vn 0.000000 -0.382684 -0.923880
vn 0.000000 -0.382684 -0.923880
vn 0.000000 -0.382684 -0.923880
vn 0.000000 0.382684 -0.923880
vn 0.000000 0.382684 -0.923880
vn 0.000000 0.382684 -0.923880
vn 0.000000 0.382684 -0.923880
vn 0.000000 0.923880 -0.382683
vn 0.000000 0.923880 -0.382683
vn 0.000000 0.923880 -0.382683
vn 0.000000 0.923880 -0.382683
vn 0.000000 0.923880 0.382683
vn 0.000000 0.923880 0.382683
vn 0.000000 0.923880 0.382683
vn 0.000000 0.923880 0.382683
vn 0.000000 0.382683 0.923880
vn 0.000000 0.382683 0.923880
vn 0.000000 0.382683 0.923880
vn 0.000000 0.382683 0.923880
vn 0.000000 -0.382683 0.923880
vn 0.000000 -0.382683 0.923880
vn 0.000000 -0.382683 0.923880
vn 0.000000 -0.382683 0.923880
vn -0.000000 -0.923880 0.382683
vn -0.000000 -0.923880 0.382683
vn -0.000000 -0.923880 0.382683
vn -0.000000 -0.923880 0.382683
vn 0.000000 -0.923879 -0.382684
vn 0.000000 -0.923879 -0.382684
vn 0.000000 -0.923879 -0.382684
vn 0.000000 -0.923879 -0.382684
vn 1.000000 0.000000 0.000000
vn 1.000000 0.000000 0.000000
vn 1.000000 0.000000 0.000000
vn 1.000000 0.000000 0.000000
vn 1.000000 0.000000 0.000000
vn 1.000000 0.000000 0.000000
vn 1.000000 0.000000 0.000000
vn 1.000000 0.000000 0.000000
vn 1.000000 0.000000 0.000000
vn 1.000000 0.000000 0.000000
vn 1.000000 0.000000 0.000000
vn 1.000000 0.000000 0.000000
vn 1.000000 0.000000 0.000000
vn 1.000000 0.000000 0.000000
vn 1.000000 0.000000 0.000000
vn 1.000000 0.000000 0.000000
vn 1.000000 0.000000 0.000000
vn 1.000000 0.000000 0.000000
vn 1.000000 0.000000 0.000000
vn 1.000000 0.000000 0.000000
vn 1.000000 0.000000 0.000000
vn 1.000000 0.000000 0.000000
vn 1.000000 0.000000 0.000000
vn 1.000000 0.000000 0.000000
vn -1.000000 0.000000 0.000000
vn -1.000000 0.000000 0.000000
vn -1.000000 0.000000 0.000000
vn -1.000000 0.000000 0.000000
vn -1.000000 0.000000 0.000000
vn -1.000000 0.000000 0.000000
vn -1.000000 0.000000 0.000000
vn -1.000000 0.000000 0.000000
vn -1.000000 0.000000 0.000000
vn -1.000000 0.000000 0.000000
vn -1.000000 0.000000 0.000000
vn -1.000000 0.000000 0.000000
vn -1.000000 0.000000 0.000000
vn -1.000000 0.000000 0.000000
vn -1.000000 0.000000 0.000000
vn -1.000000 0.000000 0.000000
vn -1.000000 0.000000 0.000000
vn -1.000000 0.000000 0.000000
vn -1.000000 0.000000 0.000000
vn -1.000000 0.000000 0.000000
vn -1.000000 0.000000 0.000000
vn -1.000000 0.000000 0.000000
vn -1.000000 0.000000 0.000000
vn -1.000000 0.000000 0.000000
s off
g police
usemtl initialShadingGroup
f 834/1709/2321 835/1710/2322 837/1711/2323 836/1712/2324
f 836/1713/2325 837/1714/2326 839/1715/2327 838/1716/2328
f 838/1717/2329 839/1718/2330 841/1719/2331 840/1720/2332
f 840/1721/2333 841/1722/2334 835/1723/2335 834/1724/2336
f 840/1725/2337 834/1726/2338 836/1727/2339 838/1728/2340
f 842/1729/2341 843/1730/2342 845/1731/2343 844/1732/2344
f 844/1733/2345 845/1734/2346 847/1735/2347 846/1736/2348
f 846/1737/2349 847/1738/2350 849/1739/2351 848/1740/2352
f 848/1741/2353 849/1742/2354 843/1743/2355 842/1744/2356
f 848/1745/2357 842/1746/2358 844/1747/2359 846/1748/2360
s 1
f 870/1749/2361 871/1750/2362 872/1751/2363 873/1752/2364
f 854/1753/2365 861/1754/2366 856/1755/2367 855/1756/2368
f 862/1757/2369 863/1758/2370 868/1759/2371 869/1760/2372
s 4
f 853/1761/2373 858/1762/2374 859/1763/2375 850/1764/2376
s 1
f 866/1765/2377 867/1766/2378 851/1767/2379 852/1768/2380
f 851/1769/2379 860/1770/2381 861/1754/2366 854/1753/2365
f 857/1771/2382 852/1768/2380 855/1772/2368 856/1773/2367
f 852/1768/2380 851/1767/2379 854/1774/2365 855/1772/2368
f 868/1775/2371 863/1776/2370 882/1777/2383 884/1778/2384
s 4
f 859/1763/2375 858/1762/2374 878/1779/2385 879/1780/2386
s 1
f 872/1781/2363 871/1782/2362 885/1783/2387 886/1784/2388
f 861/1754/2366 860/1770/2381 880/1785/2389 881/1786/2390
f 856/1755/2367 861/1754/2366 881/1786/2390 876/1787/2391
f 852/1788/2380 857/1789/2382 863/1790/2370 862/1791/2369
s 4
f 858/1762/2374 853/1761/2373 865/1792/2392 864/1793/2393
s 1
f 869/1760/2372 866/1765/2377 852/1768/2380 862/1757/2369
f 857/1789/2382 877/1794/2394 882/1795/2383 863/1790/2370
f 853/1796/2395 850/1797/2396 867/1766/2378 866/1765/2377
f 874/1798/2397 875/1799/2398 871/1750/2362 870/1749/2361
f 864/1800/2399 868/1775/2371 884/1778/2384 883/1801/2400
f 869/1760/2372 868/1759/2371 864/1802/2399 865/1803/2401
f 853/1796/2395 866/1765/2377 869/1760/2372 865/1803/2401
f 860/1770/2381 851/1769/2379 873/1804/2364 872/1805/2363
f 851/1767/2379 867/1766/2378 870/1749/2361 873/1752/2364
s 4
f 850/1764/2376 859/1763/2375 875/1806/2402 874/1807/2403
s 1
f 867/1766/2378 850/1797/2396 874/1798/2397 870/1749/2361
s 4
f 859/1763/2375 879/1780/2386 887/1808/2404 875/1806/2402
s 1
f 876/1787/2391 877/1794/2394 857/1789/2382 856/1755/2367
s 4
f 883/1809/2405 878/1779/2385 858/1762/2374 864/1793/2393
s 1
f 887/1810/2406 885/1783/2387 871/1782/2362 875/1811/2398
f 886/1812/2388 880/1785/2389 860/1770/2381 872/1805/2363
s 6
f 908/1813/2407 911/1814/2408 910/1815/2409 909/1816/2410
f 892/1817/2411 893/1818/2412 894/1819/2413 899/1820/2414
f 900/1821/2415 907/1822/2416 906/1823/2417 901/1824/2418
s 9
f 891/1825/2419 888/1826/2420 897/1827/2421 896/1828/2422
s 6
f 904/1829/2423 890/1830/2424 889/1831/2425 905/1832/2426
f 889/1833/2425 892/1817/2411 899/1820/2414 898/1834/2427
f 895/1835/2428 894/1836/2413 893/1837/2412 890/1830/2424
f 890/1830/2424 893/1837/2412 892/1838/2411 889/1831/2425
f 906/1839/2417 922/1840/2429 920/1841/2430 901/1842/2418
s 9
f 897/1827/2421 917/1843/2431 916/1844/2432 896/1828/2422
s 6
f 910/1845/2409 924/1846/2433 923/1847/2434 909/1848/2410
f 899/1820/2414 919/1849/2435 918/1850/2436 898/1834/2427
f 894/1819/2413 914/1851/2437 919/1849/2435 899/1820/2414
f 890/1852/2424 900/1853/2415 901/1854/2418 895/1855/2428
s 9
f 896/1828/2422 902/1856/2438 903/1857/2439 891/1825/2419
s 6
f 907/1822/2416 900/1821/2415 890/1830/2424 904/1829/2423
f 895/1855/2428 901/1854/2418 920/1858/2430 915/1859/2440
f 891/1860/2441 904/1829/2423 905/1832/2426 888/1861/2442
f 912/1862/2443 908/1813/2407 909/1816/2410 913/1863/2444
f 902/1864/2445 921/1865/2446 922/1840/2429 906/1839/2417
f 907/1822/2416 903/1866/2447 902/1867/2445 906/1823/2417
f 891/1860/2441 903/1866/2447 907/1822/2416 904/1829/2423
f 898/1834/2427 910/1868/2409 911/1869/2408 889/1833/2425
f 889/1831/2425 911/1814/2408 908/1813/2407 905/1832/2426
s 9
f 888/1826/2420 912/1870/2448 913/1871/2449 897/1827/2421
s 6
f 905/1832/2426 908/1813/2407 912/1862/2443 888/1861/2442
s 9
f 897/1827/2421 913/1871/2449 925/1872/2450 917/1843/2431
s 6
f 914/1851/2437 894/1819/2413 895/1855/2428 915/1859/2440
s 9
f 921/1873/2451 902/1856/2438 896/1828/2422 916/1844/2432
s 6
f 925/1874/2452 913/1875/2444 909/1848/2410 923/1847/2434
f 924/1876/2433 910/1868/2409 898/1834/2427 918/1850/2436
s off
f 926/1877/2453 927/1878/2454 929/1879/2455 928/1880/2456
f 928/1881/2457 929/1882/2458 931/1883/2459 930/1884/2460
f 930/1885/2461 931/1886/2462 933/1887/2463 932/1888/2464
f 932/1889/2465 933/1890/2466 927/1891/2467 926/1892/2468
f 927/1893/2469 933/1894/2470 931/1895/2471 929/1896/2472
usemtl polySurface8SG
f 934/1897/2473 935/1898/2474 943/1899/2475 942/1900/2476
f 935/1898/2477 936/1901/2478 944/1902/2479 943/1899/2480
f 936/1901/2481 937/1903/2482 945/1904/2483 944/1902/2484
f 937/1905/2485 938/1906/2486 946/1907/2487 945/1908/2488
f 938/1906/2489 939/1909/2490 947/1910/2491 946/1907/2492
f 939/1909/2493 940/1911/2494 948/1912/2495 947/1910/2496
f 940/1911/2497 941/1913/2498 949/1914/2499 948/1912/2500
f 941/1913/2501 934/1897/2502 942/1900/2503 949/1914/2504
f 935/1915/2505 934/1916/2506 950/1917/2507
f 936/1918/2508 935/1915/2509 950/1917/2510
f 937/1919/2511 936/1918/2512 950/1917/2513
f 938/1920/2514 937/1919/2515 950/1917/2516
f 939/1921/2517 938/1920/2518 950/1917/2519
f 940/1922/2520 939/1921/2521 950/1917/2522
f 941/1923/2523 940/1922/2524 950/1917/2525
f 934/1916/2526 941/1923/2527 950/1917/2528
f 942/1924/2529 943/1925/2530 951/1926/2531
f 943/1925/2532 944/1927/2533 951/1926/2534
f 944/1927/2535 945/1928/2536 951/1926/2537
f 945/1928/2538 946/1929/2539 951/1926/2540
f 946/1929/2541 947/1930/2542 951/1926/2543
f 947/1930/2544 948/1931/2545 951/1926/2546
f 948/1931/2547 949/1932/2548 951/1926/2549
f 949/1932/2550 942/1924/2551 951/1926/2552
f 952/1933/2553 960/1934/2554 961/1935/2555 953/1936/2556
f 953/1936/2557 961/1935/2558 962/1937/2559 954/1938/2560
f 954/1938/2561 962/1937/2562 963/1939/2563 955/1940/2564
f 955/1941/2565 963/1942/2566 964/1943/2567 956/1944/2568
f 956/1944/2569 964/1943/2570 965/1945/2571 957/1946/2572
f 957/1946/2573 965/1945/2574 966/1947/2575 958/1948/2576
f 958/1948/2577 966/1947/2578 967/1949/2579 959/1950/2580
f 959/1950/2581 967/1949/2582 960/1934/2583 952/1933/2584
f 953/1951/2585 968/1952/2586 952/1953/2587
f 954/1954/2588 968/1952/2589 953/1951/2590
f 955/1955/2591 968/1952/2592 954/1954/2593
f 956/1956/2594 968/1952/2595 955/1955/2596
f 957/1957/2597 968/1952/2598 956/1956/2599
f 958/1958/2600 968/1952/2601 957/1957/2602
f 959/1959/2603 968/1952/2604 958/1958/2605
f 952/1953/2606 968/1952/2607 959/1959/2608
f 960/1960/2609 969/1961/2610 961/1962/2611
f 961/1962/2612 969/1961/2613 962/1963/2614
f 962/1963/2615 969/1961/2616 963/1964/2617
f 963/1964/2618 969/1961/2619 964/1965/2620
f 964/1965/2621 969/1961/2622 965/1966/2623
f 965/1966/2624 969/1961/2625 966/1967/2626
f 966/1967/2627 969/1961/2628 967/1968/2629
f 967/1968/2630 969/1961/2631 960/1960/2632
f 970/1969/2633 971/1970/2634 979/1971/2635 978/1972/2636
f 971/1970/2637 972/1973/2638 980/1974/2639 979/1971/2640
f 972/1973/2641 973/1975/2642 981/1976/2643 980/1974/2644
f 973/1977/2645 974/1978/2646 982/1979/2647 981/1980/2648
f 974/1978/2649 975/1981/2650 983/1982/2651 982/1979/2652
f 975/1981/2653 976/1983/2654 984/1984/2655 983/1982/2656
f 976/1983/2657 977/1985/2658 985/1986/2659 984/1984/2660
f 977/1985/2661 970/1969/2662 978/1972/2663 985/1986/2664
f 971/1987/2665 970/1988/2666 986/1989/2667
f 972/1990/2668 971/1987/2669 986/1989/2670
f 973/1991/2671 972/1990/2672 986/1989/2673
f 974/1992/2674 973/1991/2675 986/1989/2676
f 975/1993/2677 974/1992/2678 986/1989/2679
f 976/1994/2680 975/1993/2681 986/1989/2682
f 977/1995/2683 976/1994/2684 986/1989/2685
f 970/1988/2686 977/1995/2687 986/1989/2688
f 978/1996/2689 979/1997/2690 987/1998/2691
f 979/1997/2692 980/1999/2693 987/1998/2694
f 980/1999/2695 981/2000/2696 987/1998/2697
f 981/2000/2698 982/2001/2699 987/1998/2700
f 982/2001/2701 983/2002/2702 987/1998/2703
f 983/2002/2704 984/2003/2705 987/1998/2706
f 984/2003/2707 985/2004/2708 987/1998/2709
f 985/2004/2710 978/1996/2711 987/1998/2712
f 988/2005/2713 996/2006/2714 997/2007/2715 989/2008/2716
f 989/2008/2717 997/2007/2718 998/2009/2719 990/2010/2720
f 990/2010/2721 998/2009/2722 999/2011/2723 991/2012/2724
f 991/2013/2725 999/2014/2726 1000/2015/2727 992/2016/2728
f 992/2016/2729 1000/2015/2730 1001/2017/2731 993/2018/2732
f 993/2018/2733 1001/2017/2734 1002/2019/2735 994/2020/2736
f 994/2020/2737 1002/2019/2738 1003/2021/2739 995/2022/2740
f 995/2022/2741 1003/2021/2742 996/2006/2743 988/2005/2744
f 989/2023/2745 1004/2024/2746 988/2025/2747
f 990/2026/2748 1004/2024/2749 989/2023/2750
f 991/2027/2751 1004/2024/2752 990/2026/2753
f 992/2028/2754 1004/2024/2755 991/2027/2756
f 993/2029/2757 1004/2024/2758 992/2028/2759
f 994/2030/2760 1004/2024/2761 993/2029/2762
f 995/2031/2763 1004/2024/2764 994/2030/2765
f 988/2025/2766 1004/2024/2767 995/2031/2768
f 996/2032/2769 1005/2033/2770 997/2034/2771
f 997/2034/2772 1005/2033/2773 998/2035/2774
f 998/2035/2775 1005/2033/2776 999/2036/2777
f 999/2036/2778 1005/2033/2779 1000/2037/2780
f 1000/2037/2781 1005/2033/2782 1001/2038/2783
f 1001/2038/2784 1005/2033/2785 1002/2039/2786
f 1002/2039/2787 1005/2033/2788 1003/2040/2789
f 1003/2040/2790 1005/2033/2791 996/2032/2792
