# This file uses centimeters as units for non-parametric coordinates.

mtllib ddd.mtl
g default
v -0.192345 1.911531 -1.081948
v -0.181632 1.939990 -1.108313
v -1.250901 4.723511 1.523180
v -1.240188 4.751970 1.496815
v -1.250901 1.939990 1.523180
v -1.240188 1.911531 1.496815
v -0.192345 4.751970 -1.081948
v -0.181632 4.723511 -1.108313
v -0.723842 1.343378 0.226076
v -0.708692 1.343378 0.188792
v -0.723842 5.320115 0.226076
v -0.708692 5.320115 0.188792
v -1.464779 3.351872 2.049540
v -1.464779 3.311628 2.049540
v 0.032243 3.351872 -1.634665
v 0.032243 3.311628 -1.634665
v -0.650311 1.911531 -1.268035
v -0.639598 1.939990 -1.294401
v -1.708867 4.723511 1.337093
v -1.698154 4.751970 1.310727
v -1.708867 1.939990 1.337093
v -1.698154 1.911531 1.310727
v -0.650311 4.751970 -1.268035
v -0.639598 4.723511 -1.294401
v -1.181808 1.343378 0.039988
v -1.166658 1.343378 0.002704
v -1.181808 5.320115 0.039988
v -1.166658 5.320115 0.002704
v -1.922745 3.351872 1.863452
v -1.922745 3.311628 1.863452
v -0.425723 3.351872 -1.820753
v -0.425723 3.311628 -1.820753
v 0.011026 4.120191 -1.551644
v -0.157100 4.788599 -1.137882
v -0.408720 5.235217 -0.518639
v -0.705525 5.392048 0.211803
v -1.002329 5.235218 0.942245
v -1.253949 4.788601 1.561487
v -1.422074 4.120193 1.975245
v -1.481113 3.331751 2.120543
v -1.422077 2.543309 1.975253
v -1.253949 1.874900 1.561487
v -1.002329 1.428283 0.942245
v -0.705525 1.271452 0.211803
v -0.408720 1.428283 -0.518639
v -0.157100 1.874900 -1.137882
v 0.011026 2.543308 -1.551644
v 0.070064 3.331750 -1.696937
v -0.023788 4.081884 -1.465965
v -0.183745 4.717818 -1.072307
v -0.423141 5.142736 -0.483150
v -0.705525 5.291947 0.211803
v -0.987909 5.142736 0.906756
v -1.227304 4.717820 1.495912
v -1.387262 4.081886 1.889574
v -1.443432 3.331751 2.027809
v -1.387262 2.581616 1.889574
v -1.227304 1.945682 1.495912
v -0.987909 1.520764 0.906756
v -0.705525 1.371553 0.211803
v -0.423141 1.520764 -0.483150
v -0.183745 1.945681 -1.072307
v -0.023788 2.581615 -1.465965
v 0.032381 3.331750 -1.604200
v -0.462665 4.120191 -1.744121
v -0.630790 4.788599 -1.330359
v -0.882411 5.235217 -0.711117
v -1.179215 5.392048 0.019326
v -1.476020 5.235218 0.749768
v -1.727640 4.788601 1.369010
v -1.895764 4.120193 1.782768
v -1.954804 3.331751 1.928066
v -1.895767 2.543309 1.782776
v -1.727640 1.874900 1.369010
v -1.476020 1.428283 0.749768
v -1.179215 1.271452 0.019326
v -0.882411 1.428283 -0.711117
v -0.630790 1.874900 -1.330359
v -0.462665 2.543308 -1.744121
v -0.403627 3.331750 -1.889415
v -0.497479 4.081884 -1.658442
v -0.657436 4.717818 -1.264784
v -0.896831 5.142736 -0.675628
v -1.179215 5.291947 0.019326
v -1.461599 5.142736 0.714279
v -1.700994 4.717820 1.303435
v -1.860953 4.081886 1.697097
v -1.917123 3.331751 1.835332
v -1.860953 2.581616 1.697097
v -1.700994 1.945682 1.303435
v -1.461599 1.520764 0.714279
v -1.179215 1.371553 0.019326
v -0.896831 1.520764 -0.675628
v -0.657436 1.945681 -1.264784
v -0.497479 2.581615 -1.658442
v -0.441309 3.331750 -1.796677
v -1.022105 3.737783 -0.355108
v -1.174954 3.905968 0.021057
v -1.327803 3.737783 0.397222
v -1.391115 3.331750 0.553034
v -1.327803 2.925717 0.397222
v -1.174954 2.757532 0.021057
v -1.022105 2.925717 -0.355108
v -0.958793 3.331750 -0.510920
v -0.556937 3.737783 -0.166093
v -0.709786 3.905968 0.210071
v -0.862635 3.737783 0.586236
v -0.925947 3.331750 0.742048
v -0.862635 2.925717 0.586236
v -0.709786 2.757532 0.210071
v -0.556937 2.925717 -0.166093
v -0.493625 3.331750 -0.321905
v -1.174954 3.331750 0.021057
v -0.709786 3.331750 0.210071
v -0.756850 0.283283 -1.130367
v -0.568071 0.283284 -1.594955
v -1.064813 2.925717 -0.372464
v -1.021348 2.925717 -0.354802
v -0.713385 0.283283 -1.112706
v -0.524607 0.283284 -1.577294
v -1.216468 2.758846 0.000762
v -1.173003 2.758846 0.018424
v -1.216468 2.751121 0.000762
v -1.173003 2.751121 0.018424
v -1.495649 1.652432 0.687832
v -1.618909 1.785480 0.637747
v -1.445565 1.785480 0.564575
v -1.545733 1.785480 0.811090
v -1.495649 1.918527 0.687832
v -0.952551 1.652432 -0.648744
v -1.075811 1.785480 -0.698829
v -1.002634 1.785480 -0.525487
v -0.902467 1.785480 -0.772002
v -0.952551 1.918527 -0.648744
v -1.350235 2.398487 0.329966
v -1.473495 2.531534 0.279881
v -1.300151 2.531534 0.206709
v -1.400319 2.531534 0.453223
v -1.350235 2.664582 0.329966
v -1.082701 2.398487 -0.328441
v -1.205961 2.531534 -0.378526
v -1.132785 2.531534 -0.205184
v -1.032617 2.531534 -0.451698
v -1.082701 2.664582 -0.328441
v -1.637589 0.870406 1.037150
v -1.760849 1.003453 0.987064
v -1.587505 1.003453 0.913892
v -1.687673 1.003453 1.160407
v -1.637589 1.136501 1.037150
v -0.792357 0.870406 -1.042983
v -0.915618 1.003453 -1.093068
v -0.842441 1.003453 -0.919726
v -0.742274 1.003453 -1.166240
v -0.792357 1.136501 -1.042983
v -1.676086 0.283283 1.131892
v -1.864865 0.283284 1.596480
v -1.368123 2.925717 0.373988
v -1.324658 2.925717 0.391650
v -1.632621 0.283283 1.149553
v -1.821400 0.283284 1.614142
v -1.216468 2.758846 0.000762
v -1.173003 2.758846 0.018424
v -1.216468 2.751121 0.000762
v -1.173003 2.751121 0.018424
v -0.205508 0.283283 -0.906337
v -0.016730 0.283284 -1.370926
v -0.513471 2.925717 -0.148434
v -0.556936 2.925717 -0.166095
v -0.248973 0.283283 -0.923999
v -0.060194 0.283284 -1.388587
v -0.665126 2.758846 0.224792
v -0.708591 2.758846 0.207131
v -0.665126 2.751121 0.224792
v -0.708591 2.751121 0.207131
v -0.944307 1.652432 0.911862
v -0.821047 1.785480 0.961947
v -0.894223 1.785480 0.788605
v -0.994391 1.785480 1.035119
v -0.944307 1.918527 0.911862
v -0.401209 1.652432 -0.424715
v -0.277948 1.785480 -0.374630
v -0.451293 1.785480 -0.301457
v -0.351125 1.785480 -0.547972
v -0.401209 1.918527 -0.424715
v -0.798893 2.398487 0.553996
v -0.675633 2.531534 0.604081
v -0.748810 2.531534 0.430738
v -0.848977 2.531534 0.677253
v -0.798893 2.664582 0.553996
v -0.531359 2.398487 -0.104411
v -0.408099 2.531534 -0.054326
v -0.581443 2.531534 0.018846
v -0.481275 2.531534 -0.227669
v -0.531359 2.664582 -0.104411
v -1.086247 0.870406 1.261179
v -0.962987 1.003453 1.311264
v -1.036163 1.003453 1.137922
v -1.136331 1.003453 1.384436
v -1.086247 1.136501 1.261179
v -0.241016 0.870406 -0.818953
v -0.117755 1.003453 -0.768868
v -0.291099 1.003453 -0.695696
v -0.190932 1.003453 -0.942211
v -0.241016 1.136501 -0.818953
v -1.124744 0.283283 1.355922
v -1.313523 0.283284 1.820510
v -0.816781 2.925717 0.598018
v -0.860246 2.925717 0.580357
v -1.168209 0.283283 1.338260
v -1.356988 0.283284 1.802849
v -0.665126 2.758846 0.224792
v -0.708591 2.758846 0.207131
v -0.665126 2.751121 0.224792
v -0.708591 2.751121 0.207131
v -1.316045 -0.000000 2.197353
v 0.241924 -0.000000 -1.636842
v -1.316045 0.283283 2.197353
v 0.241924 0.283283 -1.636842
v -2.126664 0.283283 1.867970
v -0.568695 0.283283 -1.966225
v -2.126664 -0.000000 1.867970
v -0.568695 -0.000000 -1.966225
v 1.676322 -0.000000 -0.137874
v 1.606020 -0.000000 -0.275847
v 1.496523 -0.000000 -0.385343
v 1.358549 -0.000000 -0.455644
v 1.205606 -0.000000 -0.479868
v 1.052663 -0.000000 -0.455644
v 0.914689 -0.000000 -0.385343
v 0.805192 -0.000000 -0.275847
v 0.734890 -0.000000 -0.137874
v 0.710668 -0.000000 0.015071
v 0.734890 -0.000000 0.168015
v 0.805192 -0.000000 0.305988
v 0.914689 -0.000000 0.415485
v 1.052663 -0.000000 0.485786
v 1.205606 -0.000000 0.510009
v 1.358549 -0.000000 0.485785
v 1.496523 -0.000000 0.415485
v 1.606020 -0.000000 0.305988
v 1.676322 -0.000000 0.168015
v 1.700544 -0.000000 0.015071
v 1.676322 0.989877 -0.137874
v 1.606020 0.989877 -0.275847
v 1.496523 0.989877 -0.385343
v 1.358549 0.989877 -0.455644
v 1.205606 0.989877 -0.479868
v 1.052663 0.989877 -0.455644
v 0.914689 0.989877 -0.385343
v 0.805192 0.989877 -0.275847
v 0.734890 0.989877 -0.137874
v 0.710668 0.989877 0.015071
v 0.734890 0.989877 0.168015
v 0.805192 0.989877 0.305988
v 0.914689 0.989877 0.415485
v 1.052663 0.989877 0.485786
v 1.205606 0.989877 0.510009
v 1.358549 0.989877 0.485785
v 1.496523 0.989877 0.415485
v 1.606020 0.989877 0.305988
v 1.676322 0.989877 0.168015
v 1.700544 0.989877 0.015071
v 1.205606 1.287516 0.015071
v 1.052663 0.247469 0.485786
v 0.914689 0.247469 0.415485
v 0.805192 0.247469 0.305988
v 0.734890 0.247469 0.168015
v 0.710668 0.247469 0.015071
v 0.734890 0.247469 -0.137874
v 0.805192 0.247469 -0.275847
v 0.914689 0.247469 -0.385343
v 1.052663 0.247469 -0.455644
v 1.205606 0.247469 -0.479868
v 1.358549 0.247469 -0.455644
v 1.496523 0.247469 -0.385343
v 1.606020 0.247469 -0.275847
v 1.676322 0.247469 -0.137874
v 1.700544 0.247469 0.015071
v 1.676322 0.247469 0.168015
v 1.606020 0.247469 0.305988
v 1.496523 0.247469 0.415485
v 1.358549 0.247469 0.485785
v 1.205606 0.247469 0.510009
v 1.052663 0.837557 0.485786
v 0.914689 0.837557 0.415485
v 0.805192 0.837557 0.305988
v 0.734890 0.837557 0.168015
v 0.710668 0.837557 0.015071
v 0.734890 0.837557 -0.137874
v 0.805192 0.837557 -0.275847
v 0.914689 0.837557 -0.385343
v 1.052663 0.837557 -0.455644
v 1.205606 0.837557 -0.479868
v 1.358549 0.837557 -0.455644
v 1.496523 0.837557 -0.385343
v 1.606020 0.837557 -0.275847
v 1.676322 0.837557 -0.137874
v 1.700544 0.837557 0.015071
v 1.676322 0.837557 0.168015
v 1.606020 0.837557 0.305988
v 1.496523 0.837557 0.415485
v 1.358549 0.837557 0.485785
v 1.205606 0.837557 0.510009
v 1.167502 0.837557 0.132338
v 1.133132 0.837557 0.114823
v 1.105854 0.837557 0.087545
v 1.088339 0.837557 0.053173
v 1.082306 0.837557 0.015071
v 1.088339 0.837557 -0.023032
v 1.105854 0.837557 -0.057404
v 1.133132 0.837557 -0.084682
v 1.167502 0.837557 -0.102196
v 1.205606 0.837557 -0.108231
v 1.243710 0.837557 -0.102197
v 1.278080 0.837557 -0.084682
v 1.305358 0.837557 -0.057404
v 1.322873 0.837557 -0.023032
v 1.328906 0.837557 0.015071
v 1.322873 0.837557 0.053173
v 1.305358 0.837557 0.087545
v 1.278080 0.837557 0.114823
v 1.243710 0.837557 0.132338
v 1.205606 0.837557 0.138372
v 1.167502 0.247469 0.132338
v 1.133132 0.247469 0.114823
v 1.105854 0.247469 0.087545
v 1.088339 0.247469 0.053173
v 1.082306 0.247469 0.015071
v 1.088339 0.247469 -0.023032
v 1.105854 0.247469 -0.057404
v 1.133132 0.247469 -0.084682
v 1.167502 0.247469 -0.102196
v 1.205606 0.247469 -0.108231
v 1.243710 0.247469 -0.102197
v 1.278080 0.247469 -0.084682
v 1.305358 0.247469 -0.057404
v 1.322873 0.247469 -0.023032
v 1.328906 0.247469 0.015071
v 1.322873 0.247469 0.053173
v 1.305358 0.247469 0.087545
v 1.278080 0.247469 0.114823
v 1.243710 0.247469 0.132338
v 1.205606 0.247469 0.138372
v 1.676322 0.989877 -0.137874
v 1.606020 0.989877 -0.275847
v 1.496523 0.989877 -0.385343
v 1.358549 0.989877 -0.455644
v 1.205606 0.989877 -0.479868
v 1.052663 0.989877 -0.455644
v 0.914689 0.989877 -0.385343
v 0.805192 0.989877 -0.275847
v 0.734890 0.989877 -0.137874
v 0.710668 0.989877 0.015071
v 0.734890 0.989877 0.168015
v 0.805192 0.989877 0.305988
v 0.914689 0.989877 0.415485
v 1.052663 0.989877 0.485786
v 1.205606 0.989877 0.510009
v 1.358549 0.989877 0.485785
v 1.496523 0.989877 0.415485
v 1.606020 0.989877 0.305988
v 1.676322 0.989877 0.168015
v 1.700544 0.989877 0.015071
v 1.676322 1.087996 -0.137874
v 1.606020 1.150506 -0.275847
v 1.496523 1.087996 -0.385343
v 1.358549 1.150506 -0.455644
v 1.205606 1.087996 -0.479868
v 1.052663 1.150506 -0.455644
v 0.914689 1.087996 -0.385343
v 0.805192 1.150506 -0.275847
v 0.734890 1.087996 -0.137874
v 0.710668 1.150506 0.015071
v 0.734890 1.087996 0.168015
v 0.805192 1.150506 0.305988
v 0.914689 1.087996 0.415485
v 1.052663 1.150506 0.485786
v 1.205606 1.087996 0.510009
v 1.358549 1.150506 0.485785
v 1.496523 1.087996 0.415485
v 1.606020 1.150506 0.305988
v 1.676322 1.087996 0.168015
v 1.700544 1.150506 0.015071
v 1.544071 -0.000000 2.000362
v 1.490921 -0.000000 1.623917
v 1.297759 -0.000000 1.296467
v 0.993989 -0.000000 1.067861
v 0.625858 -0.000000 0.972905
v 0.249414 -0.000000 1.026055
v -0.078037 -0.000000 1.219218
v -0.306641 -0.000000 1.522987
v -0.401597 -0.000000 1.891116
v -0.348447 -0.000000 2.267561
v -0.155285 -0.000000 2.595011
v 0.148486 -0.000000 2.823617
v 0.516613 -0.000000 2.918572
v 0.893060 -0.000000 2.865423
v 1.220511 -0.000000 2.672260
v 1.449115 -0.000000 2.368491
v 0.813860 1.055477 1.959362
v 0.800603 1.055477 1.865477
v 0.752431 1.055477 1.783813
v 0.676670 1.055477 1.726799
v 0.584859 1.055477 1.703116
v 0.490974 1.055477 1.716371
v 0.409310 1.055477 1.764546
v 0.352297 1.055477 1.840306
v 0.328615 1.055477 1.932117
v 0.341868 1.055477 2.026000
v 0.390044 1.055477 2.107666
v 0.465804 1.055477 2.164680
v 0.557615 1.055477 2.188362
v 0.651498 1.055477 2.175106
v 0.733164 1.055477 2.126932
v 0.790177 1.055477 2.051172
v -0.155285 0.687615 2.595011
v -0.348447 0.687615 2.267561
v -0.401597 0.687615 1.891116
v -0.306641 0.687615 1.522987
v -0.078037 0.687615 1.219218
v 0.249414 0.687615 1.026055
v 0.625858 0.687615 0.972905
v 0.993989 0.687615 1.067861
v 1.297759 0.687615 1.296467
v 1.490921 0.687615 1.623917
v 1.544071 0.687615 2.000362
v 1.449115 0.687615 2.368491
v 1.220511 0.687615 2.672260
v 0.893060 0.687615 2.865423
v 0.516613 0.687615 2.918572
v 0.148486 0.687615 2.823617
v 0.813860 1.240873 1.959362
v 0.800603 1.240873 1.865477
v 0.752431 1.240873 1.783813
v 0.676670 1.240873 1.726799
v 0.584859 1.240873 1.703116
v 0.490974 1.240873 1.716371
v 0.409310 1.240873 1.764546
v 0.352297 1.240873 1.840306
v 0.328615 1.240873 1.932117
v 0.341868 1.240873 2.026000
v 0.390044 1.240873 2.107666
v 0.465804 1.240873 2.164680
v 0.557615 1.240873 2.188362
v 0.651498 1.240873 2.175106
v 0.733164 1.240873 2.126932
v 0.790177 1.240873 2.051172
v 0.571237 1.391797 1.945739
v 0.575726 1.626797 1.947901
v 0.566748 1.626797 1.943577
v 0.575726 1.378773 1.947901
v 0.566748 1.378773 1.943577
v 0.566748 1.501520 1.943577
v 0.679619 1.564158 1.997932
v 0.566748 1.626797 1.943577
v 1.205606 1.409559 0.015071
v 1.483239 1.478787 0.015071
v 1.205606 1.548014 0.015071
v 1.216622 1.548014 0.015071
v 1.205606 1.548014 0.015071
v 1.216622 1.273900 0.015071
v 1.205606 1.273900 0.015071
v 1.505508 0.881564 -0.300410
v 1.513297 0.881564 -0.292620
v 1.505508 0.073211 -0.300410
v 1.513297 0.073211 -0.292620
v 1.432959 0.434842 -0.314021
v 1.534698 0.434842 -0.212283
v 1.437816 0.487974 -0.318877
v 1.539554 0.487974 -0.217139
v 1.588792 0.487974 -0.266378
v 1.491897 0.434842 -0.372958
v 1.593635 0.434842 -0.271220
v 1.513690 0.487974 -0.243003
v 1.562928 0.487974 -0.292242
v 1.567770 0.434842 -0.297084
v 1.508833 0.434842 -0.238147
v 1.463100 0.487974 -0.293593
v 1.512338 0.487974 -0.342832
v 1.517180 0.434842 -0.347674
v 1.458243 0.434842 -0.288737
v 1.587538 0.550933 -0.239522
v 1.574737 0.550933 -0.252322
v 1.574737 0.518191 -0.252322
v 1.574737 0.434842 -0.252322
v 1.548873 0.434842 -0.278187
v 1.498283 0.434842 -0.328777
v 1.472999 0.434842 -0.354061
v 1.472999 0.518191 -0.354061
v 1.498283 0.518191 -0.328777
v 1.548873 0.518191 -0.278187
v 1.548873 0.550933 -0.278187
v 1.548873 0.583675 -0.278187
v 1.574737 0.583675 -0.252322
v 1.587538 0.568166 -0.239522
v 1.566395 0.550933 -0.218380
v 1.553595 0.550933 -0.231180
v 1.553595 0.518191 -0.231180
v 1.553595 0.434842 -0.231180
v 1.527731 0.434842 -0.257045
v 1.477141 0.434842 -0.307635
v 1.451857 0.434842 -0.332919
v 1.451857 0.518191 -0.332919
v 1.477141 0.518191 -0.307635
v 1.527731 0.518191 -0.257045
v 1.527731 0.550933 -0.257045
v 1.527731 0.583675 -0.257045
v 1.553595 0.583675 -0.231180
v 1.566395 0.568166 -0.218380
v 1.491897 0.362279 -0.372958
v 1.517180 0.362279 -0.347674
v 1.498283 0.362279 -0.328777
v 1.472999 0.362279 -0.354061
v 1.574737 0.362279 -0.252322
v 1.548873 0.362279 -0.278187
v 1.567770 0.362279 -0.297084
v 1.593635 0.362279 -0.271220
v 1.527731 0.362279 -0.257045
v 1.508833 0.362279 -0.238147
v 1.553595 0.362279 -0.231180
v 1.534698 0.362279 -0.212283
v 1.477141 0.362279 -0.307635
v 1.451857 0.362279 -0.332919
v 1.458243 0.362279 -0.288737
v 1.432959 0.362279 -0.314021
v 1.487125 0.487974 -0.368186
v 1.216622 0.881564 0.450212
v 1.205606 0.881564 0.450212
v 1.216622 0.073211 0.450212
v 1.205606 0.073211 0.450212
v 1.277546 0.434842 0.408537
v 1.133666 0.434842 0.408537
v 1.277546 0.487974 0.415405
v 1.133666 0.487974 0.415405
v 1.133666 0.487974 0.485038
v 1.277546 0.434842 0.491886
v 1.133666 0.434842 0.491886
v 1.170244 0.487974 0.415405
v 1.170244 0.487974 0.485038
v 1.170244 0.434842 0.491886
v 1.170244 0.434842 0.408537
v 1.241789 0.487974 0.415405
v 1.241789 0.487974 0.485038
v 1.241789 0.434842 0.491886
v 1.241789 0.434842 0.408537
v 1.115564 0.550933 0.465161
v 1.133666 0.550933 0.465161
v 1.133666 0.518191 0.465161
v 1.133666 0.434842 0.465161
v 1.170244 0.434842 0.465161
v 1.241789 0.434842 0.465161
v 1.277546 0.434842 0.465161
v 1.277546 0.518191 0.465161
v 1.241789 0.518191 0.465161
v 1.170244 0.518191 0.465161
v 1.170244 0.550933 0.465161
v 1.170244 0.583675 0.465161
v 1.133666 0.583675 0.465161
v 1.115564 0.568166 0.465161
v 1.115564 0.550933 0.435262
v 1.133666 0.550933 0.435262
v 1.133666 0.518191 0.435262
v 1.133666 0.434842 0.435262
v 1.170244 0.434842 0.435262
v 1.241789 0.434842 0.435262
v 1.277546 0.434842 0.435262
v 1.277546 0.518191 0.435262
v 1.241789 0.518191 0.435262
v 1.170244 0.518191 0.435262
v 1.170244 0.550933 0.435262
v 1.170244 0.583675 0.435262
v 1.133666 0.583675 0.435262
v 1.115564 0.568166 0.435262
v 1.277546 0.362279 0.491886
v 1.241789 0.362279 0.491886
v 1.241789 0.362279 0.465161
v 1.277546 0.362279 0.465161
v 1.133666 0.362279 0.465161
v 1.170244 0.362279 0.465161
v 1.170244 0.362279 0.491886
v 1.133666 0.362279 0.491886
v 1.170244 0.362279 0.435262
v 1.170244 0.362279 0.408537
v 1.133666 0.362279 0.435262
v 1.133666 0.362279 0.408537
v 1.241789 0.362279 0.435262
v 1.277546 0.362279 0.435262
v 1.241789 0.362279 0.408537
v 1.277546 0.362279 0.408537
v 1.277546 0.487974 0.485138
v 0.890126 0.881564 -0.284831
v 0.897915 0.881564 -0.292620
v 0.890126 0.073211 -0.284831
v 0.897915 0.073211 -0.292620
v 0.876514 0.434842 -0.212283
v 0.978253 0.434842 -0.314021
v 0.871658 0.487974 -0.217139
v 0.973396 0.487974 -0.318877
v 0.924158 0.487974 -0.368116
v 0.817577 0.434842 -0.271220
v 0.919315 0.434842 -0.372958
v 0.947532 0.487974 -0.293013
v 0.898294 0.487974 -0.342252
v 0.893451 0.434842 -0.347094
v 0.952388 0.434842 -0.288157
v 0.896942 0.487974 -0.242423
v 0.847704 0.487974 -0.291662
v 0.842861 0.434842 -0.296504
v 0.901798 0.434842 -0.237567
v 0.951013 0.550933 -0.366861
v 0.938213 0.550933 -0.354061
v 0.938213 0.518191 -0.354061
v 0.938213 0.434842 -0.354061
v 0.912349 0.434842 -0.328196
v 0.861759 0.434842 -0.277606
v 0.836475 0.434842 -0.252322
v 0.836475 0.518191 -0.252322
v 0.861759 0.518191 -0.277606
v 0.912349 0.518191 -0.328196
v 0.912349 0.550933 -0.328196
v 0.912349 0.583675 -0.328196
v 0.938213 0.583675 -0.354061
v 0.951013 0.568166 -0.366861
v 0.972155 0.550933 -0.345719
v 0.959355 0.550933 -0.332919
v 0.959355 0.518191 -0.332919
v 0.959355 0.434842 -0.332919
v 0.933491 0.434842 -0.307054
v 0.882901 0.434842 -0.256464
v 0.857617 0.434842 -0.231180
v 0.857617 0.518191 -0.231180
v 0.882901 0.518191 -0.256464
v 0.933491 0.518191 -0.307054
v 0.933491 0.550933 -0.307054
v 0.933491 0.583675 -0.307054
v 0.959355 0.583675 -0.332919
v 0.972155 0.568166 -0.345719
v 0.817577 0.362279 -0.271220
v 0.842861 0.362279 -0.296504
v 0.861759 0.362279 -0.277606
v 0.836475 0.362279 -0.252322
v 0.938213 0.362279 -0.354061
v 0.912349 0.362279 -0.328196
v 0.893451 0.362279 -0.347094
v 0.919315 0.362279 -0.372958
v 0.933491 0.362279 -0.307054
v 0.952388 0.362279 -0.288157
v 0.959355 0.362279 -0.332919
v 0.978253 0.362279 -0.314021
v 0.882901 0.362279 -0.256464
v 0.857617 0.362279 -0.231180
v 0.901798 0.362279 -0.237567
v 0.876514 0.362279 -0.212283
v 0.822349 0.487974 -0.266448
vt 0.998008 0.810987
vt 0.994006 0.810987
vt 0.994006 0.415542
vt 0.998008 0.415542
vt 0.998008 0.810987
vt 0.994006 0.810987
vt 0.994006 0.415542
vt 0.998008 0.415542
vt 0.998008 0.810987
vt 0.994006 0.810987
vt 0.994006 0.415542
vt 0.998008 0.415542
vt 0.998008 0.810987
vt 0.994006 0.810987
vt 0.994006 0.415542
vt 0.998008 0.415542
vt 0.998008 0.810987
vt 0.994006 0.810987
vt 0.994006 0.415542
vt 0.998008 0.415542
vt 0.998008 0.810987
vt 0.994006 0.810987
vt 0.994006 0.415542
vt 0.998008 0.415542
vt 0.998008 0.810987
vt 0.994006 0.810987
vt 0.994006 0.415542
vt 0.998008 0.415542
vt 0.998008 0.810987
vt 0.994006 0.810987
vt 0.994006 0.415542
vt 0.998008 0.415542
vt 0.560054 0.285078
vt 0.515643 0.351544
vt 0.508604 0.344506
vt 0.550858 0.281269
vt 0.449176 0.395956
vt 0.445367 0.386759
vt 0.370774 0.411551
vt 0.370774 0.401597
vt 0.292372 0.395956
vt 0.296181 0.386759
vt 0.225905 0.351544
vt 0.232944 0.344506
vt 0.181494 0.285078
vt 0.190690 0.281269
vt 0.165899 0.206676
vt 0.175852 0.206676
vt 0.181493 0.128273
vt 0.190690 0.132082
vt 0.225905 0.061807
vt 0.232944 0.068846
vt 0.292372 0.017396
vt 0.296181 0.026592
vt 0.370774 0.001800
vt 0.370774 0.011754
vt 0.449176 0.017396
vt 0.445367 0.026592
vt 0.515643 0.061807
vt 0.508604 0.068845
vt 0.560054 0.128273
vt 0.550858 0.132082
vt 0.575649 0.206676
vt 0.565695 0.206676
vt 0.932719 0.061807
vt 0.977130 0.128273
vt 0.967934 0.132082
vt 0.925680 0.068845
vt 0.866252 0.017396
vt 0.862443 0.026592
vt 0.787850 0.001800
vt 0.787850 0.011754
vt 0.709448 0.017395
vt 0.713257 0.026592
vt 0.642981 0.061807
vt 0.650020 0.068845
vt 0.598570 0.128273
vt 0.607766 0.132082
vt 0.582975 0.206675
vt 0.592928 0.206675
vt 0.598569 0.285078
vt 0.607766 0.281269
vt 0.642981 0.351544
vt 0.650020 0.344505
vt 0.709448 0.395955
vt 0.713257 0.386759
vt 0.787850 0.411551
vt 0.787850 0.401597
vt 0.866252 0.395955
vt 0.862443 0.386759
vt 0.932719 0.351544
vt 0.925680 0.344506
vt 0.977130 0.285078
vt 0.967934 0.281269
vt 0.992725 0.206676
vt 0.982771 0.206676
vt 0.929398 0.780043
vt 0.929398 0.820419
vt 0.879470 0.820419
vt 0.879470 0.780043
vt 0.929398 0.860795
vt 0.879470 0.860795
vt 0.823405 0.860796
vt 0.823405 0.820420
vt 0.873334 0.820420
vt 0.873334 0.860796
vt 0.823405 0.780044
vt 0.873334 0.780044
vt 0.767341 0.867720
vt 0.767341 0.827344
vt 0.817270 0.827344
vt 0.817270 0.867720
vt 0.767341 0.786969
vt 0.817270 0.786969
vt 0.761206 0.786969
vt 0.761206 0.827344
vt 0.711277 0.827344
vt 0.711277 0.786969
vt 0.761206 0.867720
vt 0.711277 0.867720
vt 0.330191 0.664530
vt 0.370567 0.681254
vt 0.330191 0.721630
vt 0.289815 0.681254
vt 0.273091 0.721630
vt 0.289815 0.762006
vt 0.330191 0.778730
vt 0.370567 0.762006
vt 0.387291 0.721630
vt 0.491402 0.762006
vt 0.451026 0.778730
vt 0.451026 0.721630
vt 0.410650 0.762006
vt 0.393926 0.721630
vt 0.410650 0.681254
vt 0.451026 0.664530
vt 0.491402 0.681254
vt 0.508126 0.721630
vt 0.938004 0.415542
vt 0.816594 0.660943
vt 0.816594 0.661711
vt 0.856654 0.678305
vt 0.987871 0.415542
vt 0.627750 0.415542
vt 0.627750 0.678305
vt 0.632416 0.678305
vt 0.632416 0.415542
vt 0.616950 0.415542
vt 0.616950 0.660943
vt 0.621615 0.660943
vt 0.621615 0.415542
vt 0.073948 0.714276
vt 0.073948 0.674216
vt 0.069283 0.674216
vt 0.069283 0.714276
vt 0.638866 0.432904
vt 0.760276 0.678305
vt 0.810143 0.678305
vt 0.678926 0.415542
vt 0.638866 0.432136
vt 0.011466 0.674216
vt 0.024697 0.687446
vt 0.011466 0.687446
vt 0.011466 0.687446
vt 0.011466 0.700676
vt 0.011466 0.674216
vt 0.011466 0.687446
vt 0.024697 0.687446
vt 0.011466 0.687446
vt 0.011466 0.700676
vt 0.011466 0.674216
vt 0.024697 0.687446
vt 0.011466 0.687446
vt 0.011466 0.687446
vt 0.011466 0.700676
vt 0.011466 0.674216
vt 0.011466 0.687446
vt 0.024697 0.687446
vt 0.011466 0.687446
vt 0.011466 0.700676
vt 0.011466 0.674216
vt 0.024697 0.687446
vt 0.011466 0.687446
vt 0.011466 0.687446
vt 0.011466 0.700676
vt 0.011466 0.674216
vt 0.011466 0.687446
vt 0.024697 0.687446
vt 0.011466 0.687446
vt 0.011466 0.700676
vt 0.938004 0.415542
vt 0.987871 0.415542
vt 0.856654 0.678305
vt 0.816594 0.661711
vt 0.816594 0.660943
vt 0.627750 0.415542
vt 0.632416 0.415542
vt 0.632416 0.678305
vt 0.627750 0.678305
vt 0.616950 0.415542
vt 0.621615 0.415542
vt 0.621615 0.660943
vt 0.616950 0.660943
vt 0.073948 0.714276
vt 0.069283 0.714276
vt 0.069283 0.674216
vt 0.073948 0.674216
vt 0.638866 0.432904
vt 0.638866 0.432136
vt 0.678926 0.415542
vt 0.810143 0.678305
vt 0.760276 0.678305
vt 0.938004 0.415542
vt 0.987871 0.415542
vt 0.856654 0.678305
vt 0.816594 0.661711
vt 0.816594 0.660943
vt 0.627750 0.415542
vt 0.632416 0.415542
vt 0.632416 0.678305
vt 0.627750 0.678305
vt 0.616950 0.415542
vt 0.621615 0.415542
vt 0.621615 0.660943
vt 0.616950 0.660943
vt 0.073948 0.714276
vt 0.069283 0.714276
vt 0.069283 0.674216
vt 0.073948 0.674216
vt 0.638866 0.432904
vt 0.638866 0.432136
vt 0.678926 0.415542
vt 0.810143 0.678305
vt 0.760276 0.678305
vt 0.011466 0.674216
vt 0.011466 0.687446
vt 0.024697 0.687446
vt 0.011466 0.687446
vt 0.011466 0.700676
vt 0.011466 0.674216
vt 0.024697 0.687446
vt 0.011466 0.687446
vt 0.011466 0.687446
vt 0.011466 0.700676
vt 0.011466 0.674216
vt 0.011466 0.687446
vt 0.024697 0.687446
vt 0.011466 0.687446
vt 0.011466 0.700676
vt 0.011466 0.674216
vt 0.024697 0.687446
vt 0.011466 0.687446
vt 0.011466 0.687446
vt 0.011466 0.700676
vt 0.011466 0.674216
vt 0.011466 0.687446
vt 0.024697 0.687446
vt 0.011466 0.687446
vt 0.011466 0.700676
vt 0.011466 0.674216
vt 0.024697 0.687446
vt 0.011466 0.687446
vt 0.011466 0.687446
vt 0.011466 0.700676
vt 0.938004 0.415542
vt 0.816594 0.660943
vt 0.816594 0.661711
vt 0.856654 0.678305
vt 0.987871 0.415542
vt 0.627750 0.415542
vt 0.627750 0.678305
vt 0.632416 0.678305
vt 0.632416 0.415542
vt 0.616950 0.415542
vt 0.616950 0.660943
vt 0.621615 0.660943
vt 0.621615 0.415542
vt 0.073948 0.714276
vt 0.073948 0.674216
vt 0.069283 0.674216
vt 0.069283 0.714276
vt 0.638866 0.432904
vt 0.760276 0.678305
vt 0.810143 0.678305
vt 0.678926 0.415542
vt 0.638866 0.432136
vt 0.001992 0.413345
vt 0.001992 0.001800
vt 0.030162 0.001800
vt 0.030162 0.413345
vt 0.037268 0.413345
vt 0.037268 0.001800
vt 0.124276 0.001800
vt 0.124276 0.413345
vt 0.130818 0.413345
vt 0.130818 0.001800
vt 0.158987 0.001800
vt 0.158987 0.413345
vt 0.969839 0.901987
vt 0.969839 0.814979
vt 0.998008 0.814979
vt 0.998008 0.901987
vt 0.935534 0.867051
vt 0.935534 0.780044
vt 0.963703 0.780044
vt 0.963703 0.867051
vt 0.522557 0.695642
vt 0.522557 0.678296
vt 0.553669 0.678296
vt 0.553669 0.695642
vt 0.522557 0.664530
vt 0.553669 0.664530
vt 0.593990 0.769202
vt 0.593990 0.786548
vt 0.562878 0.786548
vt 0.562878 0.769202
vt 0.593990 0.805776
vt 0.562878 0.805776
vt 0.593990 0.825005
vt 0.562878 0.825005
vt 0.593990 0.842351
vt 0.562878 0.842351
vt 0.561536 0.765211
vt 0.561536 0.751445
vt 0.592648 0.751445
vt 0.592648 0.765211
vt 0.561536 0.734099
vt 0.592648 0.734099
vt 0.561536 0.714870
vt 0.592648 0.714870
vt 0.561536 0.695642
vt 0.592648 0.695642
vt 0.561536 0.678296
vt 0.592648 0.678296
vt 0.561536 0.664530
vt 0.592648 0.664530
vt 0.525631 0.842350
vt 0.525631 0.825005
vt 0.556743 0.825005
vt 0.556743 0.842350
vt 0.525631 0.805776
vt 0.556743 0.805776
vt 0.525631 0.786548
vt 0.556743 0.786548
vt 0.525631 0.769202
vt 0.556743 0.769202
vt 0.522557 0.765211
vt 0.522557 0.751445
vt 0.553669 0.751445
vt 0.553669 0.765211
vt 0.522557 0.734099
vt 0.553669 0.734099
vt 0.522557 0.714870
vt 0.553669 0.714870
vt 0.151995 0.645881
vt 0.169341 0.654719
vt 0.132767 0.705059
vt 0.183107 0.668485
vt 0.191946 0.685831
vt 0.194991 0.705059
vt 0.191946 0.724288
vt 0.183107 0.741633
vt 0.169341 0.755400
vt 0.151995 0.764238
vt 0.619665 0.751865
vt 0.619665 0.732637
vt 0.657085 0.732637
vt 0.619665 0.713408
vt 0.245925 0.764238
vt 0.228579 0.755400
vt 0.265153 0.705059
vt 0.214813 0.741633
vt 0.205974 0.724288
vt 0.202929 0.705059
vt 0.205974 0.685831
vt 0.214813 0.668485
vt 0.228579 0.654719
vt 0.245925 0.645881
vt 0.683981 0.751865
vt 0.683981 0.732637
vt 0.721400 0.732637
vt 0.683981 0.713408
vt 0.075719 0.429220
vt 0.093065 0.420382
vt 0.107502 0.464818
vt 0.103181 0.467020
vt 0.061953 0.442986
vt 0.099752 0.470449
vt 0.053114 0.460332
vt 0.097550 0.474770
vt 0.050069 0.479561
vt 0.096791 0.479561
vt 0.053114 0.498789
vt 0.097550 0.484351
vt 0.061953 0.516135
vt 0.099752 0.488672
vt 0.075719 0.529901
vt 0.103181 0.492102
vt 0.093065 0.538739
vt 0.107502 0.494303
vt 0.112293 0.541785
vt 0.112293 0.495062
vt 0.131521 0.538739
vt 0.117083 0.494304
vt 0.148867 0.529901
vt 0.121404 0.492102
vt 0.162633 0.516135
vt 0.124834 0.488672
vt 0.171472 0.498789
vt 0.127036 0.484351
vt 0.174517 0.479561
vt 0.127794 0.479561
vt 0.171472 0.460332
vt 0.127036 0.474770
vt 0.162633 0.442986
vt 0.124834 0.470449
vt 0.148867 0.429220
vt 0.121404 0.467020
vt 0.131521 0.420382
vt 0.117083 0.464818
vt 0.112293 0.417336
vt 0.112293 0.464059
vt 0.500345 0.855870
vt 0.500345 0.838524
vt 0.519495 0.838524
vt 0.519495 0.855870
vt 0.600515 0.696062
vt 0.600515 0.682296
vt 0.619665 0.682296
vt 0.619665 0.696062
vt 0.600515 0.713408
vt 0.600515 0.732637
vt 0.600515 0.751865
vt 0.600515 0.769211
vt 0.619665 0.769211
vt 0.600515 0.782977
vt 0.619665 0.782977
vt 0.494209 0.838524
vt 0.494209 0.855870
vt 0.475060 0.855870
vt 0.475060 0.838524
vt 0.494209 0.819296
vt 0.475060 0.819296
vt 0.494209 0.800067
vt 0.475060 0.800067
vt 0.494209 0.782721
vt 0.475060 0.782721
vt 0.664831 0.696062
vt 0.664831 0.682296
vt 0.683981 0.682296
vt 0.683981 0.696062
vt 0.664831 0.713408
vt 0.664831 0.732637
vt 0.664831 0.751865
vt 0.664831 0.769211
vt 0.683981 0.769211
vt 0.664831 0.782977
vt 0.683981 0.782977
vt 0.500345 0.800067
vt 0.500345 0.782721
vt 0.519495 0.782721
vt 0.519495 0.800067
vt 0.500345 0.819296
vt 0.519495 0.819296
vt 0.055105 0.620541
vt 0.059426 0.622743
vt 0.044988 0.667179
vt 0.027642 0.658341
vt 0.051675 0.617112
vt 0.013876 0.644575
vt 0.049473 0.612790
vt 0.005037 0.627228
vt 0.048715 0.608000
vt 0.001992 0.608000
vt 0.049473 0.603210
vt 0.005037 0.588772
vt 0.051675 0.598889
vt 0.013876 0.571426
vt 0.055105 0.595459
vt 0.027642 0.557660
vt 0.059426 0.593257
vt 0.044988 0.548822
vt 0.064216 0.592499
vt 0.064216 0.545776
vt 0.069007 0.593257
vt 0.083444 0.548822
vt 0.073328 0.595459
vt 0.100790 0.557660
vt 0.076757 0.598889
vt 0.114556 0.571426
vt 0.078959 0.603210
vt 0.123395 0.588772
vt 0.079718 0.608000
vt 0.126440 0.608000
vt 0.078959 0.612790
vt 0.123395 0.627228
vt 0.076757 0.617112
vt 0.114556 0.644575
vt 0.073328 0.620541
vt 0.100790 0.658341
vt 0.069007 0.622743
vt 0.083444 0.667179
vt 0.064216 0.623502
vt 0.064216 0.670224
vt 0.686919 0.861155
vt 0.686919 0.786969
vt 0.691239 0.786969
vt 0.691239 0.861155
vt 0.677354 0.861155
vt 0.677354 0.786969
vt 0.680783 0.786969
vt 0.680783 0.861155
vt 0.673032 0.861155
vt 0.673032 0.786969
vt 0.668242 0.861155
vt 0.668242 0.786969
vt 0.663452 0.861155
vt 0.663452 0.786969
vt 0.659131 0.861155
vt 0.659131 0.786969
vt 0.655701 0.861155
vt 0.655701 0.786969
vt 0.635664 0.786969
vt 0.635664 0.861155
vt 0.631343 0.861155
vt 0.631343 0.786969
vt 0.640454 0.786969
vt 0.640454 0.861155
vt 0.645245 0.786969
vt 0.645245 0.861155
vt 0.649566 0.786969
vt 0.649566 0.861155
vt 0.621778 0.861155
vt 0.621778 0.786969
vt 0.625207 0.786969
vt 0.625207 0.861155
vt 0.617457 0.861155
vt 0.617457 0.786969
vt 0.612666 0.861155
vt 0.612666 0.786969
vt 0.607876 0.861155
vt 0.607876 0.786969
vt 0.603555 0.861155
vt 0.603555 0.786969
vt 0.600126 0.861155
vt 0.600126 0.786969
vt 0.700821 0.861155
vt 0.700821 0.786969
vt 0.705142 0.786969
vt 0.705142 0.861155
vt 0.696030 0.861155
vt 0.696030 0.786969
vt 0.729146 0.696062
vt 0.749340 0.696062
vt 0.741482 0.713408
vt 0.729146 0.713408
vt 0.729146 0.682296
vt 0.741482 0.682296
vt 0.468925 0.800067
vt 0.448730 0.800067
vt 0.456589 0.782721
vt 0.468925 0.782721
vt 0.468925 0.819296
vt 0.456589 0.819296
vt 0.468925 0.838524
vt 0.448730 0.838524
vt 0.468925 0.855870
vt 0.456589 0.855870
vt 0.756432 0.769211
vt 0.776626 0.769211
vt 0.768767 0.782977
vt 0.756432 0.782977
vt 0.756432 0.751865
vt 0.768767 0.751865
vt 0.756432 0.732637
vt 0.776626 0.732637
vt 0.756432 0.713408
vt 0.768767 0.713408
vt 0.756432 0.696062
vt 0.776626 0.696062
vt 0.756432 0.682296
vt 0.768767 0.682296
vt 0.422401 0.838524
vt 0.442595 0.838524
vt 0.434736 0.855870
vt 0.422401 0.855870
vt 0.422401 0.819296
vt 0.434736 0.819296
vt 0.422401 0.800067
vt 0.442595 0.800067
vt 0.422401 0.782721
vt 0.434736 0.782721
vt 0.729146 0.769211
vt 0.749340 0.769211
vt 0.741482 0.782977
vt 0.729146 0.782977
vt 0.729146 0.751865
vt 0.741482 0.751865
vt 0.729146 0.732637
vt 0.749340 0.732637
vt 0.273235 0.481838
vt 0.273235 0.442096
vt 0.359683 0.442096
vt 0.359683 0.481838
vt 0.273235 0.415542
vt 0.359683 0.415542
vt 0.870164 0.682296
vt 0.870164 0.729175
vt 0.783717 0.729175
vt 0.783717 0.682296
vt 0.870164 0.776053
vt 0.783717 0.776053
vt 0.180652 0.641889
vt 0.180652 0.615335
vt 0.267100 0.615335
vt 0.267100 0.641889
vt 0.180652 0.575594
vt 0.267100 0.575594
vt 0.180652 0.528716
vt 0.267100 0.528716
vt 0.180652 0.481838
vt 0.267100 0.481838
vt 0.180652 0.442096
vt 0.267100 0.442096
vt 0.180652 0.415542
vt 0.267100 0.415542
vt 0.877266 0.776052
vt 0.877266 0.729174
vt 0.963714 0.729174
vt 0.963714 0.776052
vt 0.877266 0.682296
vt 0.963714 0.682296
vt 0.273235 0.641889
vt 0.273235 0.615335
vt 0.359683 0.615335
vt 0.359683 0.641889
vt 0.273235 0.575593
vt 0.359683 0.575593
vt 0.273235 0.528716
vt 0.359683 0.528716
vt 0.401697 0.624660
vt 0.375142 0.584918
vt 0.460091 0.549732
vt 0.466713 0.559643
vt 0.441438 0.651214
vt 0.476625 0.566266
vt 0.488316 0.660538
vt 0.488316 0.568591
vt 0.535194 0.651214
vt 0.500007 0.566266
vt 0.574935 0.624660
vt 0.509919 0.559643
vt 0.601489 0.584918
vt 0.516541 0.549732
vt 0.610814 0.538040
vt 0.518866 0.538040
vt 0.601489 0.491162
vt 0.516541 0.526349
vt 0.574935 0.451421
vt 0.509919 0.516438
vt 0.535194 0.424867
vt 0.500007 0.509815
vt 0.488316 0.415542
vt 0.488316 0.507490
vt 0.441438 0.424867
vt 0.476625 0.509815
vt 0.401697 0.451421
vt 0.466713 0.516438
vt 0.375142 0.491163
vt 0.460091 0.526349
vt 0.365818 0.538040
vt 0.457766 0.538040
vt 0.373983 0.799255
vt 0.373983 0.789344
vt 0.397291 0.789344
vt 0.397291 0.799255
vt 0.373983 0.782721
vt 0.397291 0.782721
vt 0.043036 0.713112
vt 0.043036 0.724803
vt 0.019728 0.724803
vt 0.019728 0.713112
vt 0.043036 0.736494
vt 0.019728 0.736494
vt 0.325565 0.839172
vt 0.325565 0.832549
vt 0.348873 0.832549
vt 0.348873 0.839172
vt 0.325565 0.822638
vt 0.348873 0.822638
vt 0.325565 0.810947
vt 0.348873 0.810947
vt 0.325565 0.799255
vt 0.348873 0.799255
vt 0.325565 0.789344
vt 0.348873 0.789344
vt 0.325565 0.782721
vt 0.348873 0.782721
vt 0.050911 0.741966
vt 0.050911 0.730274
vt 0.074219 0.730274
vt 0.074219 0.741966
vt 0.050911 0.718583
vt 0.074219 0.718583
vt 0.373983 0.839172
vt 0.373983 0.832549
vt 0.397291 0.832549
vt 0.397291 0.839172
vt 0.373983 0.822638
vt 0.397291 0.822638
vt 0.373983 0.810947
vt 0.397291 0.810947
vt 0.300570 0.782721
vt 0.310482 0.789344
vt 0.288879 0.810947
vt 0.317104 0.799255
vt 0.319430 0.810947
vt 0.317104 0.822638
vt 0.310482 0.832549
vt 0.300570 0.839172
vt 0.367848 0.810947
vt 0.271052 0.839172
vt 0.261141 0.832549
vt 0.282744 0.810947
vt 0.254519 0.822638
vt 0.252193 0.810947
vt 0.254519 0.799255
vt 0.261141 0.789344
vt 0.271052 0.782721
vt 0.416265 0.810947
vt 0.032085 0.705398
vt 0.030832 0.705398
vt 0.030832 0.674216
vt 0.032085 0.674216
vt 0.249704 0.858914
vt 0.257579 0.843163
vt 0.265454 0.858914
vt 0.045741 0.709120
vt 0.054444 0.674216
vt 0.063148 0.709120
vt 0.039605 0.708678
vt 0.038221 0.708678
vt 0.038221 0.674216
vt 0.039605 0.674216
vt 0.516146 0.766157
vt 0.514761 0.766157
vt 0.514761 0.664530
vt 0.516146 0.664530
vt 0.176477 0.820539
vt 0.176477 0.825035
vt 0.169797 0.825035
vt 0.169797 0.820539
vt 0.199455 0.820539
vt 0.199455 0.825035
vt 0.195696 0.825035
vt 0.195696 0.820539
vt 0.212136 0.825035
vt 0.212136 0.820539
vt 0.215895 0.820539
vt 0.215895 0.825035
vt 0.005352 0.724269
vt 0.005352 0.713790
vt 0.009111 0.713790
vt 0.009111 0.724269
vt 0.089213 0.735648
vt 0.089213 0.746127
vt 0.085454 0.746127
vt 0.085454 0.735648
vt 0.407569 0.843163
vt 0.411328 0.843163
vt 0.411328 0.847762
vt 0.407569 0.847762
vt 0.235439 0.834029
vt 0.242119 0.834029
vt 0.242119 0.838628
vt 0.235439 0.838628
vt 0.212136 0.838628
vt 0.212136 0.834029
vt 0.215895 0.834029
vt 0.215895 0.838628
vt 0.169797 0.834029
vt 0.176477 0.834029
vt 0.176477 0.838628
vt 0.169797 0.838628
vt 0.005352 0.728385
vt 0.009111 0.728385
vt 0.372349 0.843163
vt 0.372349 0.847280
vt 0.368590 0.847280
vt 0.368590 0.843163
vt 0.372349 0.851396
vt 0.368590 0.851396
vt 0.458242 0.862028
vt 0.458242 0.859861
vt 0.462001 0.859861
vt 0.462001 0.862028
vt 0.469935 0.859861
vt 0.472211 0.859861
vt 0.472211 0.863620
vt 0.469935 0.863620
vt 0.458242 0.863978
vt 0.462001 0.863978
vt 0.199455 0.834029
vt 0.195696 0.834029
vt 0.235439 0.825035
vt 0.242119 0.825035
vt 0.193197 0.834029
vt 0.193197 0.825035
vt 0.442112 0.859861
vt 0.442112 0.864357
vt 0.438752 0.864357
vt 0.438752 0.859861
vt 0.219255 0.825035
vt 0.219255 0.834029
vt 0.419263 0.864460
vt 0.419263 0.859861
vt 0.422622 0.859861
vt 0.422622 0.864460
vt 0.012471 0.713790
vt 0.011610 0.720470
vt 0.001992 0.713790
vt 0.002855 0.720470
vt 0.429008 0.859861
vt 0.432368 0.859861
vt 0.432368 0.864460
vt 0.429008 0.864460
vt 0.208776 0.825035
vt 0.208776 0.834029
vt 0.451857 0.859861
vt 0.451857 0.864357
vt 0.448497 0.864357
vt 0.448497 0.859861
vt 0.092573 0.735648
vt 0.091709 0.742328
vt 0.201951 0.820539
vt 0.201951 0.825035
vt 0.201951 0.834029
vt 0.235439 0.820539
vt 0.226316 0.825035
vt 0.226316 0.820539
vt 0.286196 0.852286
vt 0.282836 0.852286
vt 0.282836 0.843163
vt 0.286196 0.843163
vt 0.292581 0.843164
vt 0.297076 0.843164
vt 0.297076 0.852286
vt 0.292581 0.852286
vt 0.082094 0.735648
vt 0.082094 0.726526
vt 0.085454 0.726526
vt 0.304274 0.843164
vt 0.308873 0.843164
vt 0.308873 0.852286
vt 0.304274 0.852286
vt 0.319328 0.852286
vt 0.315968 0.852286
vt 0.315968 0.843163
vt 0.319328 0.843163
vt 0.226316 0.838628
vt 0.226316 0.834029
vt 0.009111 0.704668
vt 0.012471 0.704668
vt 0.329073 0.852286
vt 0.325713 0.852286
vt 0.325713 0.843163
vt 0.329073 0.843163
vt 0.340057 0.852286
vt 0.335458 0.852286
vt 0.335458 0.843163
vt 0.340057 0.843163
vt 0.001992 0.704668
vt 0.005352 0.704668
vt 0.185599 0.834029
vt 0.185599 0.838628
vt 0.351647 0.852286
vt 0.347152 0.852286
vt 0.347152 0.843163
vt 0.351647 0.843163
vt 0.362205 0.852286
vt 0.358845 0.852286
vt 0.358845 0.843163
vt 0.362205 0.843163
vt 0.185599 0.820539
vt 0.185599 0.825035
vt 0.089213 0.726526
vt 0.092573 0.726526
vt 0.201951 0.838628
vt 0.199455 0.838628
vt 0.382559 0.851396
vt 0.382559 0.847280
vt 0.387158 0.847280
vt 0.387158 0.851396
vt 0.382559 0.843163
vt 0.387158 0.843163
vt 0.380284 0.847280
vt 0.380284 0.845113
vt 0.393926 0.849446
vt 0.393926 0.847279
vt 0.396202 0.847279
vt 0.396202 0.851396
vt 0.400800 0.851396
vt 0.400800 0.847279
vt 0.396202 0.843163
vt 0.400800 0.843163
vt 0.195696 0.838628
vt 0.193197 0.838628
vt 0.242119 0.820539
vt 0.193184 0.820539
vt 0.082942 0.742328
vt 0.516146 0.766157
vt 0.514761 0.766157
vt 0.514761 0.664530
vt 0.516146 0.664530
vt 0.176477 0.820539
vt 0.176477 0.825035
vt 0.169797 0.825035
vt 0.169797 0.820539
vt 0.199455 0.820539
vt 0.199455 0.825035
vt 0.195696 0.825035
vt 0.195696 0.820539
vt 0.212136 0.825035
vt 0.212136 0.820539
vt 0.215895 0.820539
vt 0.215895 0.825035
vt 0.005352 0.724269
vt 0.005352 0.713790
vt 0.009111 0.713790
vt 0.009111 0.724269
vt 0.089213 0.735648
vt 0.089213 0.746127
vt 0.085454 0.746127
vt 0.085454 0.735648
vt 0.407569 0.843163
vt 0.411328 0.843163
vt 0.411328 0.847762
vt 0.407569 0.847762
vt 0.235439 0.834029
vt 0.242119 0.834029
vt 0.242119 0.838628
vt 0.235439 0.838628
vt 0.212136 0.838628
vt 0.212136 0.834029
vt 0.215895 0.834029
vt 0.215895 0.838628
vt 0.169797 0.834029
vt 0.176477 0.834029
vt 0.176477 0.838628
vt 0.169797 0.838628
vt 0.005352 0.728385
vt 0.009111 0.728385
vt 0.372349 0.843163
vt 0.372349 0.847280
vt 0.368590 0.847280
vt 0.368590 0.843163
vt 0.372349 0.851396
vt 0.368590 0.851396
vt 0.458242 0.862028
vt 0.458242 0.859861
vt 0.462001 0.859861
vt 0.462001 0.862028
vt 0.469935 0.859861
vt 0.472211 0.859861
vt 0.472211 0.863620
vt 0.469935 0.863620
vt 0.458242 0.863978
vt 0.462001 0.863978
vt 0.199455 0.834029
vt 0.195696 0.834029
vt 0.235439 0.825035
vt 0.242119 0.825035
vt 0.193197 0.834029
vt 0.193197 0.825035
vt 0.442112 0.859861
vt 0.442112 0.864357
vt 0.438752 0.864357
vt 0.438752 0.859861
vt 0.219255 0.825035
vt 0.219255 0.834029
vt 0.419263 0.864460
vt 0.419263 0.859861
vt 0.422622 0.859861
vt 0.422622 0.864460
vt 0.012471 0.713790
vt 0.011610 0.720470
vt 0.001992 0.713790
vt 0.002855 0.720470
vt 0.429008 0.859861
vt 0.432368 0.859861
vt 0.432368 0.864460
vt 0.429008 0.864460
vt 0.208776 0.825035
vt 0.208776 0.834029
vt 0.451857 0.859861
vt 0.451857 0.864357
vt 0.448497 0.864357
vt 0.448497 0.859861
vt 0.092573 0.735648
vt 0.091709 0.742328
vt 0.201951 0.820539
vt 0.201951 0.825035
vt 0.201951 0.834029
vt 0.235439 0.820539
vt 0.226316 0.825035
vt 0.226316 0.820539
vt 0.286196 0.852286
vt 0.282836 0.852286
vt 0.282836 0.843163
vt 0.286196 0.843163
vt 0.292581 0.843164
vt 0.297076 0.843164
vt 0.297076 0.852286
vt 0.292581 0.852286
vt 0.082094 0.735648
vt 0.082094 0.726526
vt 0.085454 0.726526
vt 0.304274 0.843164
vt 0.308873 0.843164
vt 0.308873 0.852286
vt 0.304274 0.852286
vt 0.319328 0.852286
vt 0.315968 0.852286
vt 0.315968 0.843163
vt 0.319328 0.843163
vt 0.226316 0.838628
vt 0.226316 0.834029
vt 0.009111 0.704668
vt 0.012471 0.704668
vt 0.329073 0.852286
vt 0.325713 0.852286
vt 0.325713 0.843163
vt 0.329073 0.843163
vt 0.340057 0.852286
vt 0.335458 0.852286
vt 0.335458 0.843163
vt 0.340057 0.843163
vt 0.001992 0.704668
vt 0.005352 0.704668
vt 0.185599 0.834029
vt 0.185599 0.838628
vt 0.351647 0.852286
vt 0.347152 0.852286
vt 0.347152 0.843163
vt 0.351647 0.843163
vt 0.362205 0.852286
vt 0.358845 0.852286
vt 0.358845 0.843163
vt 0.362205 0.843163
vt 0.185599 0.820539
vt 0.185599 0.825035
vt 0.089213 0.726526
vt 0.092573 0.726526
vt 0.201951 0.838628
vt 0.199455 0.838628
vt 0.382559 0.851396
vt 0.382559 0.847280
vt 0.387158 0.847280
vt 0.387158 0.851396
vt 0.382559 0.843163
vt 0.387158 0.843163
vt 0.380284 0.847280
vt 0.380284 0.845113
vt 0.393926 0.849446
vt 0.393926 0.847279
vt 0.396202 0.847279
vt 0.396202 0.851396
vt 0.400800 0.851396
vt 0.400800 0.847279
vt 0.396202 0.843163
vt 0.400800 0.843163
vt 0.195696 0.838628
vt 0.193197 0.838628
vt 0.242119 0.820539
vt 0.193184 0.820539
vt 0.082942 0.742328
vt 0.516146 0.766157
vt 0.514761 0.766157
vt 0.514761 0.664530
vt 0.516146 0.664530
vt 0.176477 0.820539
vt 0.176477 0.825035
vt 0.169797 0.825035
vt 0.169797 0.820539
vt 0.199455 0.820539
vt 0.199455 0.825035
vt 0.195696 0.825035
vt 0.195696 0.820539
vt 0.212136 0.825035
vt 0.212136 0.820539
vt 0.215895 0.820539
vt 0.215895 0.825035
vt 0.005352 0.724269
vt 0.005352 0.713790
vt 0.009111 0.713790
vt 0.009111 0.724269
vt 0.089213 0.735648
vt 0.089213 0.746127
vt 0.085454 0.746127
vt 0.085454 0.735648
vt 0.407569 0.843163
vt 0.411328 0.843163
vt 0.411328 0.847762
vt 0.407569 0.847762
vt 0.235439 0.834029
vt 0.242119 0.834029
vt 0.242119 0.838628
vt 0.235439 0.838628
vt 0.212136 0.838628
vt 0.212136 0.834029
vt 0.215895 0.834029
vt 0.215895 0.838628
vt 0.169797 0.834029
vt 0.176477 0.834029
vt 0.176477 0.838628
vt 0.169797 0.838628
vt 0.005352 0.728385
vt 0.009111 0.728385
vt 0.372349 0.843163
vt 0.372349 0.847280
vt 0.368590 0.847280
vt 0.368590 0.843163
vt 0.372349 0.851396
vt 0.368590 0.851396
vt 0.458242 0.862028
vt 0.458242 0.859861
vt 0.462001 0.859861
vt 0.462001 0.862028
vt 0.469935 0.859861
vt 0.472211 0.859861
vt 0.472211 0.863620
vt 0.469935 0.863620
vt 0.458242 0.863978
vt 0.462001 0.863978
vt 0.199455 0.834029
vt 0.195696 0.834029
vt 0.235439 0.825035
vt 0.242119 0.825035
vt 0.193197 0.834029
vt 0.193197 0.825035
vt 0.442112 0.859861
vt 0.442112 0.864357
vt 0.438752 0.864357
vt 0.438752 0.859861
vt 0.219255 0.825035
vt 0.219255 0.834029
vt 0.419263 0.864460
vt 0.419263 0.859861
vt 0.422622 0.859861
vt 0.422622 0.864460
vt 0.012471 0.713790
vt 0.011610 0.720470
vt 0.001992 0.713790
vt 0.002855 0.720470
vt 0.429008 0.859861
vt 0.432368 0.859861
vt 0.432368 0.864460
vt 0.429008 0.864460
vt 0.208776 0.825035
vt 0.208776 0.834029
vt 0.451857 0.859861
vt 0.451857 0.864357
vt 0.448497 0.864357
vt 0.448497 0.859861
vt 0.092573 0.735648
vt 0.091709 0.742328
vt 0.201951 0.820539
vt 0.201951 0.825035
vt 0.201951 0.834029
vt 0.235439 0.820539
vt 0.226316 0.825035
vt 0.226316 0.820539
vt 0.286196 0.852286
vt 0.282836 0.852286
vt 0.282836 0.843163
vt 0.286196 0.843163
vt 0.292581 0.843164
vt 0.297076 0.843164
vt 0.297076 0.852286
vt 0.292581 0.852286
vt 0.082094 0.735648
vt 0.082094 0.726526
vt 0.085454 0.726526
vt 0.304274 0.843164
vt 0.308873 0.843164
vt 0.308873 0.852286
vt 0.304274 0.852286
vt 0.319328 0.852286
vt 0.315968 0.852286
vt 0.315968 0.843163
vt 0.319328 0.843163
vt 0.226316 0.838628
vt 0.226316 0.834029
vt 0.009111 0.704668
vt 0.012471 0.704668
vt 0.329073 0.852286
vt 0.325713 0.852286
vt 0.325713 0.843163
vt 0.329073 0.843163
vt 0.340057 0.852286
vt 0.335458 0.852286
vt 0.335458 0.843163
vt 0.340057 0.843163
vt 0.001992 0.704668
vt 0.005352 0.704668
vt 0.185599 0.834029
vt 0.185599 0.838628
vt 0.351647 0.852286
vt 0.347152 0.852286
vt 0.347152 0.843163
vt 0.351647 0.843163
vt 0.362205 0.852286
vt 0.358845 0.852286
vt 0.358845 0.843163
vt 0.362205 0.843163
vt 0.185599 0.820539
vt 0.185599 0.825035
vt 0.089213 0.726526
vt 0.092573 0.726526
vt 0.201951 0.838628
vt 0.199455 0.838628
vt 0.382559 0.851396
vt 0.382559 0.847280
vt 0.387158 0.847280
vt 0.387158 0.851396
vt 0.382559 0.843163
vt 0.387158 0.843163
vt 0.380284 0.847280
vt 0.380284 0.845113
vt 0.393926 0.849446
vt 0.393926 0.847279
vt 0.396202 0.847279
vt 0.396202 0.851396
vt 0.400800 0.851396
vt 0.400800 0.847279
vt 0.396202 0.843163
vt 0.400800 0.843163
vt 0.195696 0.838628
vt 0.193197 0.838628
vt 0.242119 0.820539
vt 0.193184 0.820539
vt 0.082942 0.742328
vn 0.926438 -0.000003 0.376447
vn 0.926438 -0.000003 0.376447
vn 0.926438 -0.000003 0.376447
vn 0.926438 -0.000003 0.376447
vn 0.926439 0.000003 0.376446
vn 0.926439 0.000003 0.376445
vn 0.926439 0.000003 0.376445
vn 0.926439 0.000003 0.376445
vn 0.926440 0.000000 0.376443
vn 0.926440 0.000000 0.376443
vn 0.926440 0.000000 0.376443
vn 0.926440 0.000000 0.376443
vn 0.926439 0.000000 0.376444
vn 0.926439 0.000000 0.376444
vn 0.926439 0.000000 0.376444
vn 0.926439 0.000000 0.376444
vn -0.926439 0.000001 -0.376445
vn -0.926439 0.000001 -0.376445
vn -0.926439 0.000001 -0.376445
vn -0.926439 0.000001 -0.376445
vn -0.926440 -0.000002 -0.376443
vn -0.926440 -0.000002 -0.376443
vn -0.926440 -0.000002 -0.376443
vn -0.926440 -0.000002 -0.376443
vn -0.926440 0.000000 -0.376444
vn -0.926440 0.000000 -0.376444
vn -0.926440 0.000000 -0.376444
vn -0.926440 0.000000 -0.376444
vn -0.926439 0.000000 -0.376444
vn -0.926439 0.000000 -0.376444
vn -0.926439 0.000000 -0.376444
vn -0.926439 0.000000 -0.376444
vn 0.926439 -0.000000 0.376445
vn 0.926439 -0.000000 0.376445
vn 0.926439 -0.000000 0.376445
vn 0.926439 -0.000000 0.376445
vn 0.926439 -0.000000 0.376445
vn 0.926439 -0.000000 0.376445
vn 0.926439 -0.000001 0.376445
vn 0.926439 -0.000001 0.376445
vn 0.926439 -0.000001 0.376446
vn 0.926439 -0.000001 0.376446
vn 0.926439 -0.000000 0.376445
vn 0.926439 -0.000000 0.376445
vn 0.926439 0.000000 0.376444
vn 0.926439 0.000000 0.376444
vn 0.926439 0.000000 0.376445
vn 0.926439 0.000000 0.376445
vn 0.926439 0.000000 0.376445
vn 0.926439 0.000000 0.376445
vn 0.926439 0.000000 0.376445
vn 0.926439 0.000000 0.376445
vn 0.926439 0.000000 0.376445
vn 0.926439 0.000000 0.376445
vn 0.926439 0.000000 0.376445
vn 0.926439 0.000000 0.376445
vn 0.926439 0.000000 0.376445
vn 0.926439 0.000000 0.376445
vn 0.926439 -0.000000 0.376445
vn 0.926439 -0.000000 0.376445
vn 0.926439 -0.000000 0.376445
vn 0.926439 -0.000000 0.376445
vn 0.926439 0.000000 0.376445
vn 0.926439 0.000000 0.376445
vn -0.926439 0.000000 -0.376446
vn -0.926439 -0.000000 -0.376445
vn -0.926439 -0.000000 -0.376445
vn -0.926439 0.000000 -0.376446
vn -0.926439 0.000000 -0.376445
vn -0.926439 0.000000 -0.376445
vn -0.926439 -0.000000 -0.376445
vn -0.926439 -0.000000 -0.376445
vn -0.926439 -0.000000 -0.376446
vn -0.926439 -0.000000 -0.376446
vn -0.926439 0.000000 -0.376445
vn -0.926439 0.000000 -0.376445
vn -0.926439 0.000000 -0.376445
vn -0.926439 0.000000 -0.376445
vn -0.926439 -0.000000 -0.376446
vn -0.926439 -0.000000 -0.376446
vn -0.926439 -0.000000 -0.376445
vn -0.926439 -0.000000 -0.376445
vn -0.926439 -0.000000 -0.376445
vn -0.926439 -0.000000 -0.376445
vn -0.926439 0.000000 -0.376445
vn -0.926439 0.000000 -0.376445
vn -0.926439 0.000001 -0.376445
vn -0.926439 0.000001 -0.376445
vn -0.926439 -0.000000 -0.376445
vn -0.926439 -0.000000 -0.376445
vn -0.926439 -0.000000 -0.376445
vn -0.926439 -0.000000 -0.376445
vn -0.926439 0.000000 -0.376445
vn -0.926439 0.000000 -0.376445
vn -0.926439 0.000000 -0.376444
vn -0.926439 -0.000000 -0.376444
vn 0.266187 0.707106 -0.655092
vn -0.000000 1.000000 0.000001
vn 0.000000 1.000000 0.000001
vn 0.266187 0.707106 -0.655092
vn -0.266187 0.707106 0.655092
vn -0.266187 0.707106 0.655092
vn -0.376445 0.000000 0.926439
vn -0.376445 0.000000 0.926439
vn -0.266187 -0.707106 0.655092
vn -0.266187 -0.707106 0.655092
vn -0.000000 -1.000000 0.000000
vn -0.000000 -1.000000 -0.000000
vn 0.266187 -0.707106 -0.655092
vn 0.266187 -0.707106 -0.655092
vn 0.376445 -0.000000 -0.926439
vn 0.376445 -0.000000 -0.926439
vn -0.926439 0.000000 -0.376445
vn -0.926439 0.000000 -0.376445
vn -0.926439 0.000000 -0.376445
vn -0.926439 0.000000 -0.376445
vn -0.926439 0.000000 -0.376445
vn -0.926439 0.000000 -0.376445
vn -0.926439 0.000000 -0.376445
vn -0.926439 0.000000 -0.376445
vn -0.926439 0.000000 -0.376445
vn 0.926439 0.000000 0.376445
vn 0.926439 0.000000 0.376445
vn 0.926439 0.000000 0.376445
vn 0.926439 0.000000 0.376445
vn 0.926439 0.000000 0.376445
vn 0.926439 0.000000 0.376445
vn 0.926439 0.000000 0.376445
vn 0.926439 -0.000000 0.376445
vn 0.926439 0.000000 0.376445
vn -0.926439 -0.000000 -0.376445
vn -0.926439 -0.000000 -0.376445
vn -0.926439 -0.000000 -0.376445
vn -0.926439 -0.000000 -0.376445
vn -0.926439 -0.000000 -0.376445
vn 0.336785 0.446765 -0.828840
vn 0.336785 0.446765 -0.828840
vn 0.336786 0.446765 -0.828840
vn 0.336785 0.446765 -0.828840
vn -0.337409 -0.443439 0.830372
vn -0.337409 -0.443439 0.830372
vn -0.337408 -0.443439 0.830372
vn -0.337408 -0.443439 0.830372
vn -0.144059 0.923880 0.354532
vn -0.144059 0.923880 0.354532
vn -0.144059 0.923880 0.354532
vn -0.144059 0.923880 0.354532
vn 0.926439 0.000000 0.376445
vn 0.926439 0.000000 0.376445
vn 0.926439 0.000000 0.376445
vn 0.926439 0.000000 0.376445
vn 0.926439 0.000000 0.376445
vn -0.655091 -0.707107 -0.266186
vn -0.926439 -0.000000 -0.376445
vn -0.388892 -0.000000 -0.921283
vn -0.921273 0.000000 0.388917
vn -0.655092 0.707106 -0.266187
vn -0.655091 -0.707107 -0.266187
vn -0.921273 0.000000 0.388916
vn -0.926439 0.000000 -0.376446
vn -0.388893 0.000001 -0.921283
vn -0.655091 0.707106 -0.266189
vn -0.655092 -0.707106 -0.266186
vn -0.926439 -0.000000 -0.376444
vn -0.388893 -0.000000 -0.921283
vn -0.921273 -0.000000 0.388916
vn -0.655092 0.707106 -0.266187
vn -0.655092 -0.707107 -0.266187
vn -0.921273 0.000000 0.388917
vn -0.926439 -0.000000 -0.376444
vn -0.388893 -0.000001 -0.921283
vn -0.655092 0.707106 -0.266186
vn -0.655092 -0.707106 -0.266187
vn -0.926439 -0.000000 -0.376444
vn -0.388893 -0.000000 -0.921283
vn -0.921273 0.000000 0.388916
vn -0.655092 0.707106 -0.266187
vn -0.655092 -0.707106 -0.266187
vn -0.921273 0.000000 0.388916
vn -0.926439 0.000000 -0.376445
vn -0.388893 0.000000 -0.921283
vn -0.655092 0.707106 -0.266187
vn -0.926439 0.000000 -0.376445
vn -0.926439 0.000000 -0.376445
vn -0.926439 0.000000 -0.376445
vn -0.926439 0.000000 -0.376445
vn -0.926439 0.000000 -0.376445
vn -0.336788 0.446764 0.828840
vn -0.336788 0.446764 0.828840
vn -0.336788 0.446764 0.828840
vn -0.336788 0.446764 0.828840
vn 0.337409 -0.443442 -0.830370
vn 0.337409 -0.443442 -0.830370
vn 0.337409 -0.443442 -0.830370
vn 0.337409 -0.443442 -0.830370
vn 0.144059 0.923879 -0.354535
vn 0.144059 0.923879 -0.354535
vn 0.144059 0.923879 -0.354535
vn 0.144059 0.923879 -0.354535
vn 0.926439 -0.000000 0.376445
vn 0.926439 -0.000000 0.376445
vn 0.926439 -0.000000 0.376445
vn 0.926439 -0.000000 0.376445
vn 0.926439 -0.000000 0.376445
vn 0.926439 -0.000000 0.376445
vn 0.926439 -0.000000 0.376445
vn 0.926439 -0.000000 0.376445
vn 0.926439 -0.000000 0.376445
vn 0.926439 -0.000000 0.376445
vn 0.336785 0.446765 -0.828840
vn 0.336785 0.446765 -0.828840
vn 0.336785 0.446765 -0.828840
vn 0.336785 0.446765 -0.828840
vn -0.337408 -0.443439 0.830372
vn -0.337408 -0.443439 0.830372
vn -0.337408 -0.443439 0.830372
vn -0.337408 -0.443439 0.830372
vn -0.144059 0.923880 0.354533
vn -0.144059 0.923880 0.354533
vn -0.144059 0.923880 0.354533
vn -0.144059 0.923880 0.354533
vn -0.926439 -0.000000 -0.376445
vn -0.926439 -0.000000 -0.376445
vn -0.926439 -0.000000 -0.376445
vn -0.926439 -0.000000 -0.376445
vn -0.926439 -0.000000 -0.376445
vn 0.655091 -0.707107 0.266187
vn 0.921273 0.000000 -0.388916
vn 0.926439 0.000000 0.376445
vn 0.388893 0.000000 0.921283
vn 0.655092 0.707106 0.266187
vn 0.655091 -0.707107 0.266187
vn 0.926439 0.000000 0.376445
vn 0.388893 0.000000 0.921283
vn 0.921273 0.000000 -0.388916
vn 0.655092 0.707106 0.266187
vn 0.655092 -0.707106 0.266187
vn 0.921273 0.000000 -0.388916
vn 0.926439 0.000000 0.376445
vn 0.388893 0.000000 0.921283
vn 0.655092 0.707106 0.266186
vn 0.655091 -0.707106 0.266188
vn 0.926439 -0.000000 0.376446
vn 0.388893 -0.000001 0.921283
vn 0.921273 0.000000 -0.388916
vn 0.655092 0.707106 0.266187
vn 0.655091 -0.707107 0.266187
vn 0.921273 -0.000000 -0.388916
vn 0.926439 -0.000000 0.376445
vn 0.388893 -0.000000 0.921283
vn 0.655091 0.707107 0.266187
vn 0.655091 -0.707107 0.266186
vn 0.926439 0.000000 0.376445
vn 0.388893 -0.000000 0.921283
vn 0.921273 0.000000 -0.388917
vn 0.655091 0.707107 0.266187
vn 0.926439 0.000000 0.376445
vn 0.926439 0.000000 0.376445
vn 0.926439 0.000000 0.376445
vn 0.926439 0.000000 0.376445
vn 0.926439 0.000000 0.376445
vn -0.336787 0.446764 0.828840
vn -0.336787 0.446764 0.828840
vn -0.336787 0.446764 0.828840
vn -0.336787 0.446764 0.828840
vn 0.337411 -0.443439 -0.830371
vn 0.337411 -0.443438 -0.830371
vn 0.337411 -0.443439 -0.830371
vn 0.337411 -0.443439 -0.830371
vn 0.144059 0.923880 -0.354533
vn 0.144059 0.923880 -0.354533
vn 0.144059 0.923880 -0.354533
vn 0.144059 0.923880 -0.354533
vn -0.926439 0.000000 -0.376445
vn -0.926439 0.000000 -0.376445
vn -0.926439 0.000000 -0.376445
vn -0.926439 0.000000 -0.376445
vn -0.926439 0.000000 -0.376445
vn 0.926439 0.000000 0.376445
vn 0.926439 0.000000 0.376445
vn 0.926439 0.000000 0.376445
vn 0.926439 0.000000 0.376445
vn 0.000000 1.000000 -0.000000
vn 0.000000 1.000000 -0.000000
vn 0.000000 1.000000 -0.000000
vn 0.000000 1.000000 -0.000000
vn -0.926439 0.000000 -0.376445
vn -0.926439 0.000000 -0.376445
vn -0.926439 0.000000 -0.376445
vn -0.926439 0.000000 -0.376445
vn 0.376445 0.000000 -0.926439
vn 0.376445 0.000000 -0.926439
vn 0.376445 0.000000 -0.926439
vn 0.376445 0.000000 -0.926439
vn -0.376445 0.000000 0.926439
vn -0.376445 0.000000 0.926439
vn -0.376445 0.000000 0.926439
vn -0.376445 0.000000 0.926439
vn 0.951057 0.000000 -0.309015
vn 0.809015 0.000000 -0.587788
vn 0.809015 0.000000 -0.587788
vn 0.951057 0.000000 -0.309015
vn 0.587784 0.000000 -0.809018
vn 0.587784 0.000000 -0.809018
vn 0.309017 0.000000 -0.951056
vn 0.309017 0.000000 -0.951056
vn 0.000000 0.000000 -1.000000
vn 0.000000 0.000000 -1.000000
vn -0.309018 0.000000 -0.951056
vn -0.309018 0.000000 -0.951056
vn -0.587784 0.000000 -0.809018
vn -0.587784 0.000000 -0.809018
vn -0.809015 0.000000 -0.587788
vn -0.809015 0.000000 -0.587788
vn -0.951057 0.000000 -0.309015
vn -0.951057 0.000000 -0.309015
vn -1.000000 0.000000 0.000000
vn -1.000000 0.000000 0.000000
vn -0.951057 0.000000 0.309015
vn -0.951057 0.000000 0.309015
vn -0.809015 0.000000 0.587788
vn -0.809015 0.000000 0.587788
vn -0.587784 0.000000 0.809018
vn -0.587784 0.000000 0.809018
vn -0.309017 0.000000 0.951056
vn -0.309017 0.000000 0.951056
vn 0.000000 0.000000 1.000000
vn 0.000000 0.000000 1.000000
vn 0.309017 0.000000 0.951056
vn 0.309017 0.000000 0.951056
vn 0.587783 0.000000 0.809018
vn 0.587783 0.000000 0.809018
vn 0.809015 0.000000 0.587788
vn 0.809015 0.000000 0.587788
vn 0.951057 0.000000 0.309015
vn 0.951057 0.000000 0.309015
vn 1.000000 0.000000 0.000000
vn 1.000000 0.000000 0.000000
vn 0.490132 0.856977 -0.159253
vn 0.416931 0.856976 -0.302920
vn -0.000000 1.000000 0.000000
vn 0.302918 0.856976 -0.416932
vn 0.159254 0.856976 -0.490132
vn 0.000000 0.856976 -0.515356
vn -0.159254 0.856976 -0.490132
vn -0.302918 0.856976 -0.416932
vn -0.416931 0.856976 -0.302920
vn -0.490132 0.856977 -0.159253
vn -0.515356 0.856976 0.000000
vn -0.490132 0.856977 0.159253
vn -0.416931 0.856976 0.302920
vn -0.302918 0.856976 0.416932
vn -0.159254 0.856976 0.490133
vn 0.000000 0.856976 0.515356
vn 0.159254 0.856976 0.490133
vn 0.302918 0.856976 0.416932
vn 0.416931 0.856976 0.302920
vn 0.490132 0.856977 0.159253
vn 0.515356 0.856976 -0.000000
vn 0.000000 1.000000 0.000000
vn 0.000000 1.000000 0.000000
vn 0.000000 1.000000 0.000000
vn 0.000000 1.000000 0.000000
vn 0.000000 1.000000 0.000000
vn 0.000000 1.000000 0.000000
vn 0.000000 1.000000 0.000000
vn 0.000000 1.000000 0.000000
vn 0.000000 1.000000 0.000000
vn 0.000000 1.000000 0.000000
vn 0.000000 1.000000 0.000000
vn 0.000000 1.000000 0.000000
vn 0.000000 1.000000 0.000000
vn 0.000000 1.000000 0.000000
vn 0.000000 1.000000 -0.000000
vn 0.000000 1.000000 -0.000000
vn 0.000000 1.000000 -0.000000
vn 0.000000 1.000000 -0.000000
vn 0.000000 1.000000 -0.000000
vn 0.000000 1.000000 -0.000000
vn 0.000000 1.000000 -0.000000
vn 0.000000 1.000000 -0.000000
vn 0.000000 1.000000 -0.000000
vn 0.000000 1.000000 -0.000000
vn 0.000000 1.000000 0.000000
vn 0.000000 1.000000 0.000000
vn 0.000000 1.000000 0.000000
vn 0.000000 1.000000 0.000000
vn 0.000000 1.000000 0.000000
vn 0.000000 1.000000 0.000000
vn 0.000000 1.000000 0.000000
vn 0.000000 1.000000 0.000000
vn 0.000000 1.000000 0.000000
vn 0.000000 1.000000 0.000000
vn 0.000000 1.000000 0.000000
vn 0.000000 1.000000 0.000000
vn 0.000000 1.000000 0.000000
vn 0.000000 1.000000 0.000000
vn 0.000000 1.000000 0.000000
vn 0.000000 1.000000 0.000000
vn -0.587784 0.000000 0.809018
vn -0.309017 0.000000 0.951056
vn -0.309017 0.000000 0.951056
vn -0.587784 0.000000 0.809018
vn -0.809015 0.000000 0.587788
vn -0.809015 0.000000 0.587788
vn -0.951057 0.000000 0.309015
vn -0.951057 0.000000 0.309015
vn -1.000000 0.000000 0.000000
vn -1.000000 0.000000 0.000000
vn -0.951057 0.000000 -0.309015
vn -0.951057 0.000000 -0.309015
vn -0.809015 0.000000 -0.587788
vn -0.809015 0.000000 -0.587788
vn -0.587784 0.000000 -0.809018
vn -0.587784 0.000000 -0.809018
vn -0.309018 0.000000 -0.951056
vn -0.309018 0.000000 -0.951056
vn 0.000000 0.000000 -1.000000
vn 0.000000 0.000000 -1.000000
vn 0.309017 0.000000 -0.951056
vn 0.309017 0.000000 -0.951056
vn 0.587784 0.000000 -0.809018
vn 0.587784 0.000000 -0.809018
vn 0.809015 0.000000 -0.587788
vn 0.809015 0.000000 -0.587788
vn 0.951057 0.000000 -0.309015
vn 0.951057 0.000000 -0.309015
vn 1.000000 0.000000 -0.000000
vn 1.000000 0.000000 -0.000000
vn 0.951057 0.000000 0.309015
vn 0.951057 0.000000 0.309015
vn 0.809015 0.000000 0.587788
vn 0.809015 0.000000 0.587788
vn 0.587783 0.000000 0.809018
vn 0.587783 0.000000 0.809018
vn 0.309017 0.000000 0.951056
vn 0.309017 0.000000 0.951056
vn 0.000000 0.000000 1.000000
vn 0.000000 0.000000 1.000000
vn 0.000000 -1.000000 0.000000
vn 0.000000 -1.000000 0.000000
vn 0.000000 -1.000000 0.000000
vn 0.000000 -1.000000 0.000000
vn 0.000000 -1.000000 0.000000
vn 0.000000 -1.000000 0.000000
vn 0.000000 -1.000000 -0.000000
vn 0.000000 -1.000000 -0.000000
vn 0.000000 -1.000000 0.000000
vn 0.000000 -1.000000 0.000000
vn 0.000000 -1.000000 0.000000
vn 0.000000 -1.000000 0.000000
vn 0.000000 -1.000000 0.000000
vn 0.000000 -1.000000 0.000000
vn 0.000000 -1.000000 0.000000
vn 0.000000 -1.000000 0.000000
vn 0.000000 -1.000000 0.000000
vn 0.000000 -1.000000 0.000000
vn 0.000000 -1.000000 0.000000
vn 0.000000 -1.000000 0.000000
vn 0.000000 -1.000000 0.000000
vn 0.000000 -1.000000 0.000000
vn 0.000000 -1.000000 0.000000
vn 0.000000 -1.000000 0.000000
vn 0.000000 -1.000000 0.000000
vn 0.000000 -1.000000 0.000000
vn 0.000000 -1.000000 0.000000
vn 0.000000 -1.000000 0.000000
vn 0.000000 -1.000000 0.000000
vn 0.000000 -1.000000 0.000000
vn 0.000000 -1.000000 -0.000000
vn 0.000000 -1.000000 -0.000000
vn 0.000000 -1.000000 0.000000
vn 0.000000 -1.000000 0.000000
vn 0.000000 -1.000000 0.000000
vn 0.000000 -1.000000 0.000000
vn 0.000000 -1.000000 0.000000
vn 0.000000 -1.000000 0.000000
vn 0.000000 -1.000000 0.000000
vn 0.000000 -1.000000 0.000000
vn -0.587807 0.000000 0.809001
vn -0.587807 0.000000 0.809001
vn -0.309024 0.000000 0.951054
vn -0.309024 0.000000 0.951054
vn -0.809011 0.000000 0.587794
vn -0.809011 0.000000 0.587794
vn -0.951059 0.000000 0.309010
vn -0.951059 0.000000 0.309010
vn -1.000000 0.000000 -0.000000
vn -1.000000 0.000000 -0.000000
vn -0.951059 0.000000 -0.309010
vn -0.951059 0.000000 -0.309010
vn -0.809010 0.000000 -0.587795
vn -0.809010 0.000000 -0.587795
vn -0.587803 0.000000 -0.809004
vn -0.587803 0.000000 -0.809004
vn -0.309025 0.000000 -0.951054
vn -0.309025 0.000000 -0.951054
vn -0.000005 0.000000 -1.000000
vn -0.000005 0.000000 -1.000000
vn 0.309024 0.000000 -0.951054
vn 0.309024 0.000000 -0.951054
vn 0.587807 0.000000 -0.809001
vn 0.587807 0.000000 -0.809001
vn 0.809011 0.000000 -0.587794
vn 0.809011 0.000000 -0.587794
vn 0.951059 0.000000 -0.309010
vn 0.951059 0.000000 -0.309010
vn 1.000000 0.000000 -0.000000
vn 1.000000 0.000000 -0.000000
vn 0.951059 0.000000 0.309010
vn 0.951059 0.000000 0.309010
vn 0.809011 0.000000 0.587794
vn 0.809011 0.000000 0.587794
vn 0.587803 0.000000 0.809004
vn 0.587803 0.000000 0.809004
vn 0.309024 0.000000 0.951054
vn 0.309024 0.000000 0.951054
vn 0.000005 0.000000 1.000000
vn 0.000005 0.000000 1.000000
vn 0.809015 0.000000 -0.587788
vn 0.809015 0.000000 -0.587788
vn 0.951057 0.000000 -0.309014
vn 0.951057 0.000000 -0.309015
vn 0.587784 0.000000 -0.809018
vn 0.587784 0.000000 -0.809018
vn 0.309018 0.000000 -0.951056
vn 0.309018 0.000000 -0.951056
vn 0.000000 0.000000 -1.000000
vn 0.000000 0.000000 -1.000000
vn -0.309018 0.000000 -0.951056
vn -0.309018 0.000000 -0.951056
vn -0.587784 0.000000 -0.809018
vn -0.587784 0.000000 -0.809018
vn -0.809015 0.000000 -0.587788
vn -0.809015 0.000000 -0.587788
vn -0.951057 0.000000 -0.309015
vn -0.951057 0.000000 -0.309015
vn -1.000000 0.000000 0.000000
vn -1.000000 0.000000 0.000000
vn -0.951057 0.000000 0.309015
vn -0.951057 0.000000 0.309015
vn -0.809015 0.000000 0.587788
vn -0.809015 0.000000 0.587788
vn -0.587784 0.000000 0.809018
vn -0.587784 0.000000 0.809018
vn -0.309017 0.000000 0.951056
vn -0.309018 0.000000 0.951056
vn 0.000000 0.000000 1.000000
vn 0.000000 0.000000 1.000000
vn 0.309017 0.000000 0.951056
vn 0.309018 0.000000 0.951056
vn 0.587784 0.000000 0.809018
vn 0.587784 0.000000 0.809018
vn 0.809015 0.000000 0.587788
vn 0.809015 0.000000 0.587788
vn 0.951057 0.000000 0.309015
vn 0.951057 0.000000 0.309015
vn 1.000000 0.000000 0.000000
vn 1.000000 0.000000 -0.000000
vn 0.998427 0.000000 0.056059
vn 0.943880 0.000000 -0.330289
vn 0.943880 0.000000 -0.330289
vn 0.998427 0.000000 0.056059
vn 0.745635 0.000000 -0.666354
vn 0.745635 0.000000 -0.666354
vn 0.433874 0.000000 -0.900973
vn 0.433874 0.000000 -0.900973
vn 0.056060 0.000000 -0.998427
vn 0.056060 0.000000 -0.998427
vn -0.330290 0.000000 -0.943880
vn -0.330290 0.000000 -0.943880
vn -0.666355 0.000000 -0.745634
vn -0.666355 0.000000 -0.745634
vn -0.900974 0.000000 -0.433874
vn -0.900974 0.000000 -0.433874
vn -0.998428 0.000000 -0.056060
vn -0.998428 0.000000 -0.056060
vn -0.943880 0.000000 0.330289
vn -0.943880 0.000000 0.330289
vn -0.745635 0.000000 0.666355
vn -0.745635 0.000000 0.666355
vn -0.433874 0.000000 0.900974
vn -0.433874 0.000000 0.900974
vn -0.056060 0.000000 0.998427
vn -0.056060 0.000000 0.998427
vn 0.330288 0.000000 0.943880
vn 0.330288 0.000000 0.943880
vn 0.666355 0.000000 0.745634
vn 0.666355 0.000000 0.745634
vn 0.900973 0.000000 0.433874
vn 0.900973 0.000000 0.433874
vn -0.424127 0.893359 0.148413
vn -0.335046 0.893359 0.299423
vn -0.335046 0.893359 0.299423
vn -0.424127 0.893359 0.148413
vn -0.448637 0.893359 -0.025191
vn -0.448637 0.893359 -0.025192
vn -0.404847 0.893359 -0.194958
vn -0.404847 0.893359 -0.194958
vn -0.299423 0.893359 -0.335045
vn -0.299424 0.893359 -0.335045
vn -0.148414 0.893359 -0.424126
vn -0.148414 0.893359 -0.424126
vn 0.025191 0.893359 -0.448637
vn 0.025191 0.893359 -0.448637
vn 0.194959 0.893359 -0.404847
vn 0.194959 0.893359 -0.404847
vn 0.335046 0.893359 -0.299422
vn 0.335047 0.893359 -0.299422
vn 0.424127 0.893359 -0.148413
vn 0.424127 0.893359 -0.148413
vn 0.448637 0.893359 0.025189
vn 0.448637 0.893359 0.025189
vn 0.404847 0.893359 0.194959
vn 0.404847 0.893359 0.194958
vn 0.299422 0.893359 0.335046
vn 0.299422 0.893359 0.335046
vn 0.148413 0.893359 0.424127
vn 0.148413 0.893359 0.424127
vn -0.025190 0.893359 0.448637
vn -0.025190 0.893359 0.448638
vn -0.194959 0.893359 0.404847
vn -0.194959 0.893359 0.404847
vn 0.998428 0.000000 0.056055
vn 0.943880 0.000000 -0.330288
vn 0.943880 0.000000 -0.330288
vn 0.998428 0.000000 0.056055
vn 0.745637 0.000000 -0.666352
vn 0.745637 0.000000 -0.666352
vn 0.433875 0.000000 -0.900973
vn 0.433875 0.000000 -0.900973
vn 0.056064 0.000000 -0.998427
vn 0.056064 0.000000 -0.998427
vn -0.330293 0.000000 -0.943879
vn -0.330293 0.000000 -0.943879
vn -0.666364 0.000000 -0.745627
vn -0.666364 0.000000 -0.745627
vn -0.900974 0.000000 -0.433874
vn -0.900974 0.000000 -0.433874
vn -0.998427 0.000000 -0.056071
vn -0.998427 0.000000 -0.056071
vn -0.943881 0.000000 0.330287
vn -0.943881 0.000000 0.330287
vn -0.745631 0.000000 0.666359
vn -0.745631 0.000000 0.666359
vn -0.433875 0.000000 0.900973
vn -0.433875 0.000000 0.900973
vn -0.056058 0.000000 0.998428
vn -0.056058 0.000000 0.998428
vn 0.330291 0.000000 0.943879
vn 0.330291 0.000000 0.943879
vn 0.666352 0.000000 0.745637
vn 0.666352 0.000000 0.745637
vn 0.900974 0.000000 0.433873
vn 0.900974 0.000000 0.433873
vn 0.526770 0.849493 0.029575
vn 0.497994 0.849491 -0.174262
vn 0.000000 1.000000 -0.000000
vn 0.393398 0.849492 -0.351569
vn 0.228912 0.849493 -0.475354
vn 0.029579 0.849493 -0.526770
vn -0.174262 0.849494 -0.497989
vn -0.351573 0.849493 -0.393393
vn -0.475355 0.849492 -0.228912
vn -0.526770 0.849493 -0.029584
vn -0.497990 0.849494 0.174258
vn -0.393394 0.849493 0.351571
vn -0.228912 0.849493 0.475354
vn -0.029578 0.849494 0.526769
vn 0.174263 0.849492 0.497992
vn 0.351568 0.849493 0.393398
vn 0.475353 0.849493 0.228912
vn -0.433877 0.000000 0.900972
vn -0.433877 0.000000 0.900972
vn -0.433877 0.000000 0.900972
vn -0.433877 0.000000 0.900972
vn -0.433876 0.000000 0.900973
vn -0.433876 0.000000 0.900973
vn -0.433876 0.000000 0.900973
vn -0.000000 0.000000 1.000000
vn -0.000000 0.000000 1.000000
vn -0.000000 0.000000 1.000000
vn 0.000000 -0.000000 1.000000
vn 0.000000 -0.000000 1.000000
vn 0.000000 -0.000000 1.000000
vn 0.000000 -0.000000 1.000000
vn 0.707108 0.000000 -0.707106
vn 0.707108 0.000000 -0.707106
vn 0.707108 0.000000 -0.707106
vn 0.707108 0.000000 -0.707106
vn -0.701272 0.128194 0.701273
vn -0.692548 -0.201871 0.692549
vn -0.673340 0.305328 0.673341
vn -0.701272 0.128194 0.701273
vn 0.000000 1.000000 -0.000001
vn -0.367041 0.854730 0.367040
vn 0.367016 0.854897 -0.366676
vn 0.000000 1.000000 -0.000001
vn 0.000000 -1.000000 0.000000
vn 0.000000 -1.000000 0.000000
vn 0.000000 -1.000000 0.000000
vn 0.000000 -1.000000 0.000000
vn 0.707105 0.000000 0.707108
vn 0.707105 0.000000 0.707108
vn 0.707105 0.000000 0.707108
vn 0.707105 0.000000 0.707108
vn -0.707108 0.000000 -0.707106
vn -0.707108 0.000000 -0.707106
vn -0.707108 0.000000 -0.707106
vn -0.707108 0.000000 -0.707106
vn 0.000000 1.000000 0.000001
vn 0.000000 1.000000 0.000001
vn 0.000000 1.000000 0.000001
vn 0.000000 1.000000 0.000001
vn 0.692845 -0.199827 -0.692846
vn 0.673341 0.305326 -0.673341
vn 0.673341 0.305326 -0.673341
vn 0.701306 0.127829 -0.701306
vn 0.000000 -1.000000 0.000000
vn 0.000000 -1.000000 0.000000
vn 0.000000 -1.000000 0.000000
vn 0.000000 -1.000000 0.000000
vn -0.673341 0.305327 0.673341
vn -0.692895 -0.199479 0.692896
vn -0.701273 0.128193 0.701272
vn -0.701273 0.128193 0.701272
vn 0.707105 0.000000 0.707108
vn 0.707105 0.000000 0.707108
vn 0.707105 0.000000 0.707108
vn 0.707105 0.000000 0.707108
vn -0.707108 0.000000 -0.707105
vn -0.707108 0.000000 -0.707105
vn -0.707108 0.000000 -0.707105
vn -0.707108 0.000000 -0.707105
vn -0.707107 0.000000 -0.707106
vn -0.707107 0.000000 -0.707106
vn -0.707107 0.000000 -0.707106
vn -0.707107 0.000000 -0.707106
vn 0.707106 0.000000 0.707107
vn 0.707106 0.000000 0.707107
vn 0.707106 0.000000 0.707107
vn 0.707106 0.000000 0.707107
vn 0.000000 -1.000000 0.000000
vn 0.000000 -1.000000 0.000000
vn 0.000000 -1.000000 0.000000
vn 0.000000 -1.000000 0.000000
vn 0.460045 0.759418 0.460046
vn 0.460045 0.759419 0.460046
vn 0.460045 0.759418 0.460046
vn 0.460045 0.759418 0.460046
vn -0.428661 0.795299 0.428660
vn 0.428527 0.795443 -0.428527
vn 0.692777 -0.202511 -0.692134
vn 0.673644 0.305369 -0.673018
vn 0.000000 -1.000000 0.000000
vn 0.000000 -1.000000 0.000000
vn 0.000000 -1.000000 0.000000
vn 0.000000 -1.000000 0.000000
vn 0.000000 -1.000000 0.000001
vn 0.000000 -1.000000 0.000001
vn 0.000000 -1.000000 0.000001
vn 0.000000 -1.000000 0.000001
vn 0.000000 -1.000000 0.000000
vn 0.000000 -1.000000 0.000000
vn 0.000000 -1.000000 0.000000
vn 0.000000 -1.000000 0.000000
vn 0.000000 -1.000000 0.000000
vn 0.000000 -1.000000 0.000000
vn 0.707108 0.000001 0.707106
vn 0.707108 0.000001 0.707106
vn 0.707108 0.000001 0.707106
vn 0.707108 0.000001 0.707106
vn 0.707109 -0.000002 0.707105
vn 0.707109 -0.000002 0.707105
vn 0.707109 -0.000002 0.707105
vn 0.707109 -0.000002 0.707105
vn 0.000000 -1.000000 0.000002
vn 0.000000 -1.000000 0.000002
vn 0.000000 -1.000000 0.000002
vn 0.000000 -1.000000 0.000002
vn 0.000000 -1.000000 0.000000
vn 0.000000 -1.000000 0.000000
vn 0.000000 -1.000000 0.000000
vn 0.000000 -1.000000 0.000000
vn 0.000000 -1.000000 0.000000
vn 0.000000 -1.000000 0.000000
vn -0.707105 0.000000 -0.707108
vn -0.707105 0.000000 -0.707108
vn -0.707105 0.000000 -0.707108
vn -0.707105 0.000000 -0.707108
vn -0.590931 0.549183 0.590931
vn -0.590931 0.549183 0.590931
vn 0.707108 0.000000 -0.707106
vn 0.707108 0.000000 -0.707106
vn 0.707108 0.000000 -0.707106
vn 0.707108 0.000000 -0.707106
vn 0.707108 0.000000 0.707105
vn 0.707108 0.000000 0.707105
vn 0.707108 0.000000 0.707105
vn 0.707108 0.000000 0.707105
vn -0.707106 0.000000 0.707107
vn -0.707106 0.000000 0.707107
vn -0.707106 0.000000 0.707107
vn -0.707106 0.000000 0.707107
vn -0.707106 0.000000 -0.707108
vn -0.707106 0.000000 -0.707108
vn -0.707106 0.000000 -0.707108
vn -0.707106 0.000000 -0.707108
vn -0.707107 0.000000 0.707107
vn -0.707107 0.000000 0.707107
vn -0.707107 0.000000 0.707107
vn -0.707107 0.000000 0.707107
vn -0.707108 0.000000 -0.707105
vn -0.707108 0.000000 -0.707105
vn -0.707108 0.000000 -0.707105
vn -0.707108 0.000000 -0.707105
vn 0.707107 0.000000 -0.707107
vn 0.707107 0.000000 -0.707107
vn 0.707107 0.000000 -0.707107
vn 0.707107 0.000000 -0.707107
vn 0.707108 0.000000 0.707106
vn 0.707108 0.000000 0.707106
vn 0.707108 0.000000 0.707106
vn 0.707108 0.000000 0.707106
vn -0.707105 0.000000 -0.707109
vn -0.707105 0.000000 -0.707109
vn -0.707105 0.000000 -0.707109
vn -0.707105 0.000000 -0.707109
vn 0.707108 0.000000 -0.707106
vn 0.707108 0.000000 -0.707106
vn 0.707108 0.000000 -0.707106
vn 0.707108 0.000000 -0.707106
vn 0.707109 0.000000 0.707105
vn 0.707109 0.000000 0.707105
vn 0.707109 0.000000 0.707105
vn 0.707109 0.000000 0.707105
vn -0.707107 0.000000 0.707106
vn -0.707107 0.000000 0.707106
vn -0.707107 0.000000 0.707106
vn -0.707107 0.000000 0.707106
vn 0.707107 0.000000 -0.707107
vn 0.707107 0.000000 -0.707107
vn 0.707107 0.000000 -0.707107
vn 0.707107 0.000000 -0.707107
vn 0.707105 0.000000 0.707108
vn 0.707105 0.000000 0.707108
vn 0.707105 0.000000 0.707108
vn 0.707105 0.000000 0.707108
vn -0.707106 0.000000 0.707107
vn -0.707106 0.000000 0.707107
vn -0.707106 0.000000 0.707107
vn -0.707106 0.000000 0.707107
vn -0.707106 0.000000 -0.707108
vn -0.707106 0.000000 -0.707108
vn -0.707106 0.000000 -0.707108
vn -0.707106 0.000000 -0.707108
vn -0.590931 0.549183 0.590930
vn -0.590931 0.549183 0.590930
vn -0.707108 0.000000 0.707106
vn -0.707108 0.000000 0.707106
vn -0.707108 0.000000 0.707106
vn -0.707108 0.000000 0.707106
vn -0.707108 0.000000 0.707105
vn -0.707108 0.000000 0.707105
vn -0.707108 0.000000 0.707105
vn -0.707108 0.000000 0.707105
vn -0.707108 0.000000 0.707106
vn -0.707108 0.000000 0.707106
vn -0.707108 0.000000 0.707106
vn -0.707108 0.000000 0.707106
vn 0.707107 0.000000 -0.707106
vn 0.707107 0.000000 -0.707106
vn 0.707107 0.000000 -0.707106
vn 0.707107 0.000000 -0.707106
vn 0.707107 0.000000 -0.707107
vn 0.707107 0.000000 -0.707107
vn 0.707107 0.000000 -0.707107
vn 0.707107 0.000000 -0.707107
vn 0.707106 0.000000 -0.707107
vn 0.707106 0.000000 -0.707107
vn 0.707106 0.000000 -0.707107
vn 0.707106 0.000000 -0.707107
vn 0.590754 0.549564 -0.590754
vn 0.702367 0.126917 -0.700409
vn 0.674308 0.305199 -0.672430
vn 0.591130 0.550522 -0.589484
vn -0.707106 -0.000001 -0.707107
vn -0.707106 -0.000001 -0.707107
vn -0.707106 -0.000001 -0.707107
vn -0.707106 -0.000001 -0.707107
vn 0.000000 0.000000 1.000000
vn 0.000000 0.000000 1.000000
vn 0.000000 0.000000 1.000000
vn 0.000000 0.000000 1.000000
vn 0.000000 0.128193 -0.991749
vn 0.000000 -0.201871 -0.979412
vn 0.000000 0.305327 -0.952248
vn 0.000000 0.128193 -0.991749
vn 0.000000 1.000000 0.000000
vn 0.000000 0.854729 -0.519074
vn -0.000241 0.854897 0.518797
vn 0.000000 1.000000 0.000000
vn 0.000000 -1.000000 0.000000
vn 0.000000 -1.000000 0.000000
vn 0.000000 -1.000000 0.000000
vn 0.000000 -1.000000 0.000000
vn -1.000000 0.000000 0.000000
vn -1.000000 0.000000 0.000000
vn -1.000000 0.000000 0.000000
vn -1.000000 0.000000 0.000000
vn 1.000000 0.000000 0.000000
vn 1.000000 0.000000 0.000000
vn 1.000000 0.000000 0.000000
vn 1.000000 0.000000 0.000000
vn 0.000000 1.000000 0.000000
vn 0.000000 1.000000 0.000000
vn 0.000000 1.000000 0.000000
vn 0.000000 1.000000 0.000000
vn 0.000000 -0.199827 0.979831
vn 0.000000 0.305327 0.952248
vn 0.000000 0.305327 0.952248
vn 0.000000 0.127831 0.991796
vn 0.000000 -1.000000 0.000000
vn 0.000000 -1.000000 0.000000
vn 0.000000 -1.000000 0.000000
vn 0.000000 -1.000000 0.000000
vn 0.000000 0.305327 -0.952248
vn 0.000000 -0.199478 -0.979902
vn 0.000000 0.128193 -0.991749
vn 0.000000 0.128193 -0.991749
vn -1.000000 0.000000 0.000000
vn -1.000000 0.000000 0.000000
vn -1.000000 0.000000 0.000000
vn -1.000000 0.000000 0.000000
vn 1.000000 0.000000 0.000000
vn 1.000000 0.000000 0.000000
vn 1.000000 0.000000 0.000000
vn 1.000000 0.000000 0.000000
vn 1.000000 0.000000 0.000000
vn 1.000000 0.000000 0.000000
vn 1.000000 0.000000 0.000000
vn 1.000000 0.000000 0.000000
vn -1.000000 0.000000 0.000000
vn -1.000000 0.000000 0.000000
vn -1.000000 0.000000 0.000000
vn -1.000000 0.000000 0.000000
vn 0.000000 -1.000000 0.000000
vn 0.000000 -1.000000 0.000000
vn 0.000000 -1.000000 0.000000
vn 0.000000 -1.000000 0.000000
vn -0.650603 0.759418 0.000000
vn -0.650603 0.759418 0.000000
vn -0.650603 0.759418 0.000000
vn -0.650603 0.759418 0.000000
vn 0.000000 0.795298 -0.606219
vn 0.000000 0.795443 0.606028
vn -0.000455 -0.202513 0.979279
vn -0.000442 0.305369 0.952234
vn 0.000000 -1.000000 0.000000
vn 0.000000 -1.000000 0.000000
vn 0.000000 -1.000000 0.000000
vn 0.000000 -1.000000 0.000000
vn 0.000000 -1.000000 0.000000
vn 0.000000 -1.000000 0.000000
vn 0.000000 -1.000000 0.000000
vn 0.000000 -1.000000 0.000000
vn 0.000000 -1.000000 0.000000
vn 0.000000 -1.000000 0.000000
vn 0.000000 -1.000000 0.000000
vn 0.000000 -1.000000 0.000000
vn 0.000000 -1.000000 0.000000
vn 0.000000 -1.000000 0.000000
vn -1.000000 0.000000 0.000000
vn -1.000000 0.000000 0.000000
vn -1.000000 0.000000 0.000000
vn -1.000000 0.000000 0.000000
vn -1.000000 0.000001 0.000000
vn -1.000000 0.000001 0.000000
vn -1.000000 0.000001 0.000000
vn -1.000000 0.000001 0.000000
vn 0.000000 -1.000000 0.000000
vn 0.000000 -1.000000 0.000000
vn 0.000000 -1.000000 0.000000
vn 0.000000 -1.000000 0.000000
vn 0.000000 -1.000000 0.000000
vn 0.000000 -1.000000 0.000000
vn 0.000000 -1.000000 0.000000
vn 0.000000 -1.000000 0.000000
vn 0.000000 -1.000000 0.000000
vn 0.000000 -1.000000 0.000000
vn 1.000000 -0.000001 0.000000
vn 1.000000 -0.000001 0.000000
vn 1.000000 -0.000001 0.000000
vn 1.000000 -0.000001 0.000000
vn 0.000000 0.549182 -0.835703
vn 0.000000 0.549182 -0.835703
vn 0.000000 0.000000 1.000000
vn 0.000000 0.000000 1.000000
vn 0.000000 0.000000 1.000000
vn 0.000000 0.000000 1.000000
vn -1.000000 0.000000 0.000000
vn -1.000000 0.000000 0.000000
vn -1.000000 0.000000 0.000000
vn -1.000000 0.000000 0.000000
vn 0.000000 0.000000 -1.000000
vn 0.000000 0.000000 -1.000000
vn 0.000000 0.000000 -1.000000
vn 0.000000 0.000000 -1.000000
vn 1.000000 0.000000 0.000000
vn 1.000000 0.000000 0.000000
vn 1.000000 0.000000 0.000000
vn 1.000000 0.000000 0.000000
vn 0.000000 0.000000 -1.000000
vn 0.000000 0.000000 -1.000000
vn 0.000000 0.000000 -1.000000
vn 0.000000 0.000000 -1.000000
vn 1.000000 0.000000 0.000000
vn 1.000000 0.000000 0.000000
vn 1.000000 0.000000 0.000000
vn 1.000000 0.000000 0.000000
vn 0.000000 0.000000 1.000000
vn 0.000000 0.000000 1.000000
vn 0.000000 0.000000 1.000000
vn 0.000000 0.000000 1.000000
vn -1.000000 0.000000 0.000000
vn -1.000000 0.000000 0.000000
vn -1.000000 0.000000 0.000000
vn -1.000000 0.000000 0.000000
vn 1.000000 0.000000 0.000000
vn 1.000000 0.000000 0.000000
vn 1.000000 0.000000 0.000000
vn 1.000000 0.000000 0.000000
vn 0.000000 0.000000 1.000000
vn 0.000000 0.000000 1.000000
vn 0.000000 0.000000 1.000000
vn 0.000000 0.000000 1.000000
vn -1.000000 0.000000 0.000000
vn -1.000000 0.000000 0.000000
vn -1.000000 0.000000 0.000000
vn -1.000000 0.000000 0.000000
vn 0.000000 0.000000 -1.000000
vn 0.000000 0.000000 -1.000000
vn 0.000000 0.000000 -1.000000
vn 0.000000 0.000000 -1.000000
vn 0.000000 0.000000 1.000000
vn 0.000000 0.000000 1.000000
vn 0.000000 0.000000 1.000000
vn 0.000000 0.000000 1.000000
vn -1.000000 0.000000 0.000000
vn -1.000000 0.000000 0.000000
vn -1.000000 0.000000 0.000000
vn -1.000000 0.000000 0.000000
vn 0.000000 0.000000 -1.000000
vn 0.000000 0.000000 -1.000000
vn 0.000000 0.000000 -1.000000
vn 0.000000 0.000000 -1.000000
vn 1.000000 0.000000 0.000000
vn 1.000000 0.000000 0.000000
vn 1.000000 0.000000 0.000000
vn 1.000000 0.000000 0.000000
vn 0.000000 0.549182 -0.835703
vn 0.000000 0.549182 -0.835703
vn 0.000000 0.000000 -1.000000
vn 0.000000 0.000000 -1.000000
vn 0.000000 0.000000 -1.000000
vn 0.000000 0.000000 -1.000000
vn 0.000000 0.000000 -1.000000
vn 0.000000 0.000000 -1.000000
vn 0.000000 0.000000 -1.000000
vn 0.000000 0.000000 -1.000000
vn -0.000001 0.000000 -1.000000
vn -0.000001 0.000000 -1.000000
vn -0.000001 0.000000 -1.000000
vn -0.000001 0.000000 -1.000000
vn 0.000000 0.000000 1.000000
vn 0.000000 0.000000 1.000000
vn 0.000000 0.000000 1.000000
vn 0.000000 0.000000 1.000000
vn 0.000000 0.000000 1.000000
vn 0.000000 0.000000 1.000000
vn 0.000000 0.000000 1.000000
vn 0.000000 0.000000 1.000000
vn 0.000000 0.000000 1.000000
vn 0.000000 0.000000 1.000000
vn 0.000000 0.000000 1.000000
vn 0.000000 0.000000 1.000000
vn 0.000000 0.549563 0.835452
vn -0.001382 0.126916 0.991913
vn -0.001327 0.305199 0.952288
vn -0.001164 0.550523 0.834819
vn 1.000000 0.000001 0.000000
vn 1.000000 0.000001 0.000000
vn 1.000000 0.000001 0.000000
vn 1.000000 0.000001 0.000000
vn -0.707101 0.000000 -0.707112
vn -0.707101 0.000000 -0.707112
vn -0.707101 0.000000 -0.707112
vn -0.707101 0.000000 -0.707112
vn 0.701272 0.128194 0.701273
vn 0.692549 -0.201871 0.692549
vn 0.673341 0.305327 0.673341
vn 0.701272 0.128194 0.701273
vn 0.000000 1.000000 -0.000001
vn 0.367041 0.854729 0.367041
vn -0.366675 0.854897 -0.367016
vn 0.000000 1.000000 -0.000001
vn 0.000000 -1.000000 -0.000002
vn 0.000000 -1.000000 -0.000002
vn 0.000000 -1.000000 -0.000002
vn 0.000000 -1.000000 -0.000002
vn 0.707106 0.000000 -0.707108
vn 0.707106 0.000000 -0.707108
vn 0.707106 0.000000 -0.707108
vn 0.707106 0.000000 -0.707108
vn -0.707107 0.000000 0.707106
vn -0.707107 0.000000 0.707106
vn -0.707107 0.000000 0.707106
vn -0.707107 0.000000 0.707106
vn 0.000000 1.000000 0.000000
vn 0.000000 1.000000 0.000000
vn 0.000000 1.000000 0.000000
vn 0.000000 1.000000 0.000000
vn -0.692845 -0.199826 -0.692846
vn -0.673341 0.305327 -0.673341
vn -0.673342 0.305327 -0.673340
vn -0.701306 0.127833 -0.701305
vn 0.000000 -1.000000 -0.000001
vn 0.000000 -1.000000 -0.000001
vn 0.000000 -1.000000 -0.000001
vn 0.000000 -1.000000 -0.000001
vn 0.673340 0.305328 0.673341
vn 0.692896 -0.199478 0.692896
vn 0.701272 0.128193 0.701273
vn 0.701272 0.128193 0.701273
vn 0.707105 0.000000 -0.707108
vn 0.707105 0.000000 -0.707108
vn 0.707105 0.000000 -0.707108
vn 0.707105 0.000000 -0.707108
vn -0.707105 0.000000 0.707108
vn -0.707105 0.000000 0.707108
vn -0.707105 0.000000 0.707108
vn -0.707105 0.000000 0.707108
vn -0.707106 0.000000 0.707108
vn -0.707106 0.000000 0.707108
vn -0.707106 0.000000 0.707108
vn -0.707106 0.000000 0.707108
vn 0.707106 0.000000 -0.707108
vn 0.707106 0.000000 -0.707108
vn 0.707106 0.000000 -0.707108
vn 0.707106 0.000000 -0.707108
vn 0.000000 -1.000000 0.000002
vn 0.000000 -1.000000 0.000002
vn 0.000000 -1.000000 0.000002
vn 0.000000 -1.000000 0.000002
vn 0.460042 0.759423 -0.460042
vn 0.460042 0.759423 -0.460042
vn 0.460042 0.759423 -0.460042
vn 0.460042 0.759423 -0.460042
vn 0.428661 0.795298 0.428661
vn -0.428527 0.795443 -0.428526
vn -0.692133 -0.202512 -0.692777
vn -0.673018 0.305370 -0.673644
vn 0.000000 -1.000000 0.000000
vn 0.000000 -1.000000 0.000000
vn 0.000000 -1.000000 0.000000
vn 0.000000 -1.000000 0.000000
vn 0.000000 -1.000000 -0.000001
vn 0.000000 -1.000000 -0.000001
vn 0.000000 -1.000000 -0.000001
vn 0.000000 -1.000000 -0.000001
vn 0.000000 -1.000000 0.000000
vn 0.000000 -1.000000 0.000000
vn 0.000000 -1.000000 0.000000
vn 0.000000 -1.000000 0.000000
vn 0.000000 -1.000000 0.000000
vn 0.000000 -1.000000 0.000000
vn 0.707107 -0.000001 -0.707107
vn 0.707107 -0.000001 -0.707107
vn 0.707107 -0.000001 -0.707107
vn 0.707107 -0.000001 -0.707107
vn 0.707106 0.000000 -0.707107
vn 0.707106 0.000000 -0.707107
vn 0.707106 0.000000 -0.707107
vn 0.707106 0.000000 -0.707107
vn 0.000000 -1.000000 0.000001
vn 0.000000 -1.000000 0.000001
vn 0.000000 -1.000000 0.000001
vn 0.000000 -1.000000 0.000001
vn 0.000000 -1.000000 0.000000
vn 0.000000 -1.000000 0.000000
vn 0.000000 -1.000000 -0.000000
vn 0.000000 -1.000000 -0.000000
vn 0.000000 -1.000000 -0.000000
vn 0.000000 -1.000000 -0.000000
vn -0.707107 0.000000 0.707107
vn -0.707107 0.000000 0.707107
vn -0.707107 0.000000 0.707107
vn -0.707107 0.000000 0.707107
vn 0.590931 0.549181 0.590932
vn 0.590931 0.549181 0.590932
vn -0.707106 0.000000 -0.707107
vn -0.707106 0.000000 -0.707107
vn -0.707106 0.000000 -0.707107
vn -0.707106 0.000000 -0.707107
vn 0.707107 0.000000 -0.707106
vn 0.707107 0.000000 -0.707106
vn 0.707107 0.000000 -0.707106
vn 0.707107 0.000000 -0.707106
vn 0.707108 0.000000 0.707106
vn 0.707108 0.000000 0.707106
vn 0.707108 0.000000 0.707106
vn 0.707108 0.000000 0.707106
vn -0.707104 0.000000 0.707109
vn -0.707104 0.000000 0.707109
vn -0.707104 0.000000 0.707109
vn -0.707104 0.000000 0.707109
vn 0.707107 0.000000 0.707107
vn 0.707107 0.000000 0.707107
vn 0.707107 0.000000 0.707107
vn 0.707107 0.000000 0.707107
vn -0.707108 0.000000 0.707105
vn -0.707108 0.000000 0.707105
vn -0.707108 0.000000 0.707105
vn -0.707108 0.000000 0.707105
vn -0.707107 0.000000 -0.707106
vn -0.707107 0.000000 -0.707106
vn -0.707107 0.000000 -0.707106
vn -0.707107 0.000000 -0.707106
vn 0.707107 0.000000 -0.707106
vn 0.707107 0.000000 -0.707106
vn 0.707107 0.000000 -0.707106
vn 0.707107 0.000000 -0.707106
vn -0.707106 0.000000 0.707108
vn -0.707106 0.000000 0.707108
vn -0.707106 0.000000 0.707108
vn -0.707106 0.000000 0.707108
vn -0.707106 0.000000 -0.707108
vn -0.707106 0.000000 -0.707108
vn -0.707106 0.000000 -0.707108
vn -0.707106 0.000000 -0.707108
vn 0.707107 0.000000 -0.707106
vn 0.707107 0.000000 -0.707106
vn 0.707107 0.000000 -0.707106
vn 0.707107 0.000000 -0.707106
vn 0.707108 0.000000 0.707105
vn 0.707108 0.000000 0.707105
vn 0.707108 0.000000 0.707105
vn 0.707108 0.000000 0.707105
vn -0.707106 0.000000 -0.707107
vn -0.707106 0.000000 -0.707107
vn -0.707106 0.000000 -0.707107
vn -0.707106 0.000000 -0.707107
vn 0.707107 0.000000 -0.707107
vn 0.707107 0.000000 -0.707107
vn 0.707107 0.000000 -0.707107
vn 0.707107 0.000000 -0.707107
vn 0.707107 0.000000 0.707107
vn 0.707107 0.000000 0.707107
vn 0.707107 0.000000 0.707107
vn 0.707107 0.000000 0.707107
vn -0.707107 0.000000 0.707106
vn -0.707107 0.000000 0.707106
vn -0.707107 0.000000 0.707106
vn -0.707107 0.000000 0.707106
vn 0.590930 0.549182 0.590932
vn 0.590930 0.549182 0.590932
vn 0.707106 0.000000 0.707108
vn 0.707106 0.000000 0.707108
vn 0.707106 0.000000 0.707108
vn 0.707106 0.000000 0.707108
vn 0.707106 0.000000 0.707108
vn 0.707106 0.000000 0.707108
vn 0.707106 0.000000 0.707108
vn 0.707106 0.000000 0.707108
vn 0.707108 0.000000 0.707105
vn 0.707108 0.000000 0.707105
vn 0.707108 0.000000 0.707105
vn 0.707108 0.000000 0.707105
vn -0.707103 0.000000 -0.707111
vn -0.707103 0.000000 -0.707111
vn -0.707103 0.000000 -0.707111
vn -0.707103 0.000000 -0.707111
vn -0.707107 0.000000 -0.707106
vn -0.707107 0.000000 -0.707106
vn -0.707107 0.000000 -0.707106
vn -0.707107 0.000000 -0.707106
vn -0.707107 0.000000 -0.707107
vn -0.707107 0.000000 -0.707107
vn -0.707107 0.000000 -0.707107
vn -0.707107 0.000000 -0.707107
vn -0.590755 0.549562 -0.590754
vn -0.700410 0.126917 -0.702366
vn -0.672431 0.305200 -0.674307
vn -0.589484 0.550524 -0.591128
vn -0.707104 0.000001 0.707109
vn -0.707104 0.000001 0.707109
vn -0.707104 0.000001 0.707109
vn -0.707104 0.000001 0.707109
s off
g Rueda group1
usemtl lambert2SG
f 1/1/1 2/2/2 4/3/3 3/4/4
f 5/5/5 6/6/6 8/7/7 7/8/8
f 9/9/9 10/10/10 12/11/11 11/12/12
f 13/13/13 14/14/14 16/15/15 15/16/16
f 17/17/17 19/20/18 20/19/19 18/18/20
f 21/21/21 23/24/22 24/23/23 22/22/24
f 25/25/25 27/28/26 28/27/27 26/26/28
f 29/29/29 31/32/30 32/31/31 30/30/32
s 1
f 33/33/33 34/34/34 50/35/35 49/36/36
f 34/34/34 35/37/37 51/38/38 50/35/35
f 35/37/37 36/39/39 52/40/40 51/38/38
f 36/39/39 37/41/41 53/42/42 52/40/40
f 37/41/41 38/43/43 54/44/44 53/42/42
f 38/43/43 39/45/45 55/46/46 54/44/44
f 39/45/45 40/47/47 56/48/48 55/46/46
f 40/47/47 41/49/49 57/50/50 56/48/48
f 41/49/49 42/51/51 58/52/52 57/50/50
f 42/51/51 43/53/53 59/54/54 58/52/52
f 43/53/53 44/55/55 60/56/56 59/54/54
f 44/55/55 45/57/57 61/58/58 60/56/56
f 45/57/57 46/59/59 62/60/60 61/58/58
f 46/59/59 47/61/61 63/62/62 62/60/60
f 47/61/61 48/63/63 64/64/64 63/62/62
f 48/63/63 33/33/33 49/36/36 64/64/64
s 2
f 66/65/65 65/66/66 81/67/67 82/68/68
f 67/69/69 66/65/65 82/68/68 83/70/70
f 68/71/71 67/69/69 83/70/70 84/72/72
f 69/73/73 68/71/71 84/72/72 85/74/74
f 70/75/75 69/73/73 85/74/74 86/76/76
f 71/77/77 70/75/75 86/76/76 87/78/78
f 72/79/79 71/77/77 87/78/78 88/80/80
f 73/81/81 72/79/79 88/80/80 89/82/82
f 74/83/83 73/81/81 89/82/82 90/84/84
f 75/85/85 74/83/83 90/84/84 91/86/86
f 76/87/87 75/85/85 91/86/86 92/88/88
f 77/89/89 76/87/87 92/88/88 93/90/90
f 78/91/91 77/89/89 93/90/90 94/92/92
f 79/93/93 78/91/91 94/92/92 95/94/94
f 80/95/95 79/93/93 95/94/94 96/96/96
f 65/66/66 80/95/95 96/96/96 81/67/67
s 3
f 97/97/97 98/98/98 106/99/99 105/100/100
f 98/98/98 99/101/101 107/102/102 106/99/99
f 99/103/101 100/104/103 108/105/104 107/106/102
f 100/104/103 101/107/105 109/108/106 108/105/104
f 101/109/105 102/110/107 110/111/108 109/112/106
f 102/110/107 103/113/109 111/114/110 110/111/108
f 103/115/109 104/116/111 112/117/112 111/118/110
f 104/116/111 97/119/97 105/120/100 112/117/112
s 4
f 98/121/113 97/122/114 113/123/115
f 99/124/116 98/121/113 113/123/115
f 100/125/117 99/124/116 113/123/115
f 101/126/118 100/125/117 113/123/115
f 102/127/119 101/126/118 113/123/115
f 103/128/120 102/127/119 113/123/115
f 104/129/121 103/128/120 113/123/115
f 97/122/114 104/129/121 113/123/115
s 5
f 105/130/122 106/131/123 114/132/124
f 106/131/123 107/133/125 114/132/124
f 107/133/125 108/134/126 114/132/124
f 108/134/126 109/135/127 114/132/124
f 109/135/127 110/136/128 114/132/124
f 110/136/128 111/137/129 114/132/124
f 111/137/129 112/138/130 114/132/124
f 112/138/130 105/130/122 114/132/124
s off
f 115/139/131 123/140/132 121/141/133 117/142/134 116/143/135
f 116/144/136 117/145/137 118/146/138 120/147/139
f 119/148/140 124/149/141 123/150/142 115/151/143
f 122/152/144 118/153/145 117/154/146 121/155/147
f 124/156/148 119/157/149 120/158/150 118/159/151 122/160/152
s 6
f 125/161/153 126/162/154 127/163/155
f 128/164/156 126/162/154 125/161/153
f 127/163/155 126/162/154 129/165/157
f 129/165/157 126/162/154 128/164/156
s 7
f 130/166/158 132/167/159 131/168/160
f 133/169/161 130/166/158 131/168/160
f 132/167/159 134/170/162 131/168/160
f 134/170/162 133/169/161 131/168/160
s 8
f 135/171/163 136/172/164 137/173/165
f 138/174/166 136/172/164 135/171/163
f 137/173/165 136/172/164 139/175/167
f 139/175/167 136/172/164 138/174/166
s 9
f 140/176/168 142/177/169 141/178/170
f 143/179/171 140/176/168 141/178/170
f 142/177/169 144/180/172 141/178/170
f 144/180/172 143/179/171 141/178/170
s 10
f 145/181/173 146/182/174 147/183/175
f 148/184/176 146/182/174 145/181/173
f 147/183/175 146/182/174 149/185/177
f 149/185/177 146/182/174 148/184/176
s 11
f 150/186/178 152/187/179 151/188/180
f 153/189/181 150/186/178 151/188/180
f 152/187/179 154/190/182 151/188/180
f 154/190/182 153/189/181 151/188/180
s off
f 155/191/183 156/192/184 157/193/185 161/194/186 163/195/187
f 156/196/188 160/197/189 158/198/190 157/199/191
f 159/200/192 155/201/193 163/202/194 164/203/195
f 162/204/196 161/205/197 157/206/198 158/207/199
f 164/208/200 162/209/201 158/210/202 160/211/203 159/212/204
f 165/213/205 166/214/206 167/215/207 171/216/208 173/217/209
f 166/218/210 170/219/211 168/220/212 167/221/213
f 169/222/214 165/223/215 173/224/216 174/225/217
f 172/226/218 171/227/219 167/228/220 168/229/221
f 174/230/222 172/231/223 168/232/224 170/233/225 169/234/226
s 12
f 175/235/227 177/236/228 176/237/229
f 178/238/230 175/235/227 176/237/229
f 177/236/228 179/239/231 176/237/229
f 179/239/231 178/238/230 176/237/229
s 13
f 180/240/232 181/241/233 182/242/234
f 183/243/235 181/241/233 180/240/232
f 182/242/234 181/241/233 184/244/236
f 184/244/236 181/241/233 183/243/235
s 14
f 185/245/237 187/246/238 186/247/239
f 188/248/240 185/245/237 186/247/239
f 187/246/238 189/249/241 186/247/239
f 189/249/241 188/248/240 186/247/239
s 15
f 190/250/242 191/251/243 192/252/244
f 193/253/245 191/251/243 190/250/242
f 192/252/244 191/251/243 194/254/246
f 194/254/246 191/251/243 193/253/245
s 16
f 195/255/247 197/256/248 196/257/249
f 198/258/250 195/255/247 196/257/249
f 197/256/248 199/259/251 196/257/249
f 199/259/251 198/258/250 196/257/249
s 17
f 200/260/252 201/261/253 202/262/254
f 203/263/255 201/261/253 200/260/252
f 202/262/254 201/261/253 204/264/256
f 204/264/256 201/261/253 203/263/255
s off
f 205/265/257 213/266/258 211/267/259 207/268/260 206/269/261
f 206/270/262 207/271/263 208/272/264 210/273/265
f 209/274/266 214/275/267 213/276/268 205/277/269
f 212/278/270 208/279/271 207/280/272 211/281/273
f 214/282/274 209/283/275 210/284/276 208/285/277 212/286/278
f 215/287/279 216/288/280 218/289/281 217/290/282
f 217/291/283 218/292/284 220/293/285 219/294/286
f 219/295/287 220/296/288 222/297/289 221/298/290
f 216/299/291 222/300/292 220/301/293 218/302/294
f 221/303/295 215/304/296 217/305/297 219/306/298
s 18
f 223/307/299 224/308/300 276/309/301 277/310/302
f 224/308/300 225/311/303 275/312/304 276/309/301
f 225/313/303 226/314/305 274/315/306 275/316/304
f 226/314/305 227/317/307 273/318/308 274/315/306
f 227/317/307 228/319/309 272/320/310 273/318/308
f 228/319/309 229/321/311 271/322/312 272/320/310
f 229/323/311 230/324/313 270/325/314 271/326/312
f 230/324/313 231/327/315 269/328/316 270/325/314
f 231/327/315 232/329/317 268/330/318 269/328/316
f 232/329/317 233/331/319 267/332/320 268/330/318
f 233/331/319 234/333/321 266/334/322 267/332/320
f 234/333/321 235/335/323 265/336/324 266/334/322
f 235/337/323 236/338/325 264/339/326 265/340/324
f 236/338/325 237/341/327 283/342/328 264/339/326
f 237/341/327 238/343/329 282/344/330 283/342/328
f 238/343/329 239/345/331 281/346/332 282/344/330
f 239/347/331 240/348/333 280/349/334 281/350/332
f 240/348/333 241/351/335 279/352/336 280/349/334
f 241/351/335 242/353/337 278/354/338 279/352/336
f 242/353/337 223/307/299 277/310/302 278/354/338
s 19
f 243/355/339 244/356/340 263/357/341
f 244/356/340 245/358/342 263/357/341
f 245/358/342 246/359/343 263/357/341
f 246/359/343 247/360/344 263/357/341
f 247/360/344 248/361/345 263/357/341
f 248/361/345 249/362/346 263/357/341
f 249/362/346 250/363/347 263/357/341
f 250/363/347 251/364/348 263/357/341
f 251/365/348 252/366/349 263/367/341
f 252/366/349 253/368/350 263/367/341
f 253/369/350 254/370/351 263/371/341
f 254/370/351 255/372/352 263/371/341
f 255/372/352 256/373/353 263/371/341
f 256/373/353 257/374/354 263/371/341
f 257/374/354 258/375/355 263/371/341
f 258/375/355 259/376/356 263/371/341
f 259/376/356 260/377/357 263/371/341
f 260/377/357 261/378/358 263/371/341
f 261/379/358 262/380/359 263/381/341
f 262/380/359 243/382/339 263/381/341
s 20
f 265/383/360 264/384/361 324/385/362 325/386/363
f 266/387/364 265/383/360 325/386/363 326/388/365
f 267/389/366 266/387/364 326/388/365 327/390/367
f 268/391/368 267/389/366 327/390/367 328/392/369
f 269/393/370 268/391/368 328/392/369 329/394/371
f 270/395/372 269/393/370 329/394/371 330/396/373
f 271/397/374 270/395/372 330/396/373 331/398/375
f 272/399/376 271/397/374 331/398/375 332/400/377
f 273/401/378 272/399/376 332/400/377 333/402/379
f 274/403/380 273/401/378 333/402/379 334/404/381
f 275/405/382 274/403/380 334/404/381 335/406/383
f 276/407/384 275/405/382 335/406/383 336/408/385
f 277/409/386 276/407/384 336/408/385 337/410/387
f 278/411/388 277/409/386 337/410/387 338/412/389
f 279/413/390 278/411/388 338/412/389 339/414/391
f 280/415/392 279/413/390 339/414/391 340/416/393
f 281/417/394 280/415/392 340/416/393 341/418/395
f 282/419/396 281/417/394 341/418/395 342/420/397
f 283/421/398 282/419/396 342/420/397 343/422/399
f 264/384/361 283/421/398 343/422/399 324/385/362
s 21
f 285/423/400 284/424/401 256/425/402 255/426/403
f 286/427/404 285/428/400 255/429/403 254/430/405
f 287/431/406 286/427/404 254/430/405 253/368/407
f 288/432/408 287/431/406 253/368/407 252/366/409
f 289/433/410 288/432/408 252/366/409 251/365/411
f 290/434/412 289/433/410 251/365/411 250/435/413
f 291/436/414 290/434/412 250/435/413 249/437/415
f 292/438/416 291/439/414 249/440/415 248/441/417
f 293/442/418 292/438/416 248/441/417 247/443/419
f 294/444/420 293/442/418 247/443/419 246/445/421
f 295/446/422 294/444/420 246/445/421 245/447/423
f 296/448/424 295/449/422 245/450/423 244/451/425
f 297/452/426 296/448/424 244/451/425 243/382/427
f 298/453/428 297/452/426 243/382/427 262/380/429
f 299/454/430 298/453/428 262/380/429 261/379/431
f 300/455/432 299/454/430 261/379/431 260/456/433
f 301/457/434 300/455/432 260/456/433 259/458/435
f 302/459/436 301/460/434 259/461/435 258/462/437
f 303/463/438 302/459/436 258/462/437 257/464/439
f 284/424/401 303/463/438 257/464/439 256/425/402
s 22
f 305/465/440 304/466/441 284/467/442 285/468/443
f 306/469/444 305/465/440 285/468/443 286/470/445
f 307/471/446 306/469/444 286/470/445 287/472/447
f 308/473/448 307/471/446 287/472/447 288/474/449
f 309/475/450 308/473/448 288/474/449 289/476/451
f 310/477/452 309/475/450 289/476/451 290/478/453
f 311/479/454 310/477/452 290/478/453 291/480/455
f 312/481/456 311/479/454 291/480/455 292/482/457
f 313/483/458 312/481/456 292/482/457 293/484/459
f 314/485/460 313/483/458 293/484/459 294/486/461
f 315/487/462 314/485/460 294/486/461 295/488/463
f 316/489/464 315/487/462 295/488/463 296/490/465
f 317/491/466 316/489/464 296/490/465 297/492/467
f 318/493/468 317/491/466 297/492/467 298/494/469
f 319/495/470 318/493/468 298/494/469 299/496/471
f 320/497/472 319/495/470 299/496/471 300/498/473
f 321/499/474 320/497/472 300/498/473 301/500/475
f 322/501/476 321/499/474 301/500/475 302/502/477
f 323/503/478 322/501/476 302/502/477 303/504/479
f 304/466/441 323/503/478 303/504/479 284/467/442
s 23
f 305/505/480 325/506/481 324/507/482 304/508/483
f 306/509/484 326/510/485 325/511/481 305/512/480
f 307/513/486 327/514/487 326/510/485 306/509/484
f 308/515/488 328/516/489 327/514/487 307/513/486
f 309/517/490 329/518/491 328/516/489 308/515/488
f 310/519/492 330/520/493 329/518/491 309/517/490
f 311/521/494 331/522/495 330/520/493 310/519/492
f 312/523/496 332/524/497 331/525/495 311/526/494
f 313/527/498 333/528/499 332/524/497 312/523/496
f 314/529/500 334/530/501 333/528/499 313/527/498
f 315/531/502 335/532/503 334/530/501 314/529/500
f 316/533/504 336/534/505 335/535/503 315/536/502
f 317/537/506 337/538/507 336/534/505 316/533/504
f 318/539/508 338/540/509 337/538/507 317/537/506
f 319/541/510 339/542/511 338/540/509 318/539/508
f 320/543/512 340/544/513 339/542/511 319/541/510
f 321/545/514 341/546/515 340/544/513 320/543/512
f 322/547/516 342/548/517 341/549/515 321/550/514
f 323/551/518 343/552/519 342/548/517 322/547/516
f 304/508/483 324/507/482 343/552/519 323/551/518
s 24
f 345/553/520 365/554/521 364/555/522 344/556/523
f 346/557/524 366/558/525 365/554/521 345/553/520
f 347/559/526 367/560/527 366/561/525 346/562/524
f 348/563/528 368/564/529 367/560/527 347/559/526
f 349/565/530 369/566/531 368/564/529 348/563/528
f 350/567/532 370/568/533 369/566/531 349/565/530
f 351/569/534 371/570/535 370/571/533 350/572/532
f 352/573/536 372/574/537 371/570/535 351/569/534
f 353/575/538 373/576/539 372/574/537 352/573/536
f 354/577/540 374/578/541 373/576/539 353/575/538
f 355/579/542 375/580/543 374/578/541 354/577/540
f 356/581/544 376/582/545 375/580/543 355/579/542
f 357/583/546 377/584/547 376/585/545 356/586/544
f 358/587/548 378/588/549 377/584/547 357/583/546
f 359/589/550 379/590/551 378/588/549 358/587/548
f 360/591/552 380/592/553 379/590/551 359/589/550
f 361/593/554 381/594/555 380/595/553 360/596/552
f 362/597/556 382/598/557 381/594/555 361/593/554
f 363/599/558 383/600/559 382/598/557 362/597/556
f 344/556/523 364/555/522 383/600/559 363/599/558
s 25
f 384/601/560 385/602/561 425/603/562 426/604/563
f 385/602/561 386/605/564 424/606/565 425/603/562
f 386/607/564 387/608/566 423/609/567 424/610/565
f 387/608/566 388/611/568 422/612/569 423/609/567
f 388/613/568 389/614/570 421/615/571 422/616/569
f 389/614/570 390/617/572 420/618/573 421/615/571
f 390/617/572 391/619/574 419/620/575 420/618/573
f 391/619/574 392/621/576 418/622/577 419/620/575
f 392/621/576 393/623/578 417/624/579 418/622/577
f 393/623/578 394/625/580 416/626/581 417/624/579
f 394/627/580 395/628/582 431/629/583 416/630/581
f 395/628/582 396/631/584 430/632/585 431/629/583
f 396/633/584 397/634/586 429/635/587 430/636/585
f 397/634/586 398/637/588 428/638/589 429/635/587
f 398/637/588 399/639/590 427/640/591 428/638/589
f 399/639/590 384/601/560 426/604/563 427/640/591
s 26
f 417/641/592 416/642/593 410/643/594 409/644/595
f 418/645/596 417/641/592 409/644/595 408/646/597
f 419/647/598 418/645/596 408/646/597 407/648/599
f 420/649/600 419/647/598 407/648/599 406/650/601
f 421/651/602 420/649/600 406/650/601 405/652/603
f 422/653/604 421/651/602 405/652/603 404/654/605
f 423/655/606 422/653/604 404/654/605 403/656/607
f 424/657/608 423/655/606 403/656/607 402/658/609
f 425/659/610 424/657/608 402/658/609 401/660/611
f 426/661/612 425/659/610 401/660/611 400/662/613
f 427/663/614 426/661/612 400/662/613 415/664/615
f 428/665/616 427/663/614 415/664/615 414/666/617
f 429/667/618 428/665/616 414/666/617 413/668/619
f 430/669/620 429/667/618 413/668/619 412/670/621
f 431/671/622 430/669/620 412/670/621 411/672/623
f 416/642/593 431/671/622 411/672/623 410/643/594
s 27
f 400/673/624 401/674/625 433/675/626 432/676/627
f 401/674/625 402/677/628 434/678/629 433/675/626
f 402/679/628 403/680/630 435/681/631 434/682/629
f 403/680/630 404/683/632 436/684/633 435/681/631
f 404/685/632 405/686/634 437/687/635 436/688/633
f 405/686/634 406/689/636 438/690/637 437/687/635
f 406/689/636 407/691/638 439/692/639 438/690/637
f 407/691/638 408/693/640 440/694/641 439/692/639
f 408/693/640 409/695/642 441/696/643 440/694/641
f 409/695/642 410/697/644 442/698/645 441/696/643
f 410/699/644 411/700/646 443/701/647 442/702/645
f 411/700/646 412/703/648 444/704/649 443/701/647
f 412/705/648 413/706/650 445/707/651 444/708/649
f 413/706/650 414/709/652 446/710/653 445/707/651
f 414/709/652 415/711/654 447/712/655 446/710/653
f 415/711/654 400/673/624 432/676/627 447/712/655
s 28
f 432/713/656 433/714/657 448/715/658
f 433/714/657 434/716/659 448/715/658
f 434/716/659 435/717/660 448/715/658
f 435/717/660 436/718/661 448/715/658
f 436/718/661 437/719/662 448/715/658
f 437/719/662 438/720/663 448/715/658
f 438/690/663 439/692/664 448/721/658
f 439/692/664 440/694/665 448/721/658
f 440/722/665 441/723/666 448/724/658
f 441/723/666 442/725/667 448/724/658
f 442/725/667 443/726/668 448/724/658
f 443/726/668 444/727/669 448/724/658
f 444/727/669 445/728/670 448/724/658
f 445/728/670 446/729/671 448/724/658
f 446/710/671 447/712/672 448/730/658
f 447/712/672 432/676/656 448/730/658
s off
f 449/731/673 450/732/674 452/733/675 451/734/676
f 453/735/677 454/736/678 455/737/679
f 456/738/680 457/739/681 458/740/682
f 459/741/683 460/742/684 462/743/685 461/744/686
f 463/745/687 464/746/688 466/747/689 465/748/690
s 29
f 467/749/691 481/750/692 478/751/693 469/752/694
f 503/753/695 504/754/696 490/755/697 489/756/698
s off
f 501/757/699 502/758/700 488/759/701 487/760/702
f 498/761/703 499/762/704 485/763/705 484/764/706
f 502/765/707 503/766/708 489/767/709 488/768/710
f 493/769/711 507/770/712 508/771/713 494/772/714
s 29
f 476/773/715 475/774/716 471/775/717 473/776/718
s off
f 499/777/719 500/778/720 486/779/721 485/780/722
s 29
f 474/781/723 477/782/724 468/783/725 470/784/726
s off
f 497/785/727 498/761/728 484/764/729 483/786/730
f 505/787/731 506/788/732 492/789/733 491/790/734
f 506/788/735 507/791/736 493/792/737 492/789/738
f 509/793/739 496/794/740 482/795/741 495/796/742
f 496/797/743 497/798/744 483/799/745 482/800/746
f 508/801/747 509/793/748 495/796/749 494/802/750
s 29
f 504/754/696 505/803/751 491/804/752 490/755/697
f 480/805/753 479/806/754 475/774/716 476/773/715
s off
f 500/778/755 501/757/756 487/760/757 486/779/758
s 29
f 478/751/693 481/750/692 477/782/724 474/781/723
f 490/755/697 491/804/752 475/807/716 479/808/754
s off
f 510/809/759 511/810/760 512/811/761 513/812/762
s 29
f 486/779/763 487/760/764 480/813/753 476/814/715
s off
f 514/815/765 515/816/766 516/817/767 517/818/768
f 484/764/769 485/763/770 473/819/771 471/820/772
f 468/821/773 499/762/774 498/761/775 470/822/776
f 519/823/777 518/824/778 520/825/779 521/826/780
s 29
f 481/827/692 501/757/781 500/778/782 477/828/724
s off
f 523/829/783 522/830/784 524/831/785 525/832/786
f 503/766/787 502/765/788 467/833/789 469/834/790
s 29
f 469/835/791 478/836/693 504/754/696 503/753/792
f 478/836/693 474/837/723 505/803/751 504/754/696
s off
f 472/838/793 480/805/794 511/839/795 510/840/796
f 480/841/797 487/842/798 512/843/799 511/844/800
f 487/845/801 488/846/802 513/847/803 512/848/804
f 488/768/805 472/849/806 510/850/807 513/851/808
f 485/852/809 486/853/810 515/854/811 514/855/812
f 486/856/813 476/857/814 516/858/815 515/859/816
f 476/773/817 473/776/818 517/860/819 516/861/820
f 473/819/821 485/763/822 514/862/823 517/863/824
f 477/864/825 500/865/826 518/866/827 519/867/828
f 500/868/829 499/869/830 520/870/831 518/871/832
f 499/762/833 468/821/834 521/872/835 520/873/836
f 468/783/837 477/782/838 519/874/839 521/875/840
f 502/876/841 501/877/842 522/878/843 523/879/844
f 501/880/845 481/881/846 524/882/847 522/883/848
f 481/750/849 467/749/850 525/884/851 524/885/852
f 467/833/853 502/765/854 523/886/855 525/887/856
s 29
f 505/803/751 474/837/723 470/888/857 498/889/858
s off
f 498/890/859 497/891/860 506/892/861 505/893/862
f 506/892/863 497/891/864 508/894/865 507/895/866
f 508/894/867 497/891/868 496/896/869 509/897/870
f 495/898/871 482/899/872 483/900/873 494/901/874
f 493/902/875 494/901/876 483/900/877 492/903/878
f 492/903/879 483/900/880 484/904/881 491/905/882
s 29
f 491/804/752 484/906/883 471/907/717 475/807/716
f 479/806/754 480/805/753 472/838/884 526/908/885
f 490/755/697 479/808/754 526/909/885 489/756/886
s off
f 526/910/887 472/849/888 488/768/889 489/767/890
f 527/911/891 528/912/892 530/913/893 529/914/894
s 32
f 531/915/895 545/916/896 542/917/897 533/918/898
f 567/919/899 568/920/900 554/921/901 553/922/902
s off
f 565/923/903 566/924/904 552/925/905 551/926/906
f 562/927/907 563/928/908 549/929/909 548/930/910
f 566/931/911 567/932/912 553/933/913 552/934/914
f 557/935/915 571/936/916 572/937/917 558/938/918
s 32
f 540/939/919 539/940/920 535/941/921 537/942/922
s off
f 563/943/923 564/944/924 550/945/925 549/946/926
s 32
f 538/947/927 541/948/928 532/949/929 534/950/930
s off
f 561/951/931 562/927/932 548/930/933 547/952/934
f 569/953/935 570/954/936 556/955/937 555/956/938
f 570/954/939 571/957/940 557/958/941 556/955/942
f 573/959/943 560/960/944 546/961/945 559/962/946
f 560/963/947 561/964/948 547/965/949 546/966/950
f 572/967/951 573/959/952 559/962/953 558/968/954
s 32
f 568/920/900 569/969/955 555/970/956 554/921/901
f 544/971/957 543/972/958 539/940/920 540/939/919
s off
f 564/944/959 565/923/960 551/926/961 550/945/962
s 32
f 542/917/897 545/916/896 541/948/928 538/947/927
f 554/921/901 555/970/956 539/973/920 543/974/958
s off
f 574/975/963 575/976/964 576/977/965 577/978/966
s 32
f 550/945/967 551/926/968 544/979/957 540/980/919
s off
f 578/981/969 579/982/970 580/983/971 581/984/972
f 548/930/973 549/929/974 537/985/975 535/986/976
f 532/987/977 563/928/978 562/927/979 534/988/980
f 583/989/981 582/990/982 584/991/983 585/992/984
s 32
f 545/993/896 565/923/985 564/944/986 541/994/928
s off
f 587/995/987 586/996/988 588/997/989 589/998/990
f 567/932/991 566/931/992 531/999/993 533/1000/994
s 32
f 533/1001/995 542/1002/897 568/920/900 567/919/996
f 542/1002/897 538/1003/927 569/969/955 568/920/900
s off
f 536/1004/997 544/971/998 575/1005/999 574/1006/1000
f 544/1007/1001 551/1008/1002 576/1009/1003 575/1010/1004
f 551/1011/1005 552/1012/1006 577/1013/1007 576/1014/1008
f 552/934/1009 536/1015/1010 574/1016/1011 577/1017/1012
f 549/1018/1013 550/1019/1014 579/1020/1015 578/1021/1016
f 550/1022/1017 540/1023/1018 580/1024/1019 579/1025/1020
f 540/939/1021 537/942/1022 581/1026/1023 580/1027/1024
f 537/985/1025 549/929/1026 578/1028/1027 581/1029/1028
f 541/1030/1029 564/1031/1030 582/1032/1031 583/1033/1032
f 564/1034/1033 563/1035/1034 584/1036/1035 582/1037/1036
f 563/928/1037 532/987/1038 585/1038/1039 584/1039/1040
f 532/949/1041 541/948/1042 583/1040/1043 585/1041/1044
f 566/1042/1045 565/1043/1046 586/1044/1047 587/1045/1048
f 565/1046/1049 545/1047/1050 588/1048/1051 586/1049/1052
f 545/916/1053 531/915/1054 589/1050/1055 588/1051/1056
f 531/999/1057 566/931/1058 587/1052/1059 589/1053/1060
s 32
f 569/969/955 538/1003/927 534/1054/1061 562/1055/1062
s off
f 562/1056/1063 561/1057/1064 570/1058/1065 569/1059/1066
f 570/1058/1067 561/1057/1068 572/1060/1069 571/1061/1070
f 572/1060/1071 561/1057/1072 560/1062/1073 573/1063/1074
f 559/1064/1075 546/1065/1076 547/1066/1077 558/1067/1078
f 557/1068/1079 558/1067/1080 547/1066/1081 556/1069/1082
f 556/1069/1083 547/1066/1084 548/1070/1085 555/1071/1086
s 32
f 555/970/956 548/1072/1087 535/1073/921 539/973/920
f 543/972/958 544/971/957 536/1004/1088 590/1074/1089
f 554/921/901 543/974/958 590/1075/1089 553/922/1090
s off
f 590/1076/1091 536/1015/1092 552/934/1093 553/933/1094
f 591/1077/1095 592/1078/1096 594/1079/1097 593/1080/1098
s 35
f 595/1081/1099 609/1082/1100 606/1083/1101 597/1084/1102
f 631/1085/1103 632/1086/1104 618/1087/1105 617/1088/1106
s off
f 629/1089/1107 630/1090/1108 616/1091/1109 615/1092/1110
f 626/1093/1111 627/1094/1112 613/1095/1113 612/1096/1114
f 630/1097/1115 631/1098/1116 617/1099/1117 616/1100/1118
f 621/1101/1119 635/1102/1120 636/1103/1121 622/1104/1122
s 35
f 604/1105/1123 603/1106/1124 599/1107/1125 601/1108/1126
s off
f 627/1109/1127 628/1110/1128 614/1111/1129 613/1112/1130
s 35
f 602/1113/1131 605/1114/1132 596/1115/1133 598/1116/1134
s off
f 625/1117/1135 626/1093/1136 612/1096/1137 611/1118/1138
f 633/1119/1139 634/1120/1140 620/1121/1141 619/1122/1142
f 634/1120/1143 635/1123/1144 621/1124/1145 620/1121/1146
f 637/1125/1147 624/1126/1148 610/1127/1149 623/1128/1150
f 624/1129/1151 625/1130/1152 611/1131/1153 610/1132/1154
f 636/1133/1155 637/1125/1156 623/1128/1157 622/1134/1158
s 35
f 632/1086/1104 633/1135/1159 619/1136/1160 618/1087/1105
f 608/1137/1161 607/1138/1162 603/1106/1124 604/1105/1123
s off
f 628/1110/1163 629/1089/1164 615/1092/1165 614/1111/1166
s 35
f 606/1083/1101 609/1082/1100 605/1114/1132 602/1113/1131
f 618/1087/1105 619/1136/1160 603/1139/1124 607/1140/1162
s off
f 638/1141/1167 639/1142/1168 640/1143/1169 641/1144/1170
s 35
f 614/1111/1171 615/1092/1172 608/1145/1161 604/1146/1123
s off
f 642/1147/1173 643/1148/1174 644/1149/1175 645/1150/1176
f 612/1096/1177 613/1095/1178 601/1151/1179 599/1152/1180
f 596/1153/1181 627/1094/1182 626/1093/1183 598/1154/1184
f 647/1155/1185 646/1156/1186 648/1157/1187 649/1158/1188
s 35
f 609/1159/1100 629/1089/1189 628/1110/1190 605/1160/1132
s off
f 651/1161/1191 650/1162/1192 652/1163/1193 653/1164/1194
f 631/1098/1195 630/1097/1196 595/1165/1197 597/1166/1198
s 35
f 597/1167/1199 606/1168/1101 632/1086/1104 631/1085/1200
f 606/1168/1101 602/1169/1131 633/1135/1159 632/1086/1104
s off
f 600/1170/1201 608/1137/1202 639/1171/1203 638/1172/1204
f 608/1173/1205 615/1174/1206 640/1175/1207 639/1176/1208
f 615/1177/1209 616/1178/1210 641/1179/1211 640/1180/1212
f 616/1100/1213 600/1181/1214 638/1182/1215 641/1183/1216
f 613/1184/1217 614/1185/1218 643/1186/1219 642/1187/1220
f 614/1188/1221 604/1189/1222 644/1190/1223 643/1191/1224
f 604/1105/1225 601/1108/1226 645/1192/1227 644/1193/1228
f 601/1151/1229 613/1095/1230 642/1194/1231 645/1195/1232
f 605/1196/1233 628/1197/1234 646/1198/1235 647/1199/1236
f 628/1200/1237 627/1201/1238 648/1202/1239 646/1203/1240
f 627/1094/1241 596/1153/1242 649/1204/1243 648/1205/1244
f 596/1115/1245 605/1114/1246 647/1206/1247 649/1207/1248
f 630/1208/1249 629/1209/1250 650/1210/1251 651/1211/1252
f 629/1212/1253 609/1213/1254 652/1214/1255 650/1215/1256
f 609/1082/1257 595/1081/1258 653/1216/1259 652/1217/1260
f 595/1165/1261 630/1097/1262 651/1218/1263 653/1219/1264
s 35
f 633/1135/1159 602/1169/1131 598/1220/1265 626/1221/1266
s off
f 626/1222/1267 625/1223/1268 634/1224/1269 633/1225/1270
f 634/1224/1271 625/1223/1272 636/1226/1273 635/1227/1274
f 636/1226/1275 625/1223/1276 624/1228/1277 637/1229/1278
f 623/1230/1279 610/1231/1280 611/1232/1281 622/1233/1282
f 621/1234/1283 622/1233/1284 611/1232/1285 620/1235/1286
f 620/1235/1287 611/1232/1288 612/1236/1289 619/1237/1290
s 35
f 619/1136/1160 612/1238/1291 599/1239/1125 603/1139/1124
f 607/1138/1162 608/1137/1161 600/1170/1292 654/1240/1293
f 618/1087/1105 607/1140/1162 654/1241/1293 617/1088/1294
s off
f 654/1242/1295 600/1181/1296 616/1100/1297 617/1099/1298
g default
v 2.406916 3.100136 -0.439625
v 2.469247 3.566240 -0.269677
v 2.190666 3.753948 -0.377671
v 2.039776 3.402965 -0.399938
v 2.102521 3.094804 -0.618005
v 2.833908 3.639335 -0.603892
v 2.706354 3.857316 -0.850304
v 2.466768 3.942164 -0.564205
v 1.953045 3.323576 -0.885975
v 2.102454 3.094838 -0.618071
v 2.039709 3.402998 -0.400005
v 2.190599 3.753982 -0.377737
v 2.015375 3.789681 -0.716026
v 2.068028 3.641674 -1.064988
v 2.380036 3.862776 -1.050242
v 2.466701 3.942197 -0.564272
v 2.706286 3.857349 -0.850370
v 2.342040 3.009989 -0.904169
v 2.317706 3.396672 -1.220190
v 2.618141 3.198205 -1.090704
v 2.769031 3.549189 -1.068436
v 2.342107 3.009956 -0.904103
v 2.618208 3.198172 -1.090637
v 2.771577 3.173232 -0.773841
v 2.769098 3.549155 -1.068370
v 2.322762 3.310074 -0.248960
v 2.671288 3.750188 -0.383041
v 1.912601 3.511995 -0.652323
v 2.261127 3.952109 -0.786404
v 2.159374 3.191206 -1.063841
v 2.507901 3.631320 -1.197922
v 2.569535 2.989285 -0.660478
v 2.918062 3.429399 -0.794558
v 2.559481 3.140637 -0.379709
v 2.602581 3.462933 -0.262195
v 2.501322 3.285808 -0.247899
v 2.854732 3.513476 -0.493294
v 2.742280 3.590086 -0.340597
v 2.811632 3.191180 -0.610808
v 2.671932 3.064027 -0.532407
v 2.912889 3.368305 -0.625105
v 3.231747 3.068776 0.079444
v 3.130636 2.941094 0.118342
v 3.160156 3.161840 0.198830
v 3.090802 3.040524 0.208622
v 3.332859 3.196458 0.040546
v 3.255839 3.248930 0.145131
v 3.303339 2.975712 -0.039941
v 3.207655 2.888622 0.013757
v 3.372693 3.097029 -0.049734
v -0.230009 1.857738 0.042192
v -0.268247 1.853699 0.043956
v -0.300623 1.842192 0.048983
v -0.326649 1.824124 0.056877
v -0.345839 1.800410 0.067238
v -0.357711 1.771956 0.079669
v -0.361774 1.739674 0.093774
v -0.357245 1.707587 0.107793
v -0.344308 1.679351 0.120129
v -0.323950 1.655855 0.130394
v -0.297153 1.637978 0.138205
v -0.264900 1.626609 0.143172
v -0.228175 1.622624 0.144914
v -0.189428 1.627008 0.142998
v -0.156913 1.639260 0.137645
v -0.130987 1.658036 0.129441
v -0.112020 1.681988 0.118977
v -0.100371 1.709761 0.106843
v -0.096410 1.740010 0.093627
v -0.101312 1.774090 0.078737
v -0.115340 1.804010 0.065665
v -0.137463 1.828512 0.054959
v -0.166655 1.846345 0.047169
v -0.182220 1.851941 0.044724
v -0.197783 1.855433 0.043198
v -0.213619 1.857231 0.042413
v -0.229640 1.815804 0.060513
v -0.200445 1.810530 0.062817
v -0.176714 1.795396 0.069428
v -0.160774 1.771433 0.079898
v -0.154943 1.739677 0.093772
v -0.160818 1.708645 0.107330
v -0.176805 1.684962 0.117678
v -0.200445 1.669862 0.124274
v -0.229276 1.664555 0.126594
v -0.257739 1.669995 0.124216
v -0.281288 1.685296 0.117532
v -0.297318 1.708925 0.107208
v -0.303242 1.739343 0.093918
v -0.300444 1.761239 0.084352
v -0.292660 1.779942 0.076180
v -0.280786 1.795102 0.069556
v -0.265723 1.806368 0.064635
v -0.248374 1.813384 0.061569
v -0.230009 1.879173 0.091252
v -0.268247 1.875134 0.093018
v -0.300623 1.863628 0.098044
v -0.326649 1.845559 0.105939
v -0.345839 1.821845 0.116300
v -0.357711 1.793391 0.128731
v -0.361774 1.761109 0.142835
v -0.357245 1.729022 0.156854
v -0.344308 1.700786 0.169190
v -0.323950 1.677290 0.179456
v -0.297153 1.659413 0.187266
v -0.264900 1.648044 0.192234
v -0.228175 1.644059 0.193974
v -0.189428 1.648444 0.192060
v -0.156913 1.660695 0.186707
v -0.130987 1.679471 0.178503
v -0.112020 1.703423 0.168038
v -0.100371 1.731196 0.155905
v -0.096410 1.761445 0.142689
v -0.101312 1.795525 0.127799
v -0.115340 1.825445 0.114727
v -0.137463 1.849947 0.104022
v -0.166655 1.867781 0.096231
v -0.182220 1.873376 0.093785
v -0.197783 1.876868 0.092259
v -0.213619 1.878666 0.091474
v -0.229640 1.837239 0.109574
v -0.200445 1.831965 0.111878
v -0.176714 1.816831 0.118490
v -0.160774 1.792869 0.128960
v -0.154943 1.761112 0.142834
v -0.160818 1.730080 0.156392
v -0.176805 1.706398 0.166739
v -0.200445 1.691297 0.173337
v -0.229276 1.685990 0.175655
v -0.257739 1.691431 0.173278
v -0.281288 1.706731 0.166594
v -0.297318 1.730360 0.156270
v -0.303242 1.760778 0.142980
v -0.300444 1.782675 0.133413
v -0.292660 1.801377 0.125242
v -0.280786 1.816537 0.118619
v -0.265723 1.827803 0.113696
v -0.248374 1.834819 0.110631
v 0.197190 1.852035 0.044683
v 0.184524 1.851790 0.044789
v 0.172442 1.851579 0.044882
v 0.161116 1.851428 0.044948
v 0.150719 1.851367 0.044974
v 0.139228 1.851428 0.044948
v 0.127352 1.851579 0.044882
v 0.115271 1.851790 0.044789
v 0.103154 1.852035 0.044683
v 0.103154 1.846701 0.047013
v 0.113328 1.841807 0.049151
v 0.118939 1.831400 0.053698
v 0.121326 1.815899 0.060471
v 0.121824 1.795707 0.069293
v 0.121824 1.684641 0.117818
v 0.121326 1.664513 0.126612
v 0.118939 1.649102 0.133345
v 0.113328 1.638723 0.137879
v 0.103154 1.633684 0.140080
v 0.103154 1.628323 0.142423
v 0.261255 1.628323 0.142423
v 0.267478 1.685983 0.117231
v 0.261255 1.686993 0.116790
v 0.255386 1.679452 0.120085
v 0.246703 1.673990 0.122471
v 0.234589 1.670666 0.123923
v 0.218423 1.669542 0.124414
v 0.205976 1.669542 0.124414
v 0.193902 1.670163 0.124144
v 0.186006 1.672165 0.123268
v 0.181405 1.675751 0.121701
v 0.179212 1.681126 0.119353
v 0.178545 1.688496 0.116134
v 0.178520 1.698063 0.111954
v 0.178520 1.795707 0.069293
v 0.179018 1.816039 0.060410
v 0.181405 1.831528 0.053642
v 0.187016 1.841853 0.049130
v 0.197190 1.846701 0.047013
v 0.197190 1.873470 0.093744
v 0.184524 1.873225 0.093851
v 0.172442 1.873014 0.093944
v 0.161116 1.872863 0.094009
v 0.150719 1.872802 0.094036
v 0.139228 1.872863 0.094009
v 0.127352 1.873014 0.093944
v 0.115271 1.873225 0.093851
v 0.103154 1.873470 0.093744
v 0.103154 1.868136 0.096075
v 0.113328 1.863242 0.098213
v 0.118939 1.852836 0.102759
v 0.121326 1.837334 0.109532
v 0.121824 1.817142 0.118354
v 0.121824 1.706077 0.166880
v 0.121326 1.685949 0.175673
v 0.118939 1.670537 0.182406
v 0.113328 1.660158 0.186941
v 0.103154 1.655119 0.189143
v 0.103154 1.649759 0.191484
v 0.261255 1.649759 0.191484
v 0.267478 1.707418 0.166293
v 0.261255 1.708428 0.165852
v 0.255386 1.700887 0.169147
v 0.246703 1.695426 0.171533
v 0.234589 1.692101 0.172985
v 0.218423 1.690977 0.173476
v 0.205976 1.690977 0.173476
v 0.193902 1.691598 0.173205
v 0.186006 1.693601 0.172330
v 0.181405 1.697187 0.170763
v 0.179212 1.702561 0.168415
v 0.178545 1.709931 0.165195
v 0.178520 1.719498 0.161016
v 0.178520 1.817142 0.118354
v 0.179018 1.837475 0.109471
v 0.181405 1.852963 0.102704
v 0.187016 1.863289 0.098192
v 0.197190 1.868136 0.096075
v 2.711655 0.000000 -0.405311
v 2.831640 0.000000 -0.405311
v 2.711655 2.897160 -0.405311
v 2.831640 2.897160 -0.405311
v 2.711655 2.897160 -0.525295
v 2.831640 2.897160 -0.525295
v 2.711655 0.000000 -0.525295
v 2.831640 0.000000 -0.525295
v -0.493605 1.852035 0.044683
v -0.577765 1.852035 0.044683
v -0.577765 1.846339 0.047172
v -0.567280 1.841303 0.049371
v -0.561704 1.830669 0.054017
v -0.559489 1.815130 0.060806
v -0.559093 1.795371 0.069439
v -0.559093 1.684333 0.117952
v -0.559489 1.664658 0.126549
v -0.561704 1.649297 0.133260
v -0.567280 1.638787 0.137852
v -0.577765 1.633657 0.140093
v -0.577765 1.628323 0.142423
v -0.566591 1.628568 0.142316
v -0.555075 1.628780 0.142223
v -0.543286 1.628931 0.142158
v -0.531293 1.628988 0.142133
v -0.519593 1.628931 0.142158
v -0.507651 1.628780 0.142223
v -0.495633 1.628568 0.142316
v -0.483713 1.628323 0.142423
v -0.483713 1.633657 0.140093
v -0.493897 1.638595 0.137935
v -0.499514 1.648793 0.133479
v -0.501901 1.664094 0.126795
v -0.502398 1.684333 0.117952
v -0.502398 1.812494 0.061958
v -0.497705 1.813037 0.061721
v -0.492599 1.813584 0.061482
v -0.487356 1.814003 0.061299
v -0.482249 1.814171 0.061226
v -0.463074 1.811470 0.062406
v -0.449459 1.804392 0.065497
v -0.441342 1.794486 0.069826
v -0.438652 1.783288 0.074718
v -0.441442 1.768903 0.081003
v -0.449141 1.758866 0.085388
v -0.460752 1.752982 0.087959
v -0.475286 1.751060 0.088799
v -0.478676 1.751124 0.088771
v -0.482066 1.751312 0.088689
v -0.485178 1.751627 0.088552
v -0.487743 1.752066 0.088359
v -0.493605 1.750724 0.088945
v -0.481151 1.711180 0.106223
v -0.477710 1.710636 0.106461
v -0.473412 1.710093 0.106698
v -0.468217 1.709674 0.106881
v -0.462099 1.709506 0.106954
v -0.428193 1.714736 0.104669
v -0.402490 1.729493 0.098222
v -0.386189 1.752365 0.088229
v -0.380492 1.781943 0.075306
v -0.383897 1.804194 0.065584
v -0.393751 1.822749 0.057478
v -0.409504 1.837087 0.051213
v -0.430605 1.846674 0.047025
v -0.442814 1.849351 0.045856
v -0.457428 1.850988 0.045140
v -0.474381 1.851810 0.044781
v -0.493605 1.873470 0.093744
v -0.577765 1.873470 0.093744
v -0.577765 1.867774 0.096233
v -0.567280 1.862739 0.098433
v -0.561704 1.852104 0.103079
v -0.559489 1.836566 0.109868
v -0.559093 1.816807 0.118501
v -0.559093 1.705768 0.167014
v -0.559489 1.686093 0.175611
v -0.561704 1.670732 0.182322
v -0.567280 1.660222 0.186913
v -0.577765 1.655093 0.189155
v -0.577765 1.649759 0.191484
v -0.566591 1.650004 0.191378
v -0.555075 1.650215 0.191285
v -0.543286 1.650366 0.191219
v -0.531293 1.650423 0.191195
v -0.519593 1.650366 0.191219
v -0.507651 1.650215 0.191285
v -0.495633 1.650004 0.191378
v -0.483713 1.649759 0.191484
v -0.483713 1.655093 0.189155
v -0.493897 1.660031 0.186997
v -0.499514 1.670229 0.182542
v -0.501901 1.685529 0.175857
v -0.502398 1.705768 0.167014
v -0.502398 1.833929 0.111020
v -0.497705 1.834472 0.110783
v -0.492599 1.835019 0.110543
v -0.487356 1.835438 0.110360
v -0.482249 1.835606 0.110288
v -0.463074 1.832906 0.111467
v -0.449459 1.825827 0.114560
v -0.441342 1.815921 0.118888
v -0.438652 1.804723 0.123780
v -0.441442 1.790339 0.130065
v -0.449141 1.780301 0.134450
v -0.460752 1.774417 0.137021
v -0.475286 1.772495 0.137860
v -0.478676 1.772559 0.137833
v -0.482066 1.772747 0.137751
v -0.485178 1.773062 0.137613
v -0.487743 1.773502 0.137421
v -0.493605 1.772160 0.138007
v -0.481151 1.732615 0.155284
v -0.477710 1.732072 0.155522
v -0.473412 1.731528 0.155759
v -0.468217 1.731109 0.155943
v -0.462099 1.730941 0.156016
v -0.428193 1.736171 0.153731
v -0.402490 1.750928 0.147284
v -0.386189 1.773800 0.137291
v -0.380492 1.803378 0.124368
v -0.383897 1.825629 0.114646
v -0.393751 1.844184 0.106540
v -0.409504 1.858522 0.100275
v -0.430605 1.868109 0.096087
v -0.442814 1.870786 0.094916
v -0.457428 1.872423 0.094202
v -0.474381 1.873245 0.093843
v 0.017808 1.852035 0.044683
v 0.005142 1.851790 0.044789
v -0.006939 1.851579 0.044882
v -0.018266 1.851428 0.044948
v -0.028663 1.851367 0.044974
v -0.040154 1.851428 0.044948
v -0.052030 1.851579 0.044882
v -0.064110 1.851790 0.044789
v -0.076228 1.852035 0.044683
v -0.076228 1.846701 0.047013
v -0.066054 1.841807 0.049151
v -0.060442 1.831400 0.053698
v -0.058055 1.815899 0.060471
v -0.057558 1.795707 0.069293
v -0.057558 1.684641 0.117818
v -0.058055 1.664513 0.126612
v -0.060442 1.649102 0.133345
v -0.066054 1.638723 0.137879
v -0.076228 1.633684 0.140080
v -0.076228 1.628323 0.142423
v 0.081873 1.628323 0.142423
v 0.088097 1.685983 0.117231
v 0.081873 1.686993 0.116790
v 0.076005 1.679452 0.120085
v 0.067321 1.673990 0.122471
v 0.055208 1.670666 0.123923
v 0.039042 1.669542 0.124414
v 0.026594 1.669542 0.124414
v 0.014521 1.670163 0.124144
v 0.006624 1.672165 0.123268
v 0.002023 1.675751 0.121701
v -0.000170 1.681126 0.119353
v -0.000836 1.688496 0.116134
v -0.000862 1.698063 0.111954
v -0.000862 1.795707 0.069293
v -0.000364 1.816039 0.060410
v 0.002023 1.831528 0.053642
v 0.007635 1.841853 0.049130
v 0.017808 1.846701 0.047013
v 0.017808 1.873470 0.093744
v 0.005142 1.873225 0.093851
v -0.006939 1.873014 0.093944
v -0.018266 1.872863 0.094009
v -0.028663 1.872802 0.094036
v -0.040154 1.872863 0.094009
v -0.052030 1.873014 0.093944
v -0.064110 1.873225 0.093851
v -0.076228 1.873470 0.093744
v -0.076228 1.868136 0.096075
v -0.066054 1.863242 0.098213
v -0.060442 1.852836 0.102759
v -0.058055 1.837334 0.109532
v -0.057558 1.817142 0.118354
v -0.057558 1.706077 0.166880
v -0.058055 1.685949 0.175673
v -0.060442 1.670537 0.182406
v -0.066054 1.660158 0.186941
v -0.076228 1.655119 0.189143
v -0.076228 1.649759 0.191484
v 0.081873 1.649759 0.191484
v 0.088097 1.707418 0.166293
v 0.081873 1.708428 0.165852
v 0.076005 1.700887 0.169147
v 0.067321 1.695426 0.171533
v 0.055208 1.692101 0.172985
v 0.039042 1.690977 0.173476
v 0.026594 1.690977 0.173476
v 0.014521 1.691598 0.173205
v 0.006624 1.693601 0.172330
v 0.002023 1.697187 0.170763
v -0.000170 1.702561 0.168415
v -0.000836 1.709931 0.165195
v -0.000862 1.719498 0.161016
v -0.000862 1.817142 0.118354
v -0.000364 1.837475 0.109471
v 0.002023 1.852963 0.102704
v 0.007635 1.863289 0.098192
v 0.017808 1.868136 0.096075
v -1.068344 1.857738 0.042192
v -1.106581 1.853699 0.043956
v -1.138958 1.842192 0.048983
v -1.164983 1.824124 0.056877
v -1.184173 1.800410 0.067238
v -1.196045 1.771956 0.079669
v -1.200109 1.739674 0.093774
v -1.195580 1.707587 0.107793
v -1.182643 1.679351 0.120129
v -1.162285 1.655855 0.130394
v -1.135488 1.637978 0.138205
v -1.103235 1.626609 0.143172
v -1.066509 1.622624 0.144914
v -1.027763 1.627008 0.142998
v -0.995248 1.639260 0.137645
v -0.969321 1.658036 0.129441
v -0.950355 1.681988 0.118977
v -0.938705 1.709761 0.106843
v -0.934745 1.740010 0.093627
v -0.939647 1.774090 0.078737
v -0.953675 1.804010 0.065665
v -0.975798 1.828512 0.054959
v -1.004989 1.846345 0.047169
v -1.020555 1.851941 0.044724
v -1.036118 1.855433 0.043198
v -1.051954 1.857231 0.042413
v -1.067975 1.815804 0.060513
v -1.038780 1.810530 0.062817
v -1.015049 1.795396 0.069428
v -0.999109 1.771433 0.079898
v -0.993278 1.739677 0.093772
v -0.999152 1.708645 0.107330
v -1.015140 1.684962 0.117678
v -1.038780 1.669862 0.124274
v -1.067611 1.664555 0.126594
v -1.096073 1.669995 0.124216
v -1.119622 1.685296 0.117532
v -1.135653 1.708925 0.107208
v -1.141576 1.739343 0.093918
v -1.138779 1.761239 0.084352
v -1.130995 1.779942 0.076180
v -1.119120 1.795102 0.069556
v -1.104058 1.806368 0.064635
v -1.086708 1.813384 0.061569
v -1.068344 1.879173 0.091252
v -1.106581 1.875134 0.093018
v -1.138958 1.863628 0.098044
v -1.164983 1.845559 0.105939
v -1.184173 1.821845 0.116300
v -1.196045 1.793391 0.128731
v -1.200109 1.761109 0.142835
v -1.195580 1.729022 0.156854
v -1.182643 1.700786 0.169190
v -1.162285 1.677290 0.179456
v -1.135488 1.659413 0.187266
v -1.103235 1.648044 0.192234
v -1.066509 1.644059 0.193974
v -1.027763 1.648444 0.192060
v -0.995248 1.660695 0.186707
v -0.969321 1.679471 0.178503
v -0.950355 1.703423 0.168038
v -0.938705 1.731196 0.155905
v -0.934745 1.761445 0.142689
v -0.939647 1.795525 0.127799
v -0.953675 1.825445 0.114727
v -0.975798 1.849947 0.104022
v -1.004989 1.867781 0.096231
v -1.020555 1.873376 0.093785
v -1.036118 1.876868 0.092259
v -1.051954 1.878666 0.091474
v -1.067975 1.837239 0.109574
v -1.038780 1.831965 0.111878
v -1.015049 1.816831 0.118490
v -0.999109 1.792869 0.128960
v -0.993278 1.761112 0.142834
v -0.999152 1.730080 0.156392
v -1.015140 1.706398 0.166739
v -1.038780 1.691297 0.173337
v -1.067611 1.685990 0.175655
v -1.096073 1.691431 0.173278
v -1.119622 1.706731 0.166594
v -1.135653 1.730360 0.156270
v -1.141576 1.760778 0.142980
v -1.138779 1.782675 0.133413
v -1.130995 1.801377 0.125242
v -1.119120 1.816537 0.118619
v -1.104058 1.827803 0.113696
v -1.086708 1.834819 0.110631
v -1.476789 0.000000 0.000000
v 2.000000 0.000000 0.000000
v -1.476789 1.907694 0.000000
v 2.000000 1.907694 0.000000
v -1.476789 1.907694 -2.055552
v 2.000000 1.907694 -2.055552
v -1.476789 0.000000 -2.055552
v 2.000000 0.000000 -2.055552
v -0.888944 1.859751 0.041311
v -0.895892 1.859751 0.041311
v -0.895892 1.684648 0.117815
v -0.896287 1.664929 0.126430
v -0.898502 1.649461 0.133188
v -0.904078 1.638837 0.137830
v -0.914562 1.633657 0.140093
v -0.914562 1.628323 0.142423
v -0.903675 1.628568 0.142316
v -0.892513 1.628780 0.142223
v -0.881219 1.628931 0.142158
v -0.869925 1.628988 0.142133
v -0.858643 1.628931 0.142158
v -0.847426 1.628780 0.142223
v -0.836480 1.628568 0.142316
v -0.826010 1.628323 0.142423
v -0.826010 1.633657 0.140093
v -0.834587 1.637284 0.138509
v -0.840247 1.644597 0.135313
v -0.843367 1.655493 0.130552
v -0.844321 1.669884 0.124265
v -0.844321 1.757457 0.086004
v -0.687263 1.621282 0.145499
v -0.679950 1.621282 0.145499
v -0.679950 1.795710 0.069291
v -0.679616 1.815144 0.060801
v -0.677570 1.830646 0.054028
v -0.672225 1.841427 0.049317
v -0.662011 1.846701 0.047013
v -0.662011 1.852035 0.044683
v -0.673306 1.851790 0.044789
v -0.684562 1.851579 0.044882
v -0.695614 1.851428 0.044948
v -0.706282 1.851367 0.044974
v -0.716891 1.851475 0.044928
v -0.727775 1.851703 0.044827
v -0.738801 1.851931 0.044728
v -0.749831 1.852035 0.044683
v -0.749831 1.846701 0.047013
v -0.739709 1.841803 0.049153
v -0.734221 1.831400 0.053698
v -0.731963 1.815899 0.060471
v -0.731520 1.795710 0.069291
v -0.731520 1.722227 0.101397
v -0.888944 1.881186 0.090373
v -0.895892 1.881186 0.090373
v -0.895892 1.706083 0.166877
v -0.896287 1.686365 0.175491
v -0.898502 1.670896 0.182250
v -0.904078 1.660272 0.186892
v -0.914562 1.655093 0.189155
v -0.914562 1.649759 0.191484
v -0.903675 1.650004 0.191378
v -0.892513 1.650215 0.191285
v -0.881219 1.650366 0.191219
v -0.869925 1.650423 0.191195
v -0.858643 1.650366 0.191219
v -0.847426 1.650215 0.191285
v -0.836480 1.650004 0.191378
v -0.826010 1.649759 0.191484
v -0.826010 1.655093 0.189155
v -0.834587 1.658719 0.187570
v -0.840247 1.666032 0.184375
v -0.843367 1.676928 0.179614
v -0.844321 1.691319 0.173326
v -0.844321 1.778893 0.135066
v -0.687263 1.642717 0.194561
v -0.679950 1.642717 0.194561
v -0.679950 1.817146 0.118353
v -0.679616 1.836579 0.109862
v -0.677570 1.852081 0.103089
v -0.672225 1.862863 0.098379
v -0.662011 1.868136 0.096075
v -0.662011 1.873470 0.093744
v -0.673306 1.873225 0.093851
v -0.684562 1.873014 0.093944
v -0.695614 1.872863 0.094009
v -0.706282 1.872802 0.094036
v -0.716891 1.872910 0.093989
v -0.727775 1.873138 0.093889
v -0.738801 1.873366 0.093790
v -0.749831 1.873470 0.093744
v -0.749831 1.868136 0.096075
v -0.739709 1.863238 0.098214
v -0.734221 1.852836 0.102759
v -0.731963 1.837334 0.109532
v -0.731520 1.817146 0.118353
v -0.731520 1.743662 0.150458
v -1.476789 1.984459 0.000000
v 2.000000 1.984459 0.000000
v 2.000000 1.984459 -2.055552
v -1.476789 1.984459 -2.055552
v -1.836192 1.459937 0.212487
v 2.359404 1.459937 0.212487
v 2.359404 1.459937 -2.268039
v -1.836192 1.459937 -2.268039
v 2.265930 2.897160 -0.025295
v 3.265930 2.897160 -0.025295
v 2.265930 3.097942 -0.025295
v 3.265930 3.097942 -0.025295
v 2.265930 3.097942 -1.025295
v 3.265930 3.097942 -1.025295
v 2.265930 2.897160 -1.025295
v 3.265930 2.897160 -1.025295
v -1.371476 1.852035 0.044683
v -1.460029 1.852035 0.044683
v -1.460029 1.846674 0.047025
v -1.449544 1.841635 0.049226
v -1.443969 1.831005 0.053871
v -1.441754 1.815466 0.060659
v -1.441359 1.795714 0.069289
v -1.441359 1.684645 0.117816
v -1.441754 1.664939 0.126426
v -1.443969 1.649481 0.133180
v -1.449544 1.638864 0.137818
v -1.460029 1.633684 0.140080
v -1.460029 1.628323 0.142423
v -1.370378 1.628323 0.142423
v -1.339898 1.629726 0.141810
v -1.312515 1.634523 0.139714
v -1.287877 1.643590 0.135753
v -1.265656 1.657814 0.129539
v -1.236849 1.693789 0.113821
v -1.227246 1.740345 0.093480
v -1.233060 1.775435 0.078150
v -1.249611 1.805640 0.064953
v -1.275562 1.829361 0.054589
v -1.309579 1.844997 0.047757
v -1.325431 1.848784 0.046103
v -1.341077 1.850904 0.045177
v -1.356449 1.851830 0.044772
v -1.364370 1.811133 0.062552
v -1.340446 1.808439 0.063729
v -1.320802 1.800943 0.067005
v -1.305470 1.789514 0.071999
v -1.294484 1.775024 0.078329
v -1.287866 1.758345 0.085616
v -1.285654 1.740347 0.093479
v -1.290616 1.711785 0.105958
v -1.304832 1.689638 0.115635
v -1.327318 1.675318 0.121891
v -1.357081 1.670231 0.124113
v -1.372577 1.671673 0.123484
v -1.380725 1.676493 0.121377
v -1.383883 1.685446 0.117466
v -1.384415 1.699281 0.111422
v -1.384415 1.809795 0.063138
v -1.378667 1.810429 0.062860
v -1.373436 1.810839 0.062681
v -1.368683 1.811063 0.062583
v -1.371476 1.873470 0.093744
v -1.460029 1.873470 0.093744
v -1.460029 1.868109 0.096087
v -1.449544 1.863071 0.098288
v -1.443969 1.852440 0.102933
v -1.441754 1.836901 0.109721
v -1.441359 1.817149 0.118351
v -1.441359 1.706080 0.166878
v -1.441754 1.686375 0.175488
v -1.443969 1.670916 0.182240
v -1.449544 1.660299 0.186879
v -1.460029 1.655119 0.189143
v -1.460029 1.649759 0.191484
v -1.370378 1.649759 0.191484
v -1.339898 1.651161 0.190872
v -1.312515 1.655958 0.188776
v -1.287877 1.665026 0.184814
v -1.265656 1.679249 0.178600
v -1.236849 1.715225 0.162883
v -1.227246 1.761781 0.142542
v -1.233060 1.796870 0.127212
v -1.249611 1.827075 0.114015
v -1.275562 1.850796 0.103651
v -1.309579 1.866432 0.096819
v -1.325431 1.870219 0.095164
v -1.341077 1.872340 0.094238
v -1.356449 1.873266 0.093834
v -1.364370 1.832568 0.111614
v -1.340446 1.829875 0.112791
v -1.320802 1.822378 0.116067
v -1.305470 1.810949 0.121060
v -1.294484 1.796459 0.127391
v -1.287866 1.779780 0.134678
v -1.285654 1.761782 0.142541
v -1.290616 1.733220 0.155021
v -1.304832 1.711073 0.164697
v -1.327318 1.696754 0.170953
v -1.357081 1.691667 0.173175
v -1.372577 1.693109 0.172545
v -1.380725 1.697929 0.170439
v -1.383883 1.706881 0.166528
v -1.384415 1.720716 0.160483
v -1.384415 1.831230 0.112199
v -1.378667 1.831864 0.111922
v -1.373436 1.832275 0.111743
v -1.368683 1.832498 0.111645
v 0.414300 1.857738 0.042192
v 0.376063 1.853699 0.043956
v 0.343686 1.842192 0.048983
v 0.317661 1.824124 0.056877
v 0.298471 1.800410 0.067238
v 0.286599 1.771956 0.079669
v 0.282536 1.739674 0.093774
v 0.287064 1.707587 0.107793
v 0.300001 1.679351 0.120129
v 0.320359 1.655855 0.130394
v 0.347157 1.637978 0.138205
v 0.379409 1.626609 0.143172
v 0.416134 1.622624 0.144914
v 0.454881 1.627008 0.142998
v 0.487397 1.639260 0.137645
v 0.513323 1.658036 0.129441
v 0.532290 1.681988 0.118977
v 0.543939 1.709761 0.106843
v 0.547899 1.740010 0.093627
v 0.542997 1.774090 0.078737
v 0.528969 1.804010 0.065665
v 0.506846 1.828512 0.054959
v 0.477655 1.846345 0.047169
v 0.462089 1.851941 0.044724
v 0.446527 1.855433 0.043198
v 0.430690 1.857231 0.042413
v 0.414669 1.815804 0.060513
v 0.443864 1.810530 0.062817
v 0.467596 1.795396 0.069428
v 0.483535 1.771433 0.079898
v 0.489367 1.739677 0.093772
v 0.483491 1.708645 0.107330
v 0.467505 1.684962 0.117678
v 0.443864 1.669862 0.124274
v 0.415033 1.664555 0.126594
v 0.386571 1.669995 0.124216
v 0.363022 1.685296 0.117532
v 0.346991 1.708925 0.107208
v 0.341068 1.739343 0.093918
v 0.343865 1.761239 0.084352
v 0.351650 1.779942 0.076180
v 0.363524 1.795102 0.069556
v 0.378586 1.806368 0.064635
v 0.395936 1.813384 0.061569
v 0.414300 1.879173 0.091252
v 0.376063 1.875134 0.093018
v 0.343686 1.863628 0.098044
v 0.317661 1.845559 0.105939
v 0.298471 1.821845 0.116300
v 0.286599 1.793391 0.128731
v 0.282536 1.761109 0.142835
v 0.287064 1.729022 0.156854
v 0.300001 1.700786 0.169190
v 0.320359 1.677290 0.179456
v 0.347157 1.659413 0.187266
v 0.379409 1.648044 0.192234
v 0.416134 1.644059 0.193974
v 0.454881 1.648444 0.192060
v 0.487397 1.660695 0.186707
v 0.513323 1.679471 0.178503
v 0.532290 1.703423 0.168038
v 0.543939 1.731196 0.155905
v 0.547899 1.761445 0.142689
v 0.542997 1.795525 0.127799
v 0.528969 1.825445 0.114727
v 0.506846 1.849947 0.104022
v 0.477655 1.867781 0.096231
v 0.462089 1.873376 0.093785
v 0.446527 1.876868 0.092259
v 0.430690 1.878666 0.091474
v 0.414669 1.837239 0.109574
v 0.443864 1.831965 0.111878
v 0.467596 1.816831 0.118490
v 0.483535 1.792869 0.128960
v 0.489367 1.761112 0.142834
v 0.483491 1.730080 0.156392
v 0.467505 1.706398 0.166739
v 0.443864 1.691297 0.173337
v 0.415033 1.685990 0.175655
v 0.386571 1.691431 0.173278
v 0.363022 1.706731 0.166594
v 0.346991 1.730360 0.156270
v 0.341068 1.760778 0.142980
v 0.343865 1.782675 0.133413
v 0.351650 1.801377 0.125242
v 0.363524 1.816537 0.118619
v 0.378586 1.827803 0.113696
v 0.395936 1.834819 0.110631
vt 0.388372 0.856202
vt 0.410104 0.856202
vt 0.410104 0.856208
vt 0.388372 0.856208
vt 0.417314 0.856201
vt 0.439045 0.856201
vt 0.439045 0.856207
vt 0.417314 0.856207
vt 0.460776 0.856201
vt 0.460776 0.856207
vt 0.467987 0.856201
vt 0.489718 0.856201
vt 0.489718 0.856207
vt 0.467987 0.856207
vt 0.366641 0.856208
vt 0.366641 0.856202
vt 0.518659 0.796907
vt 0.540391 0.796907
vt 0.540391 0.796913
vt 0.518659 0.796913
vt 0.562122 0.796907
vt 0.562122 0.796913
vt 0.511449 0.856207
vt 0.511449 0.856201
vt 0.388372 0.836470
vt 0.406110 0.836470
vt 0.040028 0.931534
vt 0.040028 0.921242
vt 0.050319 0.921242
vt 0.048427 0.929641
vt 0.439045 0.836470
vt 0.421307 0.836470
vt 0.040028 0.910950
vt 0.048427 0.912842
vt 0.489718 0.836470
vt 0.471980 0.836470
vt 0.456783 0.836470
vt 0.533805 0.881927
vt 0.533805 0.903659
vt 0.512074 0.903659
vt 0.516067 0.885921
vt 0.388372 0.877936
vt 0.406110 0.873943
vt 0.439045 0.877936
vt 0.421307 0.873942
vt 0.489718 0.877936
vt 0.471980 0.873942
vt 0.555537 0.903659
vt 0.551543 0.885921
vt 0.456783 0.873942
vt 0.540391 0.775179
vt 0.522653 0.779172
vt 0.370634 0.873943
vt 0.533805 0.925390
vt 0.516067 0.921396
vt 0.507456 0.873942
vt 0.558129 0.779172
vt 0.551543 0.921396
vt 0.029736 0.921242
vt 0.031628 0.929641
vt 0.370634 0.836470
vt 0.540391 0.816645
vt 0.522653 0.816645
vt 0.507456 0.836470
vt 0.031628 0.912842
vt 0.558129 0.816645
vt 0.426782 0.828549
vt 0.439045 0.828549
vt 0.388372 0.828550
vt 0.400636 0.828550
vt 0.477454 0.828549
vt 0.489718 0.828549
vt 0.451308 0.828549
vt 0.376109 0.828550
vt 0.540391 0.824565
vt 0.528127 0.824565
vt 0.552654 0.824565
vt 0.501981 0.828549
vt 0.430646 0.780618
vt 0.439045 0.780618
vt 0.388372 0.780618
vt 0.396772 0.780618
vt 0.481319 0.780618
vt 0.489718 0.780618
vt 0.447444 0.780618
vt 0.379973 0.780618
vt 0.540391 0.872497
vt 0.531991 0.872497
vt 0.548790 0.872497
vt 0.498117 0.780618
vt 0.597620 0.950383
vt 0.597511 0.952734
vt 0.594496 0.952734
vt 0.594604 0.950383
vt 0.597202 0.954723
vt 0.594187 0.954723
vt 0.440701 0.938314
vt 0.441186 0.937203
vt 0.444202 0.938520
vt 0.443717 0.939631
vt 0.441823 0.935745
vt 0.444839 0.937063
vt 0.442587 0.933997
vt 0.445603 0.935314
vt 0.443454 0.932012
vt 0.446470 0.933330
vt 0.444316 0.930040
vt 0.447331 0.931358
vt 0.445074 0.928305
vt 0.448090 0.929622
vt 0.445705 0.926861
vt 0.448720 0.928178
vt 0.446185 0.925762
vt 0.449201 0.927079
vt 0.684643 0.930205
vt 0.684948 0.928223
vt 0.687964 0.928223
vt 0.687658 0.930205
vt 0.685055 0.925965
vt 0.688071 0.925965
vt 0.684938 0.923584
vt 0.687953 0.923584
vt 0.684609 0.921585
vt 0.687624 0.921585
vt 0.396942 0.923386
vt 0.397446 0.924540
vt 0.394431 0.925858
vt 0.393927 0.924704
vt 0.398089 0.926013
vt 0.395074 0.927330
vt 0.398835 0.927720
vt 0.395820 0.929037
vt 0.399647 0.929579
vt 0.396632 0.930896
vt 0.400563 0.931673
vt 0.397547 0.932991
vt 0.401366 0.933512
vt 0.398351 0.934830
vt 0.402024 0.935018
vt 0.399009 0.936336
vt 0.402503 0.936114
vt 0.399487 0.937432
vt 0.597314 0.946489
vt 0.597464 0.947446
vt 0.594449 0.947446
vt 0.594298 0.946489
vt 0.597558 0.948403
vt 0.594542 0.948403
vt 0.597606 0.949376
vt 0.594591 0.949376
vt 0.296479 0.955816
vt 0.296620 0.954022
vt 0.299636 0.954022
vt 0.299494 0.955816
vt 0.933048 0.885732
vt 0.933454 0.884802
vt 0.936469 0.886120
vt 0.936063 0.887050
vt 0.934097 0.883329
vt 0.937113 0.884647
vt 0.934950 0.881378
vt 0.937966 0.882695
vt 0.935784 0.879470
vt 0.938799 0.880788
vt 0.936419 0.878015
vt 0.939435 0.879332
vt 0.936825 0.877086
vt 0.939840 0.878404
vt 0.987617 0.891039
vt 0.987474 0.892811
vt 0.984459 0.892811
vt 0.984601 0.891039
vt 0.987621 0.894560
vt 0.984605 0.894560
vt 0.827287 0.922374
vt 0.827698 0.923314
vt 0.824682 0.924632
vt 0.824271 0.923691
vt 0.828332 0.924767
vt 0.825317 0.926084
vt 0.829149 0.926636
vt 0.826133 0.927954
vt 0.829737 0.927982
vt 0.826721 0.929300
vt 0.830239 0.929132
vt 0.827224 0.930449
vt 0.830646 0.930063
vt 0.827631 0.931381
vt 0.830949 0.930756
vt 0.827933 0.932073
vt 0.296732 0.958034
vt 0.296544 0.956968
vt 0.299559 0.956968
vt 0.299748 0.958034
vt 0.180350 0.940066
vt 0.180101 0.942416
vt 0.179394 0.944406
vt 0.178284 0.946006
vt 0.176826 0.947186
vt 0.175077 0.947915
vt 0.173093 0.948165
vt 0.171121 0.947887
vt 0.169386 0.947091
vt 0.167941 0.945840
vt 0.166843 0.944193
vt 0.166144 0.942211
vt 0.165899 0.939954
vt 0.166168 0.937572
vt 0.166921 0.935574
vt 0.168075 0.933980
vt 0.169548 0.932814
vt 0.171255 0.932098
vt 0.173114 0.931855
vt 0.175208 0.932156
vt 0.177047 0.933018
vt 0.178553 0.934378
vt 0.179650 0.936172
vt 0.179993 0.937129
vt 0.180208 0.938085
vt 0.180319 0.939059
vt 0.177772 0.940044
vt 0.177448 0.938249
vt 0.176518 0.936791
vt 0.175045 0.935811
vt 0.173093 0.935453
vt 0.171186 0.935814
vt 0.169730 0.936796
vt 0.168802 0.938249
vt 0.168476 0.940021
vt 0.168810 0.941771
vt 0.169751 0.943218
vt 0.171203 0.944203
vt 0.173073 0.944567
vt 0.174419 0.944395
vt 0.175568 0.943917
vt 0.176500 0.943187
vt 0.177192 0.942261
vt 0.177624 0.941195
vt 0.175278 0.952156
vt 0.175272 0.952935
vt 0.172256 0.952935
vt 0.172263 0.952156
vt 0.175266 0.953677
vt 0.172251 0.953677
vt 0.175262 0.954374
vt 0.172247 0.954374
vt 0.175260 0.955013
vt 0.172245 0.955013
vt 0.175262 0.955719
vt 0.172247 0.955719
vt 0.175266 0.956449
vt 0.172251 0.956449
vt 0.175272 0.957192
vt 0.172256 0.957192
vt 0.175278 0.957936
vt 0.172263 0.957936
vt 0.336736 0.965472
vt 0.336408 0.965328
vt 0.337726 0.962313
vt 0.338053 0.962456
vt 0.223945 0.960757
vt 0.224570 0.960888
vt 0.224570 0.963903
vt 0.223945 0.963772
vt 0.487476 0.938244
vt 0.487756 0.937605
vt 0.490771 0.938922
vt 0.490492 0.939562
vt 0.488172 0.936652
vt 0.491187 0.937969
vt 0.488714 0.935411
vt 0.491729 0.936728
vt 0.491697 0.928584
vt 0.494712 0.929902
vt 0.492237 0.927347
vt 0.495253 0.928665
vt 0.492651 0.926400
vt 0.495666 0.927718
vt 0.492930 0.925762
vt 0.495945 0.927080
vt 0.258370 0.963849
vt 0.257745 0.963714
vt 0.257745 0.960698
vt 0.258370 0.960833
vt 0.328955 0.965503
vt 0.328626 0.965359
vt 0.329943 0.962344
vt 0.330273 0.962488
vt 0.849897 0.931682
vt 0.849897 0.921965
vt 0.852913 0.921965
vt 0.852913 0.931682
vt 0.008382 0.958051
vt 0.009931 0.961595
vt 0.006915 0.962912
vt 0.005367 0.959368
vt 0.079025 0.959884
vt 0.079052 0.960266
vt 0.076037 0.960266
vt 0.076010 0.959884
vt 0.078850 0.960627
vt 0.075834 0.960627
vt 0.078703 0.961161
vt 0.075688 0.961161
vt 0.078614 0.961905
vt 0.075598 0.961905
vt 0.078584 0.962899
vt 0.075568 0.962899
vt 0.078584 0.963664
vt 0.075568 0.963664
vt 0.078600 0.964406
vt 0.075585 0.964406
vt 0.078654 0.964891
vt 0.075639 0.964891
vt 0.827660 0.906636
vt 0.827757 0.906856
vt 0.824741 0.908173
vt 0.824645 0.907953
vt 0.827901 0.907186
vt 0.824885 0.908504
vt 0.828099 0.907639
vt 0.825083 0.908957
vt 0.828356 0.908227
vt 0.825340 0.909545
vt 0.830978 0.914229
vt 0.827962 0.915546
vt 0.831524 0.915478
vt 0.828508 0.916796
vt 0.831940 0.916430
vt 0.828924 0.917748
vt 0.832217 0.917065
vt 0.829202 0.918383
vt 0.217184 0.960887
vt 0.217809 0.960757
vt 0.217809 0.963772
vt 0.217184 0.963902
vt 0.320845 0.962494
vt 0.321173 0.962350
vt 0.322490 0.965366
vt 0.322163 0.965509
vt 0.590703 0.942498
vt 0.589925 0.942483
vt 0.589182 0.942470
vt 0.588486 0.942461
vt 0.587847 0.942457
vt 0.587141 0.942461
vt 0.586411 0.942470
vt 0.585669 0.942483
vt 0.584924 0.942498
vt 0.584924 0.942170
vt 0.585549 0.941869
vt 0.585894 0.941230
vt 0.586041 0.940277
vt 0.586071 0.939036
vt 0.586071 0.932209
vt 0.586041 0.930972
vt 0.585894 0.930025
vt 0.585549 0.929387
vt 0.584924 0.929077
vt 0.584924 0.928748
vt 0.594641 0.928748
vt 0.595024 0.932292
vt 0.594641 0.932354
vt 0.594280 0.931890
vt 0.593747 0.931555
vt 0.593002 0.931350
vt 0.592008 0.931281
vt 0.591243 0.931281
vt 0.590501 0.931319
vt 0.590016 0.931443
vt 0.589733 0.931663
vt 0.589598 0.931993
vt 0.589558 0.932446
vt 0.589556 0.933034
vt 0.589556 0.939036
vt 0.589587 0.940285
vt 0.589733 0.941237
vt 0.590078 0.941872
vt 0.590703 0.942170
vt 0.099654 0.263811
vt 0.107029 0.263811
vt 0.107029 0.441879
vt 0.099654 0.441879
vt 0.448657 0.943623
vt 0.456031 0.943623
vt 0.456031 0.950997
vt 0.448657 0.950997
vt 0.086144 0.263811
vt 0.093519 0.263811
vt 0.093519 0.441879
vt 0.086144 0.441879
vt 0.435147 0.943622
vt 0.442521 0.943622
vt 0.442521 0.950997
vt 0.435147 0.950997
vt 0.072634 0.263811
vt 0.080009 0.263811
vt 0.080009 0.441879
vt 0.072634 0.441879
vt 0.059124 0.263811
vt 0.066499 0.263811
vt 0.066499 0.441879
vt 0.059124 0.441879
vt 0.989825 0.867624
vt 0.989825 0.872797
vt 0.986809 0.872797
vt 0.986809 0.867624
vt 0.430130 0.965975
vt 0.429780 0.965822
vt 0.431098 0.962807
vt 0.431448 0.962960
vt 0.286963 0.961863
vt 0.287608 0.961999
vt 0.287608 0.965014
vt 0.286963 0.964879
vt 0.532302 0.941829
vt 0.532588 0.941175
vt 0.535603 0.942493
vt 0.535317 0.943146
vt 0.533005 0.940220
vt 0.536020 0.941538
vt 0.533535 0.939006
vt 0.536551 0.940323
vt 0.536517 0.932181
vt 0.539533 0.933498
vt 0.537046 0.930972
vt 0.540061 0.932289
vt 0.537458 0.930027
vt 0.540474 0.931345
vt 0.537740 0.929381
vt 0.540756 0.930699
vt 0.294387 0.965179
vt 0.293743 0.965041
vt 0.293743 0.962026
vt 0.294387 0.962163
vt 0.422327 0.966045
vt 0.422000 0.965902
vt 0.423317 0.962886
vt 0.423645 0.963029
vt 0.190600 0.948023
vt 0.190594 0.947336
vt 0.193609 0.947336
vt 0.193616 0.948023
vt 0.190588 0.946628
vt 0.193604 0.946628
vt 0.190584 0.945904
vt 0.193600 0.945904
vt 0.190583 0.945167
vt 0.193598 0.945167
vt 0.190584 0.944448
vt 0.193600 0.944448
vt 0.190588 0.943714
vt 0.193604 0.943714
vt 0.190594 0.942975
vt 0.193609 0.942975
vt 0.190600 0.942242
vt 0.193616 0.942242
vt 0.414219 0.963029
vt 0.414547 0.962886
vt 0.415864 0.965902
vt 0.415536 0.966045
vt 0.251610 0.963714
vt 0.250984 0.963846
vt 0.250984 0.960831
vt 0.251610 0.960698
vt 0.775039 0.909835
vt 0.775313 0.910462
vt 0.772297 0.911780
vt 0.772023 0.911153
vt 0.775723 0.911403
vt 0.772708 0.912720
vt 0.776267 0.912647
vt 0.773251 0.913964
vt 0.779709 0.920524
vt 0.776693 0.921841
vt 0.455743 0.962881
vt 0.456031 0.962866
vt 0.456031 0.965882
vt 0.455743 0.965896
vt 0.456345 0.962851
vt 0.456345 0.965867
vt 0.456667 0.962840
vt 0.456667 0.965856
vt 0.456981 0.962836
vt 0.456981 0.965851
vt 0.458160 0.962908
vt 0.458160 0.965924
vt 0.458996 0.963098
vt 0.458996 0.966114
vt 0.231064 0.956400
vt 0.230455 0.956134
vt 0.231772 0.953118
vt 0.232381 0.953384
vt 0.229767 0.955833
vt 0.231084 0.952817
vt 0.228882 0.955447
vt 0.230200 0.952431
vt 0.228265 0.955177
vt 0.229583 0.952162
vt 0.440316 0.966041
vt 0.439602 0.965883
vt 0.439602 0.962867
vt 0.440316 0.963025
vt 0.438709 0.965831
vt 0.438709 0.962816
vt 0.438501 0.965833
vt 0.438501 0.962817
vt 0.438292 0.965838
vt 0.438292 0.962822
vt 0.438101 0.965846
vt 0.438101 0.962831
vt 0.437943 0.965858
vt 0.437943 0.962843
vt 0.437583 0.965822
vt 0.437583 0.962807
vt 0.254083 0.956706
vt 0.251653 0.955645
vt 0.252970 0.952629
vt 0.255401 0.953691
vt 0.446547 0.966062
vt 0.446561 0.965851
vt 0.449577 0.965851
vt 0.449562 0.966062
vt 0.446576 0.965586
vt 0.449591 0.965586
vt 0.446587 0.965267
vt 0.449603 0.965267
vt 0.446592 0.964891
vt 0.449607 0.964891
vt 0.446451 0.962807
vt 0.449467 0.962807
vt 0.751147 0.926420
vt 0.751543 0.927327
vt 0.748528 0.928644
vt 0.748132 0.927737
vt 0.752158 0.928733
vt 0.749142 0.930050
vt 0.752952 0.930551
vt 0.749936 0.931868
vt 0.753549 0.931918
vt 0.750534 0.933236
vt 0.754048 0.933059
vt 0.751032 0.934376
vt 0.754433 0.933940
vt 0.751417 0.935257
vt 0.989423 0.862455
vt 0.989681 0.863752
vt 0.986665 0.863752
vt 0.986408 0.862455
vt 0.989753 0.864502
vt 0.986737 0.864502
vt 0.989797 0.865401
vt 0.986781 0.865401
vt 0.989819 0.866443
vt 0.986803 0.866443
vt 0.553066 0.943131
vt 0.547894 0.943131
vt 0.547894 0.942781
vt 0.548538 0.942472
vt 0.548881 0.941818
vt 0.549017 0.940863
vt 0.549041 0.939649
vt 0.549041 0.932824
vt 0.549017 0.931615
vt 0.548881 0.930670
vt 0.548538 0.930025
vt 0.547894 0.929709
vt 0.547894 0.929381
vt 0.548580 0.929396
vt 0.549288 0.929409
vt 0.550013 0.929419
vt 0.550750 0.929422
vt 0.551469 0.929419
vt 0.552203 0.929409
vt 0.552942 0.929396
vt 0.553674 0.929381
vt 0.553674 0.929709
vt 0.553048 0.930013
vt 0.552703 0.930640
vt 0.552556 0.931580
vt 0.552526 0.932824
vt 0.552526 0.940701
vt 0.552814 0.940735
vt 0.553128 0.940768
vt 0.553450 0.940794
vt 0.553764 0.940804
vt 0.554943 0.940638
vt 0.555780 0.940203
vt 0.556278 0.939594
vt 0.556444 0.938906
vt 0.556272 0.938022
vt 0.555799 0.937405
vt 0.555085 0.937043
vt 0.554192 0.936925
vt 0.553984 0.936929
vt 0.553775 0.936941
vt 0.553584 0.936960
vt 0.553427 0.936987
vt 0.553066 0.936905
vt 0.553832 0.934474
vt 0.554043 0.934441
vt 0.554307 0.934407
vt 0.554627 0.934381
vt 0.555003 0.934371
vt 0.557087 0.934693
vt 0.558666 0.935600
vt 0.559668 0.937005
vt 0.560019 0.938823
vt 0.559809 0.940191
vt 0.559204 0.941331
vt 0.558235 0.942213
vt 0.556938 0.942802
vt 0.556188 0.942966
vt 0.555290 0.943067
vt 0.554248 0.943118
vt 0.184447 0.952156
vt 0.184441 0.952935
vt 0.181425 0.952935
vt 0.181432 0.952156
vt 0.184435 0.953677
vt 0.181419 0.953677
vt 0.184431 0.954374
vt 0.181415 0.954374
vt 0.184429 0.955013
vt 0.181414 0.955013
vt 0.184431 0.955719
vt 0.181415 0.955719
vt 0.184435 0.956449
vt 0.181419 0.956449
vt 0.184441 0.957192
vt 0.181425 0.957192
vt 0.184447 0.957936
vt 0.181432 0.957936
vt 0.360079 0.966668
vt 0.359751 0.966525
vt 0.361069 0.963510
vt 0.361397 0.963653
vt 0.237466 0.960391
vt 0.238091 0.960523
vt 0.238091 0.963538
vt 0.237466 0.963407
vt 0.471884 0.938244
vt 0.472164 0.937605
vt 0.475179 0.938922
vt 0.474900 0.939562
vt 0.472580 0.936652
vt 0.475596 0.937969
vt 0.473122 0.935411
vt 0.476138 0.936728
vt 0.476105 0.928584
vt 0.479120 0.929902
vt 0.476645 0.927347
vt 0.479661 0.928665
vt 0.477059 0.926400
vt 0.480075 0.927718
vt 0.477338 0.925762
vt 0.480353 0.927080
vt 0.265131 0.963840
vt 0.264506 0.963704
vt 0.264506 0.960689
vt 0.265131 0.960824
vt 0.352299 0.966539
vt 0.351969 0.966395
vt 0.353287 0.963379
vt 0.353616 0.963523
vt 0.859048 0.931682
vt 0.859048 0.921965
vt 0.862063 0.921965
vt 0.862063 0.931682
vt 0.019082 0.958051
vt 0.020630 0.961595
vt 0.017614 0.962912
vt 0.016066 0.959368
vt 0.088645 0.960664
vt 0.088672 0.961047
vt 0.085656 0.961047
vt 0.085629 0.960664
vt 0.088469 0.961407
vt 0.085454 0.961407
vt 0.088323 0.961941
vt 0.085307 0.961941
vt 0.088233 0.962686
vt 0.085218 0.962686
vt 0.088203 0.963679
vt 0.085188 0.963679
vt 0.088203 0.964444
vt 0.085188 0.964444
vt 0.088220 0.965186
vt 0.085204 0.965186
vt 0.088273 0.965672
vt 0.085258 0.965672
vt 0.812069 0.906636
vt 0.812165 0.906856
vt 0.809150 0.908173
vt 0.809053 0.907953
vt 0.812309 0.907186
vt 0.809294 0.908504
vt 0.812507 0.907639
vt 0.809492 0.908957
vt 0.812764 0.908227
vt 0.809749 0.909545
vt 0.815386 0.914229
vt 0.812371 0.915546
vt 0.815932 0.915478
vt 0.812917 0.916796
vt 0.816348 0.916430
vt 0.813333 0.917748
vt 0.816625 0.917065
vt 0.813610 0.918383
vt 0.230705 0.960521
vt 0.231331 0.960391
vt 0.231331 0.963407
vt 0.230705 0.963537
vt 0.344189 0.963495
vt 0.344516 0.963351
vt 0.345834 0.966367
vt 0.345506 0.966510
vt 0.573163 0.939769
vt 0.572384 0.939754
vt 0.571642 0.939741
vt 0.570946 0.939731
vt 0.570307 0.939728
vt 0.569600 0.939731
vt 0.568870 0.939741
vt 0.568128 0.939754
vt 0.567383 0.939769
vt 0.567383 0.939441
vt 0.568008 0.939140
vt 0.568353 0.938500
vt 0.568500 0.937548
vt 0.568531 0.936307
vt 0.568531 0.929480
vt 0.568500 0.928243
vt 0.568353 0.927296
vt 0.568008 0.926658
vt 0.567383 0.926348
vt 0.567383 0.926019
vt 0.577100 0.926019
vt 0.577483 0.929563
vt 0.577100 0.929625
vt 0.576740 0.929161
vt 0.576206 0.928826
vt 0.575462 0.928621
vt 0.574468 0.928552
vt 0.573703 0.928552
vt 0.572961 0.928590
vt 0.572475 0.928713
vt 0.572193 0.928934
vt 0.572058 0.929264
vt 0.572017 0.929717
vt 0.572015 0.930305
vt 0.572015 0.936307
vt 0.572046 0.937556
vt 0.572193 0.938508
vt 0.572538 0.939143
vt 0.573163 0.939441
vt 0.588051 0.950383
vt 0.587943 0.952734
vt 0.584928 0.952734
vt 0.585036 0.950383
vt 0.587634 0.954724
vt 0.584619 0.954724
vt 0.456293 0.938314
vt 0.456778 0.937203
vt 0.459794 0.938521
vt 0.459308 0.939631
vt 0.457415 0.935746
vt 0.460430 0.937063
vt 0.458179 0.933997
vt 0.461194 0.935314
vt 0.459046 0.932013
vt 0.462061 0.933330
vt 0.459907 0.930040
vt 0.462923 0.931358
vt 0.460666 0.928305
vt 0.463681 0.929623
vt 0.461297 0.926861
vt 0.464312 0.928178
vt 0.461777 0.925762
vt 0.464792 0.927080
vt 0.675045 0.930628
vt 0.675351 0.928646
vt 0.678366 0.928646
vt 0.678061 0.930628
vt 0.675458 0.926389
vt 0.678473 0.926389
vt 0.675340 0.924007
vt 0.678355 0.924007
vt 0.675011 0.922009
vt 0.678026 0.922009
vt 0.412533 0.925762
vt 0.413038 0.926916
vt 0.410022 0.928233
vt 0.409518 0.927079
vt 0.413681 0.928388
vt 0.410665 0.929706
vt 0.414427 0.930095
vt 0.411411 0.931413
vt 0.415239 0.931954
vt 0.412223 0.933272
vt 0.416154 0.934049
vt 0.413139 0.935366
vt 0.416958 0.935888
vt 0.413942 0.937205
vt 0.417616 0.937394
vt 0.414600 0.938711
vt 0.418094 0.938490
vt 0.415079 0.939807
vt 0.587746 0.946489
vt 0.587896 0.947446
vt 0.584880 0.947446
vt 0.584730 0.946489
vt 0.587990 0.948403
vt 0.584974 0.948403
vt 0.588038 0.949376
vt 0.585023 0.949376
vt 0.306223 0.955816
vt 0.306365 0.954022
vt 0.309381 0.954022
vt 0.309239 0.955816
vt 0.920119 0.929913
vt 0.920526 0.928983
vt 0.923541 0.930300
vt 0.923135 0.931230
vt 0.921169 0.927510
vt 0.924185 0.928827
vt 0.922022 0.925558
vt 0.925037 0.926875
vt 0.922855 0.923651
vt 0.925871 0.924968
vt 0.923491 0.922195
vt 0.926507 0.923513
vt 0.923897 0.921267
vt 0.926912 0.922584
vt 0.998004 0.876785
vt 0.997862 0.878557
vt 0.994846 0.878557
vt 0.994989 0.876785
vt 0.998008 0.880306
vt 0.994992 0.880306
vt 0.814474 0.922374
vt 0.814885 0.923314
vt 0.811869 0.924632
vt 0.811458 0.923691
vt 0.815519 0.924767
vt 0.812504 0.926084
vt 0.816336 0.926636
vt 0.813320 0.927954
vt 0.816924 0.927982
vt 0.813909 0.929300
vt 0.817426 0.929132
vt 0.814411 0.930449
vt 0.817833 0.930063
vt 0.814818 0.931381
vt 0.818136 0.930756
vt 0.815120 0.932073
vt 0.306477 0.958034
vt 0.306288 0.956968
vt 0.309304 0.956968
vt 0.309492 0.958034
vt 0.201788 0.930152
vt 0.201540 0.932503
vt 0.200833 0.934493
vt 0.199722 0.936092
vt 0.198265 0.937272
vt 0.196516 0.938001
vt 0.194532 0.938251
vt 0.192559 0.937973
vt 0.190824 0.937177
vt 0.189380 0.935926
vt 0.188281 0.934279
vt 0.187582 0.932297
vt 0.187337 0.930040
vt 0.187607 0.927658
vt 0.188360 0.925660
vt 0.189514 0.924066
vt 0.190986 0.922900
vt 0.192693 0.922184
vt 0.194552 0.921941
vt 0.196647 0.922242
vt 0.198486 0.923104
vt 0.199992 0.924464
vt 0.201088 0.926258
vt 0.201432 0.927215
vt 0.201647 0.928172
vt 0.201757 0.929145
vt 0.199211 0.930130
vt 0.198887 0.928335
vt 0.197956 0.926877
vt 0.196484 0.925897
vt 0.194532 0.925539
vt 0.192624 0.925900
vt 0.191169 0.926882
vt 0.190241 0.928335
vt 0.189915 0.930107
vt 0.190249 0.931857
vt 0.191189 0.933304
vt 0.192642 0.934289
vt 0.194511 0.934653
vt 0.195857 0.934481
vt 0.197007 0.934003
vt 0.197938 0.933273
vt 0.198631 0.932347
vt 0.199062 0.931281
vt 0.369028 0.477505
vt 0.369028 0.263811
vt 0.486281 0.263811
vt 0.486281 0.477505
vt 0.245640 0.477505
vt 0.245640 0.263811
vt 0.362893 0.263811
vt 0.362893 0.477505
vt 0.113164 0.477505
vt 0.113164 0.263811
vt 0.239505 0.263811
vt 0.239505 0.477505
vt 0.005124 0.776626
vt 0.005124 0.650286
vt 0.122377 0.650286
vt 0.122377 0.776626
vt 0.001992 0.906958
vt 0.001992 0.780618
vt 0.119245 0.780618
vt 0.119245 0.906958
vt 0.978420 0.886469
vt 0.978420 0.886896
vt 0.975404 0.886896
vt 0.975404 0.886469
vt 0.249704 0.936574
vt 0.254406 0.925812
vt 0.257421 0.927130
vt 0.252719 0.937892
vt 0.254935 0.924600
vt 0.257951 0.925918
vt 0.255351 0.923649
vt 0.258366 0.924967
vt 0.255636 0.922997
vt 0.258652 0.924314
vt 0.301167 0.965180
vt 0.300523 0.965041
vt 0.300523 0.962026
vt 0.301167 0.962165
vt 0.391202 0.963570
vt 0.390874 0.963427
vt 0.392191 0.960411
vt 0.392519 0.960554
vt 0.123918 0.965785
vt 0.123911 0.965116
vt 0.126927 0.965116
vt 0.126933 0.965785
vt 0.123905 0.964430
vt 0.126921 0.964430
vt 0.123901 0.963736
vt 0.126917 0.963736
vt 0.123900 0.963041
vt 0.126915 0.963041
vt 0.123901 0.962348
vt 0.126917 0.962348
vt 0.123905 0.961659
vt 0.126921 0.961659
vt 0.123911 0.960986
vt 0.126927 0.960986
vt 0.123918 0.960342
vt 0.126933 0.960342
vt 0.383093 0.960450
vt 0.383421 0.960307
vt 0.384738 0.963322
vt 0.384411 0.963465
vt 0.211049 0.963788
vt 0.210521 0.963886
vt 0.210521 0.960870
vt 0.211049 0.960773
vt 0.738769 0.922500
vt 0.738966 0.922949
vt 0.735950 0.924267
vt 0.735754 0.923817
vt 0.739258 0.923619
vt 0.736243 0.924937
vt 0.739645 0.924504
vt 0.736629 0.925821
vt 0.741996 0.929886
vt 0.738981 0.931204
vt 0.958904 0.887097
vt 0.962561 0.877444
vt 0.965576 0.877444
vt 0.961919 0.887097
vt 0.962561 0.876995
vt 0.965576 0.876995
vt 0.268311 0.923537
vt 0.272995 0.934258
vt 0.269980 0.935575
vt 0.265296 0.924854
vt 0.273517 0.935452
vt 0.270501 0.936769
vt 0.273933 0.936405
vt 0.270918 0.937722
vt 0.274223 0.937068
vt 0.271207 0.938385
vt 0.314082 0.962492
vt 0.314710 0.962350
vt 0.314710 0.965366
vt 0.314082 0.965507
vt 0.375313 0.963653
vt 0.375640 0.963510
vt 0.376958 0.966525
vt 0.376630 0.966668
vt 0.117765 0.960342
vt 0.117758 0.961036
vt 0.114742 0.961036
vt 0.114749 0.960342
vt 0.117752 0.961728
vt 0.114737 0.961728
vt 0.117748 0.962408
vt 0.114733 0.962408
vt 0.117747 0.963063
vt 0.114731 0.963063
vt 0.117749 0.963715
vt 0.114734 0.963715
vt 0.117756 0.964384
vt 0.114740 0.964384
vt 0.117762 0.965062
vt 0.114746 0.965062
vt 0.117765 0.965740
vt 0.114749 0.965740
vt 0.367860 0.966668
vt 0.367532 0.966525
vt 0.368850 0.963510
vt 0.369177 0.963653
vt 0.244226 0.960350
vt 0.244849 0.960482
vt 0.244849 0.963497
vt 0.244226 0.963365
vt 0.723392 0.929870
vt 0.723671 0.929231
vt 0.726687 0.930548
vt 0.726407 0.931187
vt 0.724087 0.928278
vt 0.727103 0.929595
vt 0.724630 0.927037
vt 0.727645 0.928354
vt 0.726603 0.922520
vt 0.729618 0.923838
vt 0.974727 0.876794
vt 0.971711 0.876794
vt 0.223433 0.936910
vt 0.223433 0.937337
vt 0.212671 0.937337
vt 0.211459 0.937361
vt 0.210508 0.937497
vt 0.209855 0.937840
vt 0.209537 0.938484
vt 0.209209 0.938484
vt 0.209224 0.937815
vt 0.209237 0.937129
vt 0.209246 0.936435
vt 0.209249 0.935741
vt 0.209246 0.935047
vt 0.209237 0.934358
vt 0.209224 0.933685
vt 0.209209 0.933041
vt 0.209537 0.933041
vt 0.209759 0.933569
vt 0.210209 0.933917
vt 0.210879 0.934108
vt 0.211763 0.934167
vt 0.217146 0.934167
vt 0.208776 0.924514
vt 0.208776 0.924064
vt 0.219497 0.924064
vt 0.220691 0.924044
vt 0.221644 0.923918
vt 0.222307 0.923589
vt 0.222631 0.922962
vt 0.222959 0.922962
vt 0.222944 0.923656
vt 0.222931 0.924348
vt 0.222921 0.925027
vt 0.222918 0.925683
vt 0.222924 0.926335
vt 0.222938 0.927004
vt 0.222952 0.927681
vt 0.222959 0.928359
vt 0.222631 0.928359
vt 0.222330 0.927737
vt 0.221690 0.927400
vt 0.220738 0.927261
vt 0.219497 0.927234
vt 0.214980 0.927234
vt 0.490791 0.237729
vt 0.490791 0.024035
vt 0.617132 0.024035
vt 0.617132 0.237729
vt 0.669784 0.024035
vt 0.669784 0.237729
vt 0.637545 0.259819
vt 0.637545 0.001945
vt 0.477731 0.001945
vt 0.630192 0.001945
vt 0.676524 0.237729
vt 0.676524 0.024035
vt 0.708763 0.001945
vt 0.708763 0.259819
vt 0.630192 0.259819
vt 0.477731 0.259819
vt 0.707708 0.840389
vt 0.707708 0.778926
vt 0.720048 0.778926
vt 0.720048 0.840389
vt 0.727197 0.840389
vt 0.727197 0.778926
vt 0.788660 0.778926
vt 0.788660 0.840389
vt 0.795411 0.837189
vt 0.795411 0.775727
vt 0.807751 0.775727
vt 0.807751 0.837189
vt 0.814900 0.775727
vt 0.876363 0.775727
vt 0.876363 0.837189
vt 0.814900 0.837189
vt 0.883113 0.793009
vt 0.883113 0.731546
vt 0.895454 0.731546
vt 0.895454 0.793009
vt 0.902603 0.793009
vt 0.902603 0.731546
vt 0.914944 0.731546
vt 0.914944 0.793009
vt 0.855555 0.912531
vt 0.855555 0.917973
vt 0.852539 0.917973
vt 0.852539 0.912531
vt 0.406766 0.966045
vt 0.406437 0.965902
vt 0.407754 0.962886
vt 0.408084 0.963030
vt 0.280183 0.960668
vt 0.280828 0.960803
vt 0.280828 0.963818
vt 0.280183 0.963683
vt 0.516710 0.941844
vt 0.516996 0.941191
vt 0.520011 0.942509
vt 0.519726 0.943162
vt 0.517413 0.940236
vt 0.520429 0.941553
vt 0.517943 0.939022
vt 0.520959 0.940339
vt 0.520926 0.932195
vt 0.523942 0.933513
vt 0.521455 0.930984
vt 0.524471 0.932302
vt 0.521870 0.930034
vt 0.524886 0.931351
vt 0.522155 0.929381
vt 0.525171 0.930699
vt 0.307947 0.965180
vt 0.307302 0.965041
vt 0.307302 0.962025
vt 0.307947 0.962165
vt 0.398984 0.963571
vt 0.398654 0.963427
vt 0.399972 0.960411
vt 0.400301 0.960555
vt 0.940043 0.873036
vt 0.940043 0.867526
vt 0.943058 0.867526
vt 0.943058 0.873036
vt 0.940005 0.865652
vt 0.943021 0.865652
vt 0.939876 0.863969
vt 0.942892 0.863969
vt 0.939633 0.862455
vt 0.942648 0.862455
vt 0.708774 0.904720
vt 0.709156 0.905594
vt 0.706141 0.906911
vt 0.705759 0.906037
vt 0.710122 0.907805
vt 0.707107 0.909122
vt 0.711372 0.910666
vt 0.708357 0.911984
vt 0.712315 0.912823
vt 0.709299 0.914141
vt 0.713126 0.914680
vt 0.710110 0.915997
vt 0.713763 0.916138
vt 0.710747 0.917455
vt 0.854946 0.906636
vt 0.855365 0.908726
vt 0.852350 0.908726
vt 0.851930 0.906636
vt 0.855467 0.909701
vt 0.852452 0.909701
vt 0.855524 0.910662
vt 0.852509 0.910662
vt 0.855549 0.911607
vt 0.852533 0.911607
vt 0.325713 0.957121
vt 0.325785 0.955650
vt 0.328801 0.955650
vt 0.328728 0.957121
vt 0.325987 0.954443
vt 0.329002 0.954443
vt 0.760568 0.934101
vt 0.760875 0.933399
vt 0.763890 0.934716
vt 0.763583 0.935419
vt 0.761264 0.932508
vt 0.764279 0.933826
vt 0.761712 0.931483
vt 0.764727 0.932800
vt 0.762195 0.930377
vt 0.765211 0.931694
vt 0.762962 0.928621
vt 0.765978 0.929939
vt 0.763557 0.927260
vt 0.766572 0.928577
vt 0.763941 0.926380
vt 0.766957 0.927697
vt 0.274048 0.963841
vt 0.272219 0.963704
vt 0.272219 0.960689
vt 0.274048 0.960825
vt 0.271266 0.963743
vt 0.271266 0.960728
vt 0.871214 0.921894
vt 0.871344 0.922191
vt 0.868328 0.923508
vt 0.868199 0.923212
vt 0.871584 0.922741
vt 0.868569 0.924058
vt 0.871956 0.923591
vt 0.868940 0.924909
vt 0.874923 0.930384
vt 0.871908 0.931701
vt 0.325749 0.958353
vt 0.325732 0.957999
vt 0.328747 0.957999
vt 0.328764 0.958353
vt 0.325721 0.957678
vt 0.328736 0.957678
vt 0.325715 0.957386
vt 0.328730 0.957386
vt 0.339463 0.934404
vt 0.339463 0.939846
vt 0.339133 0.939846
vt 0.338824 0.939202
vt 0.338170 0.938859
vt 0.337215 0.938723
vt 0.336001 0.938699
vt 0.329175 0.938699
vt 0.327964 0.938723
vt 0.327013 0.938859
vt 0.326361 0.939202
vt 0.326043 0.939846
vt 0.325713 0.939846
vt 0.325713 0.934336
vt 0.325799 0.932463
vt 0.326094 0.930780
vt 0.326651 0.929265
vt 0.327526 0.927899
vt 0.329737 0.926129
vt 0.332598 0.925539
vt 0.334755 0.925896
vt 0.336611 0.926913
vt 0.338069 0.928508
vt 0.339030 0.930599
vt 0.339263 0.931573
vt 0.339393 0.932535
vt 0.339450 0.933480
vt 0.336949 0.933967
vt 0.336783 0.932496
vt 0.336323 0.931289
vt 0.335620 0.930347
vt 0.334730 0.929671
vt 0.333704 0.929265
vt 0.332598 0.929129
vt 0.330843 0.929434
vt 0.329482 0.930307
vt 0.328601 0.931689
vt 0.328289 0.933519
vt 0.328377 0.934471
vt 0.328674 0.934972
vt 0.329224 0.935166
vt 0.330074 0.935199
vt 0.336867 0.935199
vt 0.336906 0.934845
vt 0.336931 0.934524
vt 0.336945 0.934232
vt 0.607188 0.950326
vt 0.607079 0.952676
vt 0.604064 0.952676
vt 0.604172 0.950326
vt 0.606771 0.954666
vt 0.603755 0.954666
vt 0.425110 0.938314
vt 0.425595 0.937203
vt 0.428610 0.938520
vt 0.428125 0.939631
vt 0.426232 0.935745
vt 0.429247 0.937063
vt 0.426996 0.933997
vt 0.430011 0.935314
vt 0.427863 0.932012
vt 0.430878 0.933330
vt 0.428724 0.930040
vt 0.431740 0.931358
vt 0.429482 0.928305
vt 0.432498 0.929622
vt 0.430113 0.926861
vt 0.433129 0.928178
vt 0.430593 0.925762
vt 0.433609 0.927079
vt 0.694240 0.930123
vt 0.694546 0.928141
vt 0.697561 0.928141
vt 0.697256 0.930123
vt 0.694653 0.925883
vt 0.697668 0.925883
vt 0.694535 0.923502
vt 0.697550 0.923502
vt 0.694206 0.921503
vt 0.697222 0.921503
vt 0.381350 0.923386
vt 0.381855 0.924540
vt 0.378839 0.925858
vt 0.378335 0.924704
vt 0.382498 0.926013
vt 0.379482 0.927330
vt 0.383243 0.927720
vt 0.380228 0.929037
vt 0.384056 0.929579
vt 0.381040 0.930896
vt 0.384971 0.931673
vt 0.381955 0.932991
vt 0.385774 0.933512
vt 0.382759 0.934830
vt 0.386432 0.935018
vt 0.383417 0.936336
vt 0.386911 0.936114
vt 0.383896 0.937432
vt 0.606882 0.946432
vt 0.607032 0.947389
vt 0.604017 0.947389
vt 0.603867 0.946432
vt 0.607126 0.948345
vt 0.604111 0.948345
vt 0.607174 0.949319
vt 0.604159 0.949319
vt 0.286734 0.955654
vt 0.286876 0.953860
vt 0.289891 0.953860
vt 0.289749 0.955654
vt 0.945976 0.885673
vt 0.946382 0.884743
vt 0.949398 0.886061
vt 0.948991 0.886991
vt 0.947026 0.883270
vt 0.950041 0.884588
vt 0.947878 0.881319
vt 0.950894 0.882636
vt 0.948712 0.879411
vt 0.951727 0.880729
vt 0.949347 0.877956
vt 0.952363 0.879273
vt 0.949753 0.877027
vt 0.952768 0.878345
vt 0.977872 0.890888
vt 0.977730 0.892660
vt 0.974714 0.892660
vt 0.974857 0.890888
vt 0.977876 0.894409
vt 0.974860 0.894409
vt 0.840100 0.922374
vt 0.840510 0.923314
vt 0.837495 0.924632
vt 0.837084 0.923691
vt 0.841145 0.924767
vt 0.838130 0.926084
vt 0.841962 0.926636
vt 0.838946 0.927954
vt 0.842550 0.927982
vt 0.839534 0.929300
vt 0.843052 0.929132
vt 0.840037 0.930449
vt 0.843459 0.930063
vt 0.840444 0.931381
vt 0.843762 0.930756
vt 0.840746 0.932073
vt 0.286987 0.957872
vt 0.286799 0.956806
vt 0.289814 0.956806
vt 0.290003 0.957872
vt 0.158911 0.947883
vt 0.158663 0.950234
vt 0.157956 0.952224
vt 0.156845 0.953823
vt 0.155388 0.955003
vt 0.153639 0.955732
vt 0.151655 0.955982
vt 0.149683 0.955704
vt 0.147947 0.954908
vt 0.146503 0.953657
vt 0.145404 0.952010
vt 0.144705 0.950028
vt 0.144460 0.947771
vt 0.144730 0.945389
vt 0.145483 0.943391
vt 0.146637 0.941797
vt 0.148109 0.940631
vt 0.149816 0.939915
vt 0.151675 0.939672
vt 0.153770 0.939973
vt 0.155609 0.940835
vt 0.157115 0.942195
vt 0.158211 0.943989
vt 0.158555 0.944946
vt 0.158770 0.945903
vt 0.158880 0.946876
vt 0.156334 0.947861
vt 0.156010 0.946066
vt 0.155080 0.944608
vt 0.153607 0.943628
vt 0.151655 0.943270
vt 0.149748 0.943631
vt 0.148292 0.944613
vt 0.147364 0.946066
vt 0.147038 0.947838
vt 0.147372 0.949588
vt 0.148312 0.951035
vt 0.149765 0.952020
vt 0.151634 0.952384
vt 0.152980 0.952213
vt 0.154130 0.951734
vt 0.155061 0.951004
vt 0.155754 0.950078
vt 0.156185 0.949012
vn -0.338462 -0.829732 0.443834
vn -0.438409 -0.255555 0.861678
vn -0.920390 -0.019311 0.390525
vn -0.798341 -0.602133 -0.009361
vn -0.172721 0.409664 0.895736
vn -0.632799 0.635770 0.441997
vn 0.358355 0.750588 0.555157
vn -0.121875 0.989041 0.083331
vn 0.796933 0.604027 0.007039
vn 0.335685 0.829899 -0.445628
vn -0.355004 -0.754274 -0.552308
vn 0.125738 -0.988906 -0.079089
vn 0.170144 -0.408004 -0.896986
vn 0.631192 -0.635369 -0.444863
vn 0.443510 0.254079 -0.859501
vn 0.922501 0.017235 -0.385609
vn -0.265188 -0.831094 0.488834
vn -0.364822 -0.275496 0.889386
vn -0.425132 -0.819641 0.383994
vn 0.672751 -0.331195 0.661601
vn -0.253973 0.460278 0.850672
vn -0.553419 -0.218997 0.803597
vn -0.105222 0.365125 0.924993
vn 0.747385 0.660996 -0.067083
vn 0.277256 0.829966 0.484030
vn 0.830651 0.552717 0.067256
vn 0.404417 0.695889 0.593452
vn -0.778035 0.627174 0.036267
vn -0.672751 0.331195 -0.661601
vn -0.902683 -0.304945 -0.303597
vn -0.983885 0.071876 0.163723
vn -0.048783 0.773350 -0.632100
vn -0.286666 0.952314 -0.104503
vn -0.173432 -0.158768 -0.971964
vn -0.490221 -0.569854 -0.659508
vn 0.206998 0.310584 -0.927734
vn 0.576225 -0.618922 -0.533761
vn 0.034738 -0.983560 -0.177209
vn 0.179836 -0.983515 -0.018884
vn 0.670684 -0.643501 -0.368903
vn 0.949075 -0.012131 -0.314816
vn 0.865411 0.065403 -0.496776
vn -0.490755 -0.239792 0.837651
vn -0.247614 0.456441 0.854605
vn -0.418413 -0.820780 0.388911
vn 0.322926 0.787712 0.524622
vn 0.751632 0.656736 -0.061215
vn 0.085371 -0.988716 -0.123093
vn 0.580833 -0.620484 -0.526909
vn 0.899051 0.038788 -0.436122
vn -0.070393 0.914083 -0.399372
vn -0.233596 0.891005 -0.389285
vn -0.233595 0.891005 -0.389285
vn -0.070393 0.914083 -0.399372
vn -0.483679 0.802038 -0.350413
vn -0.483679 0.802038 -0.350413
vn -0.710065 0.645241 -0.281909
vn -0.710065 0.645240 -0.281909
vn -0.877835 0.438901 -0.191759
vn -0.877835 0.438902 -0.191760
vn -0.972292 0.214218 -0.093594
vn -0.972291 0.214218 -0.093594
vn -0.999978 -0.006070 0.002653
vn -0.999978 -0.006069 0.002652
vn -0.966556 -0.235006 0.102677
vn -0.966556 -0.235004 0.102677
vn -0.861349 -0.465522 0.203389
vn -0.861349 -0.465522 0.203388
vn -0.691574 -0.661891 0.289181
vn -0.691574 -0.661891 0.289181
vn -0.475481 -0.806144 0.352207
vn -0.475480 -0.806145 0.352207
vn -0.236054 -0.890460 0.389048
vn -0.236053 -0.890461 0.389048
vn 0.005773 -0.916341 0.400356
vn 0.005773 -0.916341 0.400356
vn 0.246868 -0.887995 0.387970
vn 0.246868 -0.887995 0.387970
vn 0.501311 -0.792894 0.346418
vn 0.501310 -0.792895 0.346418
vn 0.720385 -0.635562 0.277678
vn 0.720385 -0.635563 0.277678
vn 0.879029 -0.436890 0.190878
vn 0.879030 -0.436889 0.190878
vn 0.970929 -0.219346 0.095834
vn 0.970929 -0.219345 0.095834
vn 0.999910 0.012277 -0.005362
vn 0.999910 0.012277 -0.005362
vn 0.965173 0.239730 -0.104738
vn 0.965173 0.239730 -0.104738
vn 0.854195 0.476464 -0.208168
vn 0.854195 0.476464 -0.208167
vn 0.669100 0.681013 -0.297534
vn 0.669101 0.681012 -0.297534
vn 0.496014 0.795688 -0.347636
vn 0.496015 0.795688 -0.347635
vn 0.303570 0.873114 -0.381467
vn 0.303572 0.873114 -0.381467
vn 0.180833 0.901251 -0.393760
vn 0.180833 0.901251 -0.393760
vn 0.077802 0.913578 -0.399151
vn 0.077802 0.913578 -0.399151
vn -0.064844 -0.914429 0.399517
vn -0.387847 -0.844629 0.369022
vn -0.387846 -0.844629 0.369022
vn -0.064847 -0.914429 0.399517
vn -0.732337 -0.623987 0.272622
vn -0.732337 -0.623987 0.272622
vn -0.941469 -0.308903 0.134960
vn -0.941469 -0.308904 0.134960
vn -1.000000 0.000585 -0.000256
vn -1.000000 0.000585 -0.000256
vn -0.939033 0.315069 -0.137654
vn -0.939032 0.315071 -0.137656
vn -0.729970 0.626312 -0.273636
vn -0.729970 0.626312 -0.273636
vn -0.390696 0.843526 -0.368538
vn -0.390696 0.843526 -0.368538
vn 0.002544 0.916355 -0.400359
vn 0.002543 0.916355 -0.400359
vn 0.399033 0.840242 -0.367104
vn 0.399034 0.840242 -0.367104
vn 0.731665 0.624649 -0.272912
vn 0.731667 0.624647 -0.272911
vn 0.937183 0.319660 -0.139661
vn 0.937182 0.319662 -0.139662
vn 0.998505 0.050087 -0.021884
vn 0.998505 0.050088 -0.021884
vn 0.972642 -0.212879 0.093009
vn 0.972641 -0.212880 0.093009
vn 0.882855 -0.430364 0.188029
vn 0.882855 -0.430363 0.188029
vn 0.730790 -0.625509 0.273286
vn 0.730790 -0.625508 0.273285
vn 0.524189 -0.780372 0.340948
vn 0.524189 -0.780372 0.340948
vn 0.274420 -0.881179 0.384990
vn 0.274418 -0.881179 0.384991
vn -0.000001 0.400360 0.916358
vn -0.000001 0.400360 0.916358
vn -0.000001 0.400360 0.916358
vn -0.000001 0.400360 0.916358
vn -0.000001 0.400360 0.916358
vn -0.000001 0.400360 0.916358
vn -0.000001 0.400360 0.916358
vn -0.000001 0.400360 0.916358
vn -0.000001 0.400360 0.916358
vn -0.000001 0.400360 0.916358
vn -0.000001 0.400360 0.916358
vn -0.000001 0.400360 0.916358
vn -0.000001 0.400360 0.916358
vn -0.000001 0.400360 0.916358
vn -0.000001 0.400360 0.916358
vn -0.000001 0.400360 0.916358
vn -0.000001 0.400360 0.916358
vn -0.000001 0.400360 0.916358
vn -0.000001 0.400360 0.916358
vn -0.000001 0.400360 0.916358
vn -0.000001 0.400360 0.916358
vn -0.000001 0.400360 0.916358
vn -0.000001 0.400360 0.916358
vn -0.000001 0.400360 0.916358
vn -0.000001 0.400360 0.916358
vn -0.000001 0.400360 0.916358
vn -0.000001 0.400360 0.916358
vn -0.000001 0.400360 0.916358
vn -0.000001 0.400360 0.916358
vn -0.000001 0.400360 0.916358
vn -0.000001 0.400360 0.916358
vn -0.000001 0.400360 0.916358
vn -0.000001 0.400360 0.916358
vn -0.000001 0.400360 0.916358
vn -0.000001 0.400360 0.916358
vn -0.000001 0.400360 0.916358
vn -0.000001 0.400360 0.916358
vn -0.000001 0.400360 0.916358
vn -0.000001 0.400360 0.916358
vn -0.000001 0.400360 0.916358
vn -0.000001 0.400360 0.916358
vn -0.000001 0.400360 0.916358
vn -0.000001 0.400360 0.916358
vn -0.000001 0.400360 0.916358
vn -0.021085 0.916155 -0.400270
vn -0.020113 0.916172 -0.400281
vn -0.020113 0.916172 -0.400281
vn -0.021085 0.916155 -0.400270
vn -0.016888 0.916227 -0.400304
vn -0.016888 0.916227 -0.400304
vn -0.010620 0.916306 -0.400338
vn -0.010620 0.916306 -0.400338
vn 0.000000 0.916357 -0.400362
vn 0.000000 0.916357 -0.400362
vn 0.009873 0.916313 -0.400340
vn 0.009873 0.916314 -0.400340
vn 0.016501 0.916233 -0.400307
vn 0.016501 0.916233 -0.400307
vn 0.020570 0.916164 -0.400276
vn 0.020570 0.916164 -0.400276
vn 0.022040 0.916136 -0.400262
vn 0.022040 0.916136 -0.400262
vn -1.000000 0.000000 0.000000
vn -1.000000 0.000000 0.000000
vn -1.000000 0.000000 0.000000
vn -1.000000 0.000000 0.000000
vn -0.464820 -0.811349 0.354479
vn -0.464820 -0.811349 0.354479
vn -0.464820 -0.811349 0.354479
vn -0.464820 -0.811349 0.354479
vn -0.896503 -0.405981 0.177375
vn -0.962231 -0.249465 0.108992
vn -0.962230 -0.249467 0.108992
vn -0.896503 -0.405981 0.177375
vn -0.997268 -0.067685 0.029571
vn -0.997269 -0.067684 0.029571
vn -0.999994 -0.003185 0.001391
vn -0.999994 -0.003185 0.001391
vn -0.999994 0.003186 -0.001392
vn -0.999994 0.003186 -0.001392
vn -0.997245 0.067977 -0.029699
vn -0.997245 0.067976 -0.029699
vn -0.961904 0.250523 -0.109452
vn -0.961904 0.250521 -0.109451
vn -0.896046 0.406830 -0.177741
vn -0.896046 0.406830 -0.177741
vn -0.475465 0.806153 -0.352207
vn -0.475465 0.806154 -0.352207
vn -0.475465 0.806154 -0.352207
vn -0.475465 0.806153 -0.352207
vn -1.000000 0.000000 0.000000
vn -1.000000 0.000000 0.000000
vn -1.000000 0.000000 0.000000
vn -1.000000 0.000000 0.000000
vn 0.000000 -0.916358 0.400360
vn 0.000000 -0.916358 0.400360
vn 0.000000 -0.916358 0.400360
vn 0.000000 -0.916358 0.400360
vn 0.995144 -0.090198 0.039407
vn 0.995144 -0.090198 0.039407
vn 0.995144 -0.090198 0.039407
vn 0.995144 -0.090198 0.039407
vn 0.174374 0.902321 -0.394222
vn 0.174374 0.902321 -0.394222
vn 0.174374 0.902321 -0.394222
vn 0.174374 0.902321 -0.394222
vn -0.814200 0.532023 -0.232446
vn -0.698143 0.656074 -0.286642
vn -0.698142 0.656075 -0.286642
vn -0.814200 0.532023 -0.232446
vn -0.418664 0.832182 -0.363584
vn -0.418664 0.832182 -0.363584
vn -0.169178 0.903149 -0.394590
vn -0.169177 0.903149 -0.394590
vn -0.042823 0.915517 -0.399993
vn -0.042823 0.915517 -0.399993
vn 0.027604 0.916009 -0.400206
vn 0.027605 0.916009 -0.400206
vn 0.141908 0.907085 -0.396308
vn 0.141906 0.907085 -0.396308
vn 0.438587 0.823521 -0.359799
vn 0.438578 0.823524 -0.359801
vn 0.821208 0.522902 -0.228455
vn 0.821207 0.522903 -0.228455
vn 0.979515 0.184529 -0.080623
vn 0.979516 0.184525 -0.080621
vn 0.999300 0.034278 -0.014977
vn 0.999300 0.034277 -0.014976
vn 1.000000 0.000203 -0.000088
vn 1.000000 0.000203 -0.000088
vn 0.999993 -0.003542 0.001548
vn 0.999993 -0.003542 0.001548
vn 0.997288 -0.067445 0.029467
vn 0.997288 -0.067445 0.029467
vn 0.961971 -0.250305 0.109359
vn 0.961972 -0.250300 0.109356
vn 0.895135 -0.408508 0.178479
vn 0.895135 -0.408508 0.178479
vn 0.461299 -0.813034 0.355218
vn 0.461299 -0.813034 0.355218
vn 0.461299 -0.813034 0.355218
vn 0.461299 -0.813034 0.355218
vn 1.000000 0.000000 0.000000
vn 1.000000 0.000000 0.000000
vn 1.000000 0.000000 0.000000
vn 1.000000 0.000000 0.000000
vn 0.000000 0.400359 0.916358
vn 0.000000 0.400359 0.916358
vn 0.000000 0.400359 0.916358
vn 0.000000 0.400359 0.916358
vn 0.000000 0.400359 0.916358
vn 0.000000 0.400359 0.916358
vn 0.000000 0.400359 0.916358
vn 0.000000 0.400359 0.916358
vn 0.000000 0.400359 0.916358
vn 0.000000 0.400359 0.916358
vn 0.000000 0.400359 0.916358
vn 0.000000 0.400359 0.916358
vn 0.000000 0.400359 0.916358
vn 0.000000 0.400359 0.916358
vn 0.000000 0.400359 0.916358
vn 0.000000 0.400359 0.916358
vn 0.000000 0.400359 0.916358
vn 0.000000 0.400359 0.916358
vn 0.000000 0.400359 0.916358
vn 0.000000 0.400359 0.916358
vn 0.000000 0.400359 0.916358
vn 0.000000 0.400359 0.916358
vn 0.000000 0.400359 0.916358
vn 0.000000 0.400359 0.916358
vn 0.000000 0.400359 0.916358
vn 0.000000 0.400359 0.916358
vn 0.000000 0.400359 0.916358
vn 0.000000 0.400359 0.916358
vn 0.000000 0.400359 0.916358
vn 0.000000 0.400359 0.916358
vn 0.000000 0.400359 0.916358
vn 0.000000 0.400359 0.916358
vn 0.000000 0.400359 0.916358
vn 0.000000 0.400359 0.916358
vn 0.000000 0.400359 0.916358
vn 0.000000 0.400359 0.916358
vn 0.000000 0.400359 0.916358
vn 0.000000 0.400359 0.916358
vn 0.000000 0.400359 0.916358
vn 0.000000 0.000000 1.000000
vn 0.000000 0.000000 1.000000
vn 0.000000 0.000000 1.000000
vn 0.000000 0.000000 1.000000
vn 0.000000 1.000000 0.000000
vn 0.000000 1.000000 0.000000
vn 0.000000 1.000000 0.000000
vn 0.000000 1.000000 0.000000
vn 0.000000 0.000000 -1.000000
vn 0.000000 0.000000 -1.000000
vn 0.000000 0.000000 -1.000000
vn 0.000000 0.000000 -1.000000
vn 0.000000 -1.000000 0.000000
vn 0.000000 -1.000000 0.000000
vn 0.000000 -1.000000 0.000000
vn 0.000000 -1.000000 0.000000
vn 1.000000 0.000000 0.000000
vn 1.000000 0.000000 0.000000
vn 1.000000 0.000000 0.000000
vn 1.000000 0.000000 0.000000
vn -1.000000 0.000000 0.000000
vn -1.000000 0.000000 0.000000
vn -1.000000 0.000000 0.000000
vn -1.000000 0.000000 0.000000
vn 0.002372 0.916356 -0.400358
vn 0.000000 0.916359 -0.400358
vn 0.000000 0.916359 -0.400358
vn 0.002372 0.916356 -0.400358
vn -1.000000 0.000000 0.000000
vn -1.000000 0.000000 0.000000
vn -1.000000 0.000000 0.000000
vn -1.000000 0.000000 0.000000
vn -0.464192 -0.811652 0.354608
vn -0.464192 -0.811652 0.354608
vn -0.464192 -0.811652 0.354608
vn -0.464192 -0.811652 0.354608
vn -0.901343 -0.396883 0.173393
vn -0.964754 -0.241144 0.105354
vn -0.964754 -0.241144 0.105354
vn -0.901343 -0.396883 0.173393
vn -0.997712 -0.061953 0.027068
vn -0.997712 -0.061953 0.027068
vn -0.999996 -0.002541 0.001110
vn -0.999996 -0.002541 0.001110
vn -0.999996 0.002542 -0.001111
vn -0.999996 0.002542 -0.001111
vn -0.997678 0.062413 -0.027269
vn -0.997678 0.062413 -0.027269
vn -0.963973 0.243752 -0.106497
vn -0.963973 0.243751 -0.106497
vn -0.899348 0.400661 -0.175053
vn -0.899348 0.400661 -0.175053
vn -0.470953 0.808373 -0.353179
vn -0.470953 0.808373 -0.353179
vn -0.470953 0.808373 -0.353179
vn -0.470953 0.808373 -0.353179
vn -1.000000 0.000000 0.000000
vn -1.000000 0.000000 0.000000
vn -1.000000 0.000000 0.000000
vn -1.000000 0.000000 0.000000
vn 0.023902 -0.916097 0.400244
vn 0.021936 -0.916137 0.400264
vn 0.021936 -0.916137 0.400264
vn 0.023902 -0.916097 0.400244
vn 0.016962 -0.916224 0.400307
vn 0.016962 -0.916224 0.400307
vn 0.009540 -0.916315 0.400345
vn 0.009540 -0.916315 0.400345
vn 0.000000 -0.916358 0.400361
vn 0.000000 -0.916358 0.400361
vn -0.009597 -0.916316 0.400342
vn -0.009597 -0.916316 0.400342
vn -0.016498 -0.916234 0.400304
vn -0.016498 -0.916234 0.400304
vn -0.020793 -0.916160 0.400272
vn -0.020793 -0.916160 0.400272
vn -0.022405 -0.916128 0.400260
vn -0.022405 -0.916128 0.400260
vn 1.000000 0.000000 0.000000
vn 1.000000 0.000000 0.000000
vn 1.000000 0.000000 0.000000
vn 1.000000 0.000000 0.000000
vn 0.467694 0.809962 -0.353869
vn 0.467694 0.809962 -0.353869
vn 0.467694 0.809962 -0.353869
vn 0.467694 0.809962 -0.353869
vn 0.892762 0.412847 -0.180370
vn 0.961039 0.253294 -0.110663
vn 0.961039 0.253294 -0.110663
vn 0.892762 0.412847 -0.180370
vn 0.997245 0.067976 -0.029699
vn 0.997245 0.067976 -0.029699
vn 0.999995 0.002817 -0.001231
vn 0.999995 0.002817 -0.001231
vn 1.000000 0.000000 0.000000
vn 1.000000 0.000000 0.000000
vn 0.125381 -0.909124 0.397207
vn 0.120525 -0.909677 0.397443
vn 0.120525 -0.909677 0.397443
vn 0.125381 -0.909124 0.397207
vn 0.101350 -0.911638 0.398301
vn 0.101350 -0.911638 0.398301
vn 0.061772 -0.914606 0.399599
vn 0.061770 -0.914606 0.399599
vn -0.113101 -0.910479 0.397790
vn -0.113103 -0.910479 0.397790
vn -0.309470 -0.871374 0.380705
vn -0.309467 -0.871374 0.380705
vn -0.648933 -0.697208 0.304610
vn -0.648933 -0.697207 0.304610
vn -0.905282 -0.389280 0.170074
vn -0.905283 -0.389278 0.170074
vn -0.999994 0.003260 -0.001423
vn -0.999994 0.003260 -0.001422
vn -0.930528 0.335590 -0.146617
vn -0.930529 0.335588 -0.146616
vn -0.668848 0.681220 -0.297627
vn -0.668847 0.681221 -0.297628
vn -0.309796 0.871275 -0.380666
vn -0.309795 0.871275 -0.380666
vn -0.112426 0.910546 -0.397827
vn -0.112429 0.910546 -0.397827
vn 0.040488 0.915604 -0.400038
vn 0.040487 0.915604 -0.400038
vn 0.084119 0.913113 -0.398935
vn 0.084121 0.913113 -0.398935
vn 0.143601 0.906864 -0.396203
vn 0.143599 0.906864 -0.396203
vn -0.116068 0.910164 -0.397655
vn -0.116047 0.910166 -0.397656
vn -0.242411 0.889025 -0.388422
vn -0.242411 0.889025 -0.388422
vn -0.960789 -0.254087 0.111012
vn -0.960789 -0.254087 0.111012
vn -0.960789 -0.254087 0.111012
vn -0.960789 -0.254087 0.111012
vn -0.169913 -0.903034 0.394537
vn -0.151495 -0.905780 0.395743
vn -0.151495 -0.905780 0.395743
vn -0.169913 -0.903034 0.394537
vn -0.110001 -0.910793 0.397939
vn -0.110001 -0.910793 0.397939
vn -0.056540 -0.914893 0.399718
vn -0.056540 -0.914893 0.399718
vn 0.136731 -0.907755 0.396592
vn 0.136730 -0.907755 0.396592
vn 0.343621 -0.860562 0.375976
vn 0.343621 -0.860562 0.375976
vn 0.699051 -0.655263 0.286285
vn 0.699052 -0.655262 0.286284
vn 0.933439 -0.328731 0.143624
vn 0.933438 -0.328732 0.143625
vn 0.999180 -0.037098 0.016208
vn 0.999180 -0.037100 0.016209
vn 0.958418 0.261501 -0.114250
vn 0.958417 0.261502 -0.114250
vn 0.814076 0.532183 -0.232512
vn 0.814076 0.532182 -0.232512
vn 0.578083 0.747728 -0.326685
vn 0.578084 0.747727 -0.326685
vn 0.372833 0.850287 -0.371493
vn 0.372833 0.850288 -0.371493
vn 0.172867 0.902561 -0.394336
vn 0.172866 0.902561 -0.394336
vn 0.084698 0.913064 -0.398924
vn 0.084698 0.913064 -0.398924
vn 0.031562 0.915902 -0.400160
vn 0.031562 0.915901 -0.400160
vn -0.000001 0.400361 0.916357
vn -0.000001 0.400361 0.916357
vn -0.000001 0.400361 0.916357
vn -0.000001 0.400361 0.916357
vn -0.000001 0.400361 0.916357
vn -0.000001 0.400361 0.916357
vn -0.000001 0.400361 0.916357
vn -0.000001 0.400361 0.916357
vn -0.000001 0.400361 0.916357
vn -0.000001 0.400361 0.916357
vn -0.000001 0.400361 0.916357
vn -0.000001 0.400361 0.916357
vn -0.000001 0.400361 0.916357
vn -0.000001 0.400361 0.916357
vn -0.000001 0.400361 0.916357
vn -0.000001 0.400361 0.916357
vn -0.000001 0.400361 0.916357
vn -0.000001 0.400361 0.916357
vn -0.000001 0.400361 0.916357
vn -0.000001 0.400361 0.916357
vn -0.000001 0.400361 0.916357
vn -0.000001 0.400361 0.916357
vn -0.000001 0.400361 0.916357
vn -0.000001 0.400361 0.916357
vn -0.000001 0.400361 0.916357
vn -0.000001 0.400361 0.916357
vn -0.000001 0.400361 0.916357
vn -0.000001 0.400361 0.916357
vn -0.000001 0.400361 0.916357
vn -0.000001 0.400361 0.916357
vn -0.000001 0.400361 0.916357
vn -0.000001 0.400361 0.916357
vn -0.000001 0.400361 0.916357
vn -0.000001 0.400361 0.916357
vn -0.000001 0.400361 0.916357
vn -0.000001 0.400361 0.916357
vn -0.000001 0.400361 0.916357
vn -0.000001 0.400361 0.916357
vn -0.000001 0.400361 0.916357
vn -0.000001 0.400361 0.916357
vn -0.000001 0.400361 0.916357
vn -0.000001 0.400361 0.916357
vn -0.000001 0.400361 0.916357
vn -0.000001 0.400361 0.916357
vn -0.000001 0.400361 0.916357
vn -0.000001 0.400361 0.916357
vn -0.000001 0.400361 0.916357
vn -0.000001 0.400361 0.916357
vn -0.000001 0.400361 0.916357
vn -0.000001 0.400361 0.916357
vn -0.000001 0.400361 0.916357
vn -0.000001 0.400361 0.916357
vn -0.000001 0.400361 0.916357
vn -0.000001 0.400361 0.916357
vn -0.000001 0.400361 0.916357
vn -0.000001 0.400361 0.916357
vn -0.000001 0.400361 0.916357
vn -0.000001 0.400361 0.916357
vn -0.000001 0.400361 0.916357
vn -0.000001 0.400361 0.916357
vn -0.021085 0.916155 -0.400270
vn -0.020113 0.916173 -0.400278
vn -0.020113 0.916173 -0.400278
vn -0.021085 0.916155 -0.400270
vn -0.016888 0.916227 -0.400303
vn -0.016888 0.916227 -0.400303
vn -0.010620 0.916306 -0.400337
vn -0.010620 0.916306 -0.400337
vn 0.000000 0.916357 -0.400362
vn 0.000000 0.916357 -0.400362
vn 0.009873 0.916312 -0.400343
vn 0.009873 0.916312 -0.400343
vn 0.016501 0.916234 -0.400305
vn 0.016501 0.916234 -0.400305
vn 0.020570 0.916164 -0.400276
vn 0.020570 0.916164 -0.400276
vn 0.022041 0.916134 -0.400266
vn 0.022041 0.916134 -0.400266
vn -1.000000 0.000000 0.000000
vn -1.000000 0.000000 0.000000
vn -1.000000 0.000000 0.000000
vn -1.000000 0.000000 0.000000
vn -0.464836 -0.811341 0.354476
vn -0.464836 -0.811341 0.354476
vn -0.464836 -0.811341 0.354476
vn -0.464836 -0.811341 0.354476
vn -0.896489 -0.406007 0.177387
vn -0.962231 -0.249465 0.108992
vn -0.962230 -0.249466 0.108992
vn -0.896489 -0.406007 0.177387
vn -0.997269 -0.067674 0.029566
vn -0.997269 -0.067673 0.029566
vn -0.999994 -0.003186 0.001391
vn -0.999994 -0.003186 0.001391
vn -0.999994 0.003185 -0.001392
vn -0.999994 0.003185 -0.001392
vn -0.997246 0.067966 -0.029694
vn -0.997246 0.067965 -0.029694
vn -0.961905 0.250519 -0.109452
vn -0.961905 0.250517 -0.109451
vn -0.896035 0.406847 -0.177754
vn -0.896035 0.406847 -0.177754
vn -0.475482 0.806146 -0.352201
vn -0.475482 0.806146 -0.352201
vn -0.475482 0.806146 -0.352201
vn -0.475482 0.806146 -0.352201
vn -1.000000 0.000000 0.000000
vn -1.000000 0.000000 0.000000
vn -1.000000 0.000000 0.000000
vn -1.000000 0.000000 0.000000
vn 0.000000 -0.916358 0.400360
vn 0.000000 -0.916358 0.400360
vn 0.000000 -0.916358 0.400360
vn 0.000000 -0.916358 0.400360
vn 0.995145 -0.090191 0.039404
vn 0.995145 -0.090191 0.039404
vn 0.995145 -0.090191 0.039404
vn 0.995145 -0.090191 0.039404
vn 0.174386 0.902318 -0.394222
vn 0.174386 0.902319 -0.394222
vn 0.174386 0.902318 -0.394222
vn 0.174386 0.902319 -0.394222
vn -0.814200 0.532023 -0.232446
vn -0.698132 0.656084 -0.286646
vn -0.698131 0.656085 -0.286646
vn -0.814200 0.532023 -0.232446
vn -0.418663 0.832183 -0.363584
vn -0.418663 0.832182 -0.363584
vn -0.169181 0.903148 -0.394590
vn -0.169180 0.903148 -0.394590
vn -0.042822 0.915518 -0.399992
vn -0.042822 0.915518 -0.399992
vn 0.027604 0.916009 -0.400207
vn 0.027605 0.916009 -0.400207
vn 0.141908 0.907084 -0.396308
vn 0.141906 0.907085 -0.396308
vn 0.438573 0.823527 -0.359803
vn 0.438565 0.823530 -0.359804
vn 0.821231 0.522870 -0.228445
vn 0.821230 0.522871 -0.228445
vn 0.979515 0.184529 -0.080622
vn 0.979516 0.184524 -0.080620
vn 0.999299 0.034293 -0.014987
vn 0.999300 0.034292 -0.014986
vn 1.000000 0.000201 -0.000088
vn 1.000000 0.000201 -0.000088
vn 0.999993 -0.003543 0.001548
vn 0.999993 -0.003543 0.001548
vn 0.997288 -0.067445 0.029467
vn 0.997288 -0.067445 0.029467
vn 0.961967 -0.250319 0.109365
vn 0.961968 -0.250314 0.109363
vn 0.895120 -0.408535 0.178491
vn 0.895120 -0.408535 0.178491
vn 0.461315 -0.813026 0.355213
vn 0.461315 -0.813026 0.355213
vn 0.461315 -0.813026 0.355213
vn 0.461315 -0.813026 0.355213
vn 1.000000 0.000000 0.000000
vn 1.000000 0.000000 0.000000
vn 1.000000 0.000000 0.000000
vn 1.000000 0.000000 0.000000
vn 0.000000 0.400359 0.916358
vn 0.000000 0.400359 0.916358
vn 0.000000 0.400359 0.916358
vn 0.000000 0.400359 0.916358
vn 0.000000 0.400359 0.916358
vn 0.000000 0.400359 0.916358
vn 0.000000 0.400359 0.916358
vn 0.000000 0.400359 0.916358
vn 0.000000 0.400359 0.916358
vn 0.000000 0.400359 0.916358
vn 0.000000 0.400359 0.916358
vn 0.000000 0.400359 0.916358
vn 0.000000 0.400359 0.916358
vn 0.000000 0.400359 0.916358
vn 0.000000 0.400359 0.916358
vn 0.000000 0.400359 0.916358
vn 0.000000 0.400359 0.916358
vn 0.000000 0.400359 0.916358
vn 0.000000 0.400359 0.916358
vn 0.000000 0.400359 0.916358
vn 0.000000 0.400359 0.916358
vn 0.000000 0.400359 0.916358
vn 0.000000 0.400359 0.916358
vn 0.000000 0.400359 0.916358
vn 0.000000 0.400359 0.916358
vn 0.000000 0.400359 0.916358
vn 0.000000 0.400359 0.916358
vn 0.000000 0.400359 0.916358
vn 0.000000 0.400359 0.916358
vn 0.000000 0.400359 0.916358
vn 0.000000 0.400359 0.916358
vn 0.000000 0.400359 0.916358
vn 0.000000 0.400359 0.916358
vn 0.000000 0.400359 0.916358
vn 0.000000 0.400359 0.916358
vn 0.000000 0.400359 0.916358
vn 0.000000 0.400359 0.916358
vn 0.000000 0.400359 0.916358
vn 0.000000 0.400359 0.916358
vn -0.070394 0.914083 -0.399371
vn -0.233595 0.891005 -0.389286
vn -0.233594 0.891005 -0.389285
vn -0.070394 0.914083 -0.399371
vn -0.483678 0.802039 -0.350413
vn -0.483678 0.802039 -0.350413
vn -0.710068 0.645238 -0.281906
vn -0.710069 0.645237 -0.281906
vn -0.877834 0.438902 -0.191759
vn -0.877834 0.438904 -0.191759
vn -0.972292 0.214218 -0.093594
vn -0.972292 0.214218 -0.093594
vn -0.999978 -0.006062 0.002647
vn -0.999978 -0.006061 0.002647
vn -0.966558 -0.234998 0.102672
vn -0.966558 -0.234997 0.102671
vn -0.861351 -0.465519 0.203389
vn -0.861351 -0.465519 0.203389
vn -0.691576 -0.661889 0.289182
vn -0.691576 -0.661889 0.289182
vn -0.475481 -0.806144 0.352207
vn -0.475480 -0.806145 0.352207
vn -0.236050 -0.890462 0.389048
vn -0.236050 -0.890462 0.389048
vn 0.005773 -0.916341 0.400356
vn 0.005773 -0.916341 0.400356
vn 0.246871 -0.887994 0.387971
vn 0.246871 -0.887994 0.387972
vn 0.501309 -0.792895 0.346420
vn 0.501308 -0.792896 0.346420
vn 0.720381 -0.635567 0.277680
vn 0.720381 -0.635567 0.277680
vn 0.879026 -0.436895 0.190881
vn 0.879027 -0.436894 0.190881
vn 0.970931 -0.219340 0.095832
vn 0.970931 -0.219339 0.095831
vn 0.999910 0.012285 -0.005368
vn 0.999910 0.012285 -0.005368
vn 0.965174 0.239727 -0.104738
vn 0.965174 0.239727 -0.104738
vn 0.854195 0.476464 -0.208167
vn 0.854195 0.476463 -0.208167
vn 0.669108 0.681006 -0.297532
vn 0.669109 0.681005 -0.297532
vn 0.496025 0.795682 -0.347635
vn 0.496026 0.795681 -0.347635
vn 0.303562 0.873116 -0.381468
vn 0.303564 0.873116 -0.381468
vn 0.180827 0.901251 -0.393761
vn 0.180827 0.901251 -0.393761
vn 0.077803 0.913578 -0.399151
vn 0.077802 0.913578 -0.399151
vn -0.064847 -0.914429 0.399519
vn -0.387848 -0.844628 0.369023
vn -0.387846 -0.844629 0.369023
vn -0.064850 -0.914429 0.399519
vn -0.732336 -0.623989 0.272622
vn -0.732335 -0.623989 0.272622
vn -0.941470 -0.308901 0.134960
vn -0.941470 -0.308902 0.134960
vn -1.000000 0.000577 -0.000251
vn -1.000000 0.000577 -0.000250
vn -0.939035 0.315065 -0.137652
vn -0.939034 0.315068 -0.137653
vn -0.729962 0.626320 -0.273641
vn -0.729962 0.626320 -0.273641
vn -0.390696 0.843527 -0.368536
vn -0.390696 0.843527 -0.368536
vn 0.002544 0.916356 -0.400356
vn 0.002543 0.916356 -0.400356
vn 0.399036 0.840241 -0.367104
vn 0.399037 0.840241 -0.367103
vn 0.731658 0.624655 -0.272915
vn 0.731660 0.624653 -0.272915
vn 0.937183 0.319660 -0.139660
vn 0.937183 0.319662 -0.139661
vn 0.998505 0.050090 -0.021884
vn 0.998505 0.050090 -0.021884
vn 0.972646 -0.212865 0.093001
vn 0.972645 -0.212866 0.093001
vn 0.882844 -0.430382 0.188036
vn 0.882845 -0.430382 0.188036
vn 0.730788 -0.625511 0.273285
vn 0.730789 -0.625510 0.273285
vn 0.524189 -0.780372 0.340949
vn 0.524189 -0.780372 0.340949
vn 0.274420 -0.881178 0.384992
vn 0.274418 -0.881179 0.384992
vn -0.000001 0.400360 0.916358
vn -0.000001 0.400360 0.916358
vn -0.000001 0.400360 0.916358
vn -0.000001 0.400360 0.916358
vn -0.000001 0.400360 0.916358
vn -0.000001 0.400360 0.916358
vn -0.000001 0.400360 0.916358
vn -0.000001 0.400360 0.916358
vn -0.000001 0.400360 0.916358
vn -0.000001 0.400360 0.916358
vn -0.000001 0.400360 0.916358
vn -0.000001 0.400360 0.916358
vn -0.000001 0.400360 0.916358
vn -0.000001 0.400360 0.916358
vn -0.000001 0.400360 0.916358
vn -0.000001 0.400360 0.916358
vn -0.000001 0.400360 0.916358
vn -0.000001 0.400360 0.916358
vn -0.000001 0.400360 0.916358
vn -0.000001 0.400360 0.916358
vn -0.000001 0.400360 0.916358
vn -0.000001 0.400360 0.916358
vn -0.000001 0.400360 0.916358
vn -0.000001 0.400360 0.916358
vn -0.000001 0.400360 0.916358
vn -0.000001 0.400360 0.916358
vn -0.000001 0.400360 0.916358
vn -0.000001 0.400360 0.916358
vn -0.000001 0.400360 0.916358
vn -0.000001 0.400360 0.916358
vn -0.000001 0.400360 0.916358
vn -0.000001 0.400360 0.916358
vn -0.000001 0.400360 0.916358
vn -0.000001 0.400360 0.916358
vn -0.000001 0.400360 0.916358
vn -0.000001 0.400360 0.916358
vn -0.000001 0.400360 0.916358
vn -0.000001 0.400360 0.916358
vn -0.000001 0.400360 0.916358
vn -0.000001 0.400360 0.916358
vn -0.000001 0.400360 0.916358
vn -0.000001 0.400360 0.916358
vn -0.000001 0.400360 0.916358
vn -0.000001 0.400360 0.916358
vn 0.000000 0.000000 1.000000
vn 0.000000 0.000000 1.000000
vn 0.000000 0.000000 1.000000
vn 0.000000 0.000000 1.000000
vn 0.000000 0.000000 -1.000000
vn 0.000000 0.000000 -1.000000
vn 0.000000 0.000000 -1.000000
vn 0.000000 0.000000 -1.000000
vn 0.000000 -1.000000 0.000000
vn 0.000000 -1.000000 0.000000
vn 0.000000 -1.000000 0.000000
vn 0.000000 -1.000000 0.000000
vn 1.000000 0.000000 0.000000
vn 1.000000 0.000000 0.000000
vn 1.000000 0.000000 0.000000
vn 1.000000 0.000000 0.000000
vn -1.000000 0.000000 0.000000
vn -1.000000 0.000000 0.000000
vn -1.000000 0.000000 0.000000
vn -1.000000 0.000000 0.000000
vn 0.000000 0.916360 -0.400354
vn 0.000000 0.916360 -0.400354
vn 0.000000 0.916360 -0.400354
vn 0.000000 0.916360 -0.400354
vn -1.000000 -0.000001 0.000000
vn -0.999998 0.001701 -0.000744
vn -0.999998 0.001700 -0.000743
vn -1.000000 -0.000001 0.000000
vn -0.997698 0.062140 -0.027152
vn -0.997698 0.062140 -0.027152
vn -0.964553 0.241815 -0.105655
vn -0.964553 0.241817 -0.105656
vn -0.901217 0.397120 -0.173505
vn -0.901217 0.397120 -0.173505
vn -0.474535 0.806613 -0.352410
vn -0.474535 0.806613 -0.352410
vn -0.474535 0.806613 -0.352410
vn -0.474535 0.806613 -0.352410
vn -1.000000 0.000000 0.000000
vn -1.000000 0.000000 0.000000
vn -1.000000 0.000000 0.000000
vn -1.000000 0.000000 0.000000
vn 0.024529 -0.916083 0.400237
vn 0.022574 -0.916125 0.400257
vn 0.022574 -0.916125 0.400257
vn 0.024529 -0.916083 0.400237
vn 0.017603 -0.916215 0.400300
vn 0.017603 -0.916215 0.400300
vn 0.010044 -0.916312 0.400338
vn 0.010044 -0.916312 0.400338
vn -0.000000 -0.916358 0.400360
vn -0.000000 -0.916358 0.400360
vn -0.010084 -0.916310 0.400342
vn -0.010084 -0.916310 0.400342
vn -0.017836 -0.916213 0.400294
vn -0.017836 -0.916213 0.400294
vn -0.023240 -0.916110 0.400253
vn -0.023240 -0.916110 0.400253
vn -0.025506 -0.916057 0.400235
vn -0.025506 -0.916057 0.400235
vn 1.000000 0.000000 0.000000
vn 1.000000 0.000000 0.000000
vn 1.000000 0.000000 0.000000
vn 1.000000 0.000000 0.000000
vn 0.418944 0.832060 -0.363540
vn 0.642527 0.702168 -0.306788
vn 0.642524 0.702170 -0.306789
vn 0.418944 0.832060 -0.363540
vn 0.914703 0.370324 -0.161797
vn 0.914701 0.370328 -0.161799
vn 0.989277 0.133837 -0.058473
vn 0.989277 0.133838 -0.058473
vn 0.999963 0.007861 -0.003435
vn 0.999963 0.007861 -0.003435
vn 1.000000 0.000000 0.000000
vn 1.000000 0.000000 0.000000
vn -0.687289 -0.665628 0.290816
vn -0.687289 -0.665628 0.290816
vn -0.687289 -0.665628 0.290816
vn -0.687289 -0.665628 0.290816
vn 0.000000 -0.916356 0.400364
vn 0.000000 -0.916356 0.400364
vn 0.000000 -0.916356 0.400364
vn 0.000000 -0.916356 0.400364
vn 1.000000 0.000000 0.000000
vn 0.999999 -0.001446 0.000632
vn 0.999999 -0.001446 0.000632
vn 1.000000 0.000000 0.000000
vn 0.998058 -0.057080 0.024939
vn 0.998058 -0.057080 0.024939
vn 0.968367 -0.228661 0.099901
vn 0.968366 -0.228663 0.099902
vn 0.910443 -0.379040 0.165598
vn 0.910443 -0.379039 0.165598
vn 0.490879 -0.798357 0.348805
vn 0.490879 -0.798357 0.348805
vn 0.490879 -0.798357 0.348805
vn 0.490879 -0.798357 0.348805
vn 1.000000 0.000000 0.000000
vn 1.000000 0.000000 0.000000
vn 1.000000 0.000000 0.000000
vn 1.000000 0.000000 0.000000
vn -0.023645 0.916104 -0.400243
vn -0.022072 0.916136 -0.400259
vn -0.022072 0.916136 -0.400259
vn -0.023645 0.916104 -0.400243
vn -0.017720 0.916215 -0.400295
vn -0.017720 0.916215 -0.400295
vn -0.010622 0.916306 -0.400339
vn -0.010622 0.916306 -0.400339
vn 0.002399 0.916354 -0.400363
vn 0.002400 0.916354 -0.400363
vn 0.017036 0.916224 -0.400304
vn 0.017035 0.916224 -0.400303
vn 0.022717 0.916123 -0.400253
vn 0.022717 0.916123 -0.400253
vn 0.016427 0.916235 -0.400305
vn 0.016427 0.916235 -0.400305
vn 0.010297 0.916307 -0.400345
vn 0.010297 0.916307 -0.400345
vn -1.000000 0.000000 0.000000
vn -1.000000 0.000000 0.000000
vn -1.000000 0.000000 0.000000
vn -1.000000 0.000000 0.000000
vn -0.466919 -0.810333 0.354042
vn -0.466919 -0.810334 0.354042
vn -0.466919 -0.810334 0.354042
vn -0.466919 -0.810333 0.354042
vn -0.900333 -0.398799 0.174239
vn -0.964453 -0.242149 0.105798
vn -0.964453 -0.242150 0.105799
vn -0.900333 -0.398799 0.174239
vn -0.997603 -0.063411 0.027706
vn -0.997603 -0.063410 0.027706
vn -0.999991 -0.003975 0.001737
vn -0.999991 -0.003975 0.001737
vn -1.000000 0.000000 0.000000
vn -1.000000 0.000000 0.000000
vn 0.690015 0.663255 -0.289779
vn 0.690015 0.663255 -0.289779
vn 0.690015 0.663255 -0.289779
vn 0.690015 0.663255 -0.289779
vn 0.000001 0.400360 0.916358
vn 0.000001 0.400360 0.916358
vn 0.000001 0.400360 0.916358
vn 0.000001 0.400360 0.916358
vn 0.000001 0.400360 0.916358
vn 0.000001 0.400360 0.916358
vn 0.000001 0.400360 0.916358
vn 0.000001 0.400360 0.916358
vn 0.000001 0.400360 0.916358
vn 0.000001 0.400360 0.916358
vn 0.000001 0.400360 0.916358
vn 0.000001 0.400360 0.916358
vn 0.000001 0.400360 0.916358
vn 0.000001 0.400360 0.916358
vn 0.000001 0.400360 0.916358
vn 0.000001 0.400360 0.916358
vn 0.000001 0.400360 0.916358
vn 0.000001 0.400360 0.916358
vn 0.000001 0.400360 0.916358
vn 0.000001 0.400360 0.916358
vn 0.000001 0.400360 0.916358
vn 0.000001 0.400360 0.916358
vn 0.000001 0.400360 0.916358
vn 0.000001 0.400360 0.916358
vn 0.000001 0.400360 0.916358
vn 0.000001 0.400360 0.916358
vn 0.000001 0.400360 0.916358
vn 0.000001 0.400360 0.916358
vn 0.000001 0.400360 0.916358
vn 0.000001 0.400360 0.916358
vn 0.000001 0.400360 0.916358
vn 0.000001 0.400360 0.916358
vn 0.000001 0.400360 0.916358
vn 0.000001 0.400360 0.916358
vn 0.000001 0.400360 0.916358
vn 0.000001 0.400360 0.916358
vn 0.000001 0.400360 0.916358
vn 0.000001 0.400360 0.916358
vn 0.000001 0.400360 0.916358
vn 0.000001 0.400360 0.916358
vn 0.000001 0.400360 0.916358
vn 0.000001 0.400360 0.916358
vn 0.000001 0.400360 0.916358
vn 0.000001 0.400360 0.916358
vn 0.000000 1.000000 0.000000
vn 0.000000 1.000000 0.000000
vn 0.000000 1.000000 0.000000
vn 0.000000 1.000000 0.000000
vn 0.000000 0.375467 0.926836
vn 0.000000 0.375467 0.926836
vn 0.000000 0.375467 0.926836
vn 0.000000 0.375467 0.926836
vn 0.824925 0.565242 0.000000
vn 0.824925 0.565242 0.000000
vn 0.824925 0.565242 0.000000
vn 0.824925 0.565242 0.000000
vn 0.000000 0.375467 -0.926836
vn 0.000000 0.375467 -0.926836
vn 0.000000 0.375467 -0.926836
vn 0.000000 0.375467 -0.926836
vn -0.824926 0.565241 0.000000
vn -0.824926 0.565241 0.000000
vn -0.824926 0.565241 0.000000
vn -0.824926 0.565241 0.000000
vn 0.000000 0.000000 1.000000
vn 0.000000 0.000000 1.000000
vn 0.000000 0.000000 1.000000
vn 0.000000 0.000000 1.000000
vn 0.000000 1.000000 0.000000
vn 0.000000 1.000000 0.000000
vn 0.000000 1.000000 0.000000
vn 0.000000 1.000000 0.000000
vn 0.000000 0.000000 -1.000000
vn 0.000000 0.000000 -1.000000
vn 0.000000 0.000000 -1.000000
vn 0.000000 0.000000 -1.000000
vn 0.000000 -1.000000 0.000000
vn 0.000000 -1.000000 0.000000
vn 0.000000 -1.000000 0.000000
vn 0.000000 -1.000000 0.000000
vn 1.000000 0.000000 0.000000
vn 1.000000 0.000000 0.000000
vn 1.000000 0.000000 0.000000
vn 1.000000 0.000000 0.000000
vn -1.000000 0.000000 0.000000
vn -1.000000 0.000000 0.000000
vn -1.000000 0.000000 0.000000
vn -1.000000 0.000000 0.000000
vn 0.002156 0.916356 -0.400359
vn 0.000000 0.916358 -0.400359
vn 0.000000 0.916358 -0.400359
vn 0.002156 0.916356 -0.400359
vn -1.000000 0.000000 0.000000
vn -1.000000 0.000000 0.000000
vn -1.000000 0.000000 0.000000
vn -1.000000 0.000000 0.000000
vn -0.464430 -0.811538 0.354558
vn -0.464430 -0.811538 0.354558
vn -0.464430 -0.811538 0.354558
vn -0.464430 -0.811538 0.354558
vn -0.901329 -0.396906 0.173413
vn -0.964758 -0.241127 0.105355
vn -0.964758 -0.241127 0.105355
vn -0.901329 -0.396906 0.173413
vn -0.997712 -0.061957 0.027073
vn -0.997711 -0.061959 0.027073
vn -0.999996 -0.002540 0.001110
vn -0.999996 -0.002540 0.001110
vn -0.999996 0.002541 -0.001110
vn -0.999996 0.002541 -0.001110
vn -0.997695 0.062188 -0.027170
vn -0.997695 0.062188 -0.027170
vn -0.964513 0.241950 -0.105709
vn -0.964514 0.241946 -0.105708
vn -0.901108 0.397328 -0.173596
vn -0.901108 0.397328 -0.173596
vn -0.474535 0.806614 -0.352407
vn -0.474535 0.806614 -0.352407
vn -0.474535 0.806614 -0.352407
vn -0.474535 0.806614 -0.352407
vn -1.000000 -0.000048 0.000000
vn -1.000000 -0.000048 0.000000
vn -1.000000 -0.000048 0.000000
vn -1.000000 -0.000048 0.000000
vn 0.000000 -0.916358 0.400359
vn 0.012736 -0.916284 0.400327
vn 0.012736 -0.916284 0.400327
vn 0.000000 -0.916358 0.400359
vn 0.116125 -0.910159 0.397649
vn 0.116126 -0.910159 0.397649
vn 0.279279 -0.879897 0.384429
vn 0.279278 -0.879897 0.384429
vn 0.476796 -0.805491 0.351922
vn 0.476797 -0.805491 0.351922
vn 0.731723 -0.624592 0.272885
vn 0.731724 -0.624591 0.272885
vn 0.919842 -0.359478 0.157056
vn 0.919842 -0.359478 0.157057
vn 0.999097 -0.038934 0.017011
vn 0.999097 -0.038933 0.017010
vn 0.954107 0.274417 -0.119894
vn 0.954107 0.274417 -0.119894
vn 0.810674 0.536526 -0.234411
vn 0.810674 0.536526 -0.234411
vn 0.582272 0.744994 -0.325490
vn 0.582273 0.744993 -0.325490
vn 0.391178 0.843339 -0.368455
vn 0.391179 0.843339 -0.368455
vn 0.200510 0.897749 -0.392227
vn 0.200510 0.897749 -0.392227
vn 0.106549 0.911142 -0.398081
vn 0.106549 0.911142 -0.398081
vn 0.040549 0.915604 -0.400032
vn 0.040549 0.915604 -0.400032
vn -0.100875 -0.911684 0.398317
vn -0.247318 -0.887891 0.387922
vn -0.247320 -0.887891 0.387922
vn -0.100875 -0.911684 0.398317
vn -0.508469 -0.789058 0.344742
vn -0.508471 -0.789057 0.344741
vn -0.732103 -0.624218 0.272724
vn -0.732102 -0.624218 0.272724
vn -0.888108 -0.421190 0.184021
vn -0.888107 -0.421191 0.184022
vn -0.973840 -0.208229 0.090976
vn -0.973839 -0.208231 0.090976
vn -0.998538 0.049533 -0.021641
vn -0.998538 0.049533 -0.021641
vn -0.944864 0.300074 -0.131100
vn -0.944863 0.300077 -0.131102
vn -0.735096 0.621258 -0.271427
vn -0.735095 0.621259 -0.271428
vn -0.375637 0.849250 -0.371041
vn -0.375639 0.849249 -0.371041
vn -0.087552 0.912838 -0.398825
vn -0.087550 0.912838 -0.398825
vn 0.277660 0.880326 -0.384617
vn 0.277654 0.880328 -0.384618
vn 0.542360 0.769876 -0.336358
vn 0.542360 0.769876 -0.336358
vn 0.951501 0.281917 -0.123164
vn 0.989170 0.134502 -0.058762
vn 0.989170 0.134498 -0.058760
vn 0.951501 0.281917 -0.123164
vn 0.999992 0.003587 -0.001567
vn 0.999992 0.003587 -0.001567
vn 1.000000 0.000000 0.000000
vn 1.000000 0.000000 0.000000
vn 0.119538 -0.909791 0.397481
vn 0.103285 -0.911461 0.398211
vn 0.103284 -0.911461 0.398211
vn 0.119538 -0.909791 0.397481
vn 0.069170 -0.914163 0.399402
vn 0.069171 -0.914163 0.399402
vn 0.035354 -0.915783 0.400114
vn 0.035355 -0.915783 0.400114
vn -0.000001 0.400361 0.916357
vn -0.000001 0.400361 0.916358
vn -0.000001 0.400361 0.916358
vn -0.000001 0.400361 0.916358
vn -0.000001 0.400361 0.916357
vn -0.000001 0.400361 0.916358
vn -0.000001 0.400361 0.916358
vn -0.000001 0.400361 0.916357
vn -0.000001 0.400361 0.916358
vn -0.000001 0.400361 0.916357
vn -0.000001 0.400361 0.916357
vn -0.000001 0.400361 0.916357
vn -0.000001 0.400361 0.916358
vn -0.000001 0.400361 0.916357
vn -0.000001 0.400361 0.916357
vn -0.000001 0.400361 0.916357
vn -0.000001 0.400361 0.916358
vn -0.000001 0.400361 0.916358
vn -0.000001 0.400361 0.916358
vn -0.000001 0.400361 0.916357
vn -0.000001 0.400361 0.916357
vn -0.000001 0.400361 0.916357
vn -0.000001 0.400361 0.916357
vn -0.000001 0.400361 0.916357
vn -0.000001 0.400361 0.916358
vn -0.000001 0.400361 0.916357
vn -0.000001 0.400361 0.916358
vn -0.000001 0.400361 0.916358
vn -0.000001 0.400361 0.916358
vn -0.000001 0.400361 0.916358
vn -0.000001 0.400361 0.916357
vn -0.000001 0.400361 0.916357
vn -0.000001 0.400361 0.916358
vn -0.000001 0.400361 0.916357
vn -0.000001 0.400361 0.916357
vn -0.000001 0.400361 0.916357
vn -0.000001 0.400361 0.916357
vn -0.000001 0.400361 0.916357
vn -0.000001 0.400361 0.916357
vn -0.000001 0.400361 0.916358
vn -0.000001 0.400361 0.916358
vn -0.000001 0.400361 0.916357
vn -0.000001 0.400361 0.916358
vn -0.000001 0.400361 0.916357
vn -0.000001 0.400361 0.916358
vn -0.000001 0.400361 0.916358
vn -0.070393 0.914083 -0.399371
vn -0.233594 0.891006 -0.389284
vn -0.233593 0.891006 -0.389284
vn -0.070394 0.914083 -0.399371
vn -0.483682 0.802036 -0.350414
vn -0.483682 0.802036 -0.350414
vn -0.710067 0.645238 -0.281909
vn -0.710068 0.645238 -0.281908
vn -0.877834 0.438904 -0.191759
vn -0.877833 0.438905 -0.191759
vn -0.972293 0.214214 -0.093591
vn -0.972293 0.214214 -0.093591
vn -0.999978 -0.006058 0.002647
vn -0.999978 -0.006057 0.002647
vn -0.966558 -0.234998 0.102672
vn -0.966558 -0.234997 0.102671
vn -0.861349 -0.465523 0.203389
vn -0.861349 -0.465522 0.203389
vn -0.691576 -0.661889 0.289182
vn -0.691576 -0.661889 0.289182
vn -0.475482 -0.806143 0.352208
vn -0.475481 -0.806144 0.352208
vn -0.236052 -0.890461 0.389048
vn -0.236052 -0.890461 0.389048
vn 0.005773 -0.916341 0.400357
vn 0.005773 -0.916341 0.400357
vn 0.246868 -0.887995 0.387971
vn 0.246868 -0.887995 0.387971
vn 0.501308 -0.792896 0.346419
vn 0.501307 -0.792897 0.346419
vn 0.720387 -0.635561 0.277679
vn 0.720386 -0.635561 0.277679
vn 0.879026 -0.436895 0.190881
vn 0.879027 -0.436894 0.190881
vn 0.970930 -0.219344 0.095832
vn 0.970930 -0.219343 0.095831
vn 0.999910 0.012285 -0.005368
vn 0.999910 0.012285 -0.005368
vn 0.965176 0.239721 -0.104735
vn 0.965176 0.239721 -0.104735
vn 0.854195 0.476464 -0.208167
vn 0.854195 0.476464 -0.208167
vn 0.669100 0.681013 -0.297533
vn 0.669101 0.681012 -0.297533
vn 0.496019 0.795686 -0.347635
vn 0.496020 0.795685 -0.347635
vn 0.303565 0.873116 -0.381466
vn 0.303566 0.873116 -0.381465
vn 0.180831 0.901250 -0.393761
vn 0.180830 0.901250 -0.393762
vn 0.077804 0.913577 -0.399153
vn 0.077803 0.913577 -0.399153
vn -0.064846 -0.914428 0.399519
vn -0.387845 -0.844629 0.369023
vn -0.387843 -0.844630 0.369024
vn -0.064848 -0.914428 0.399519
vn -0.732336 -0.623989 0.272622
vn -0.732335 -0.623989 0.272622
vn -0.941470 -0.308901 0.134960
vn -0.941470 -0.308902 0.134960
vn -1.000000 0.000587 -0.000256
vn -1.000000 0.000587 -0.000256
vn -0.939033 0.315069 -0.137654
vn -0.939032 0.315071 -0.137656
vn -0.729970 0.626312 -0.273636
vn -0.729970 0.626312 -0.273636
vn -0.390696 0.843526 -0.368538
vn -0.390697 0.843526 -0.368538
vn 0.002544 0.916356 -0.400357
vn 0.002543 0.916356 -0.400357
vn 0.399036 0.840241 -0.367104
vn 0.399037 0.840241 -0.367103
vn 0.731656 0.624658 -0.272915
vn 0.731658 0.624656 -0.272914
vn 0.937181 0.319665 -0.139663
vn 0.937180 0.319667 -0.139664
vn 0.998505 0.050087 -0.021883
vn 0.998505 0.050088 -0.021883
vn 0.972641 -0.212882 0.093009
vn 0.972641 -0.212883 0.093009
vn 0.882843 -0.430385 0.188035
vn 0.882843 -0.430384 0.188035
vn 0.730790 -0.625509 0.273285
vn 0.730791 -0.625508 0.273284
vn 0.524195 -0.780369 0.340946
vn 0.524195 -0.780369 0.340946
vn 0.274424 -0.881177 0.384991
vn 0.274423 -0.881178 0.384991
vn -0.000001 0.400360 0.916358
vn -0.000001 0.400360 0.916358
vn -0.000001 0.400360 0.916358
vn -0.000001 0.400360 0.916358
vn -0.000001 0.400360 0.916358
vn -0.000001 0.400360 0.916358
vn -0.000001 0.400360 0.916358
vn -0.000001 0.400360 0.916358
vn -0.000001 0.400360 0.916358
vn -0.000001 0.400360 0.916358
vn -0.000001 0.400360 0.916358
vn -0.000001 0.400360 0.916358
vn -0.000001 0.400360 0.916358
vn -0.000001 0.400360 0.916358
vn -0.000001 0.400360 0.916358
vn -0.000001 0.400360 0.916358
vn -0.000001 0.400360 0.916358
vn -0.000001 0.400360 0.916358
vn -0.000001 0.400360 0.916358
vn -0.000001 0.400360 0.916358
vn -0.000001 0.400360 0.916358
vn -0.000001 0.400360 0.916358
vn -0.000001 0.400360 0.916358
vn -0.000001 0.400360 0.916358
vn -0.000001 0.400360 0.916358
vn -0.000001 0.400360 0.916358
vn -0.000001 0.400360 0.916358
vn -0.000001 0.400360 0.916358
vn -0.000001 0.400360 0.916358
vn -0.000001 0.400360 0.916358
vn -0.000001 0.400360 0.916358
vn -0.000001 0.400360 0.916358
vn -0.000001 0.400360 0.916358
vn -0.000001 0.400360 0.916358
vn -0.000001 0.400360 0.916358
vn -0.000001 0.400360 0.916358
vn -0.000001 0.400360 0.916358
vn -0.000001 0.400360 0.916358
vn -0.000001 0.400360 0.916358
vn -0.000001 0.400360 0.916358
vn -0.000001 0.400360 0.916358
vn -0.000001 0.400360 0.916358
vn -0.000001 0.400360 0.916358
vn -0.000001 0.400360 0.916358
s 1
g group1 DonPollo
usemtl lambert4SG
f 659/1243/1299 658/1244/1300 665/1245/1301 664/1246/1302
f 658/1247/1300 657/1248/1303 666/1249/1304 665/1250/1301
f 657/1248/1303 662/1251/1305 670/1252/1306 666/1249/1304
f 662/1253/1305 661/1254/1307 671/1255/1308 670/1256/1306
f 664/1246/1302 672/1257/1309 676/1258/1310 659/1243/1299
f 672/1259/1309 674/1260/1311 677/1261/1312 676/1262/1310
f 674/1260/1311 675/1263/1313 679/1264/1314 677/1261/1312
f 675/1265/1313 671/1255/1308 661/1254/1307 679/1266/1314
f 658/1244/1300 659/1243/1299 655/1267/1315 680/1268/1316
f 697/1269/1317 696/1270/1318 698/1271/1319 699/1272/1320
f 656/1273/1321 657/1248/1303 658/1247/1300 680/1274/1316
f 698/1271/1319 696/1270/1318 700/1275/1322 701/1276/1323
f 660/1277/1324 661/1254/1307 662/1253/1305 681/1278/1325
f 662/1251/1305 657/1248/1303 656/1273/1321 681/1279/1325
f 667/1280/1326 668/1281/1327 663/1282/1328 682/1283/1329
f 663/1284/1328 664/1246/1302 665/1245/1301 682/1285/1329
f 665/1250/1301 666/1249/1304 667/1286/1326 682/1287/1329
f 670/1256/1306 671/1255/1308 669/1288/1330 683/1289/1331
f 669/1290/1330 668/1281/1327 667/1280/1326 683/1291/1331
f 667/1286/1326 666/1249/1304 670/1252/1306 683/1292/1331
f 673/1293/1332 674/1260/1311 672/1259/1309 684/1294/1333
f 672/1257/1309 664/1246/1302 663/1284/1328 684/1295/1333
f 663/1282/1328 668/1281/1327 673/1296/1332 684/1297/1333
f 669/1288/1330 671/1255/1308 675/1265/1313 685/1298/1334
f 675/1263/1313 674/1260/1311 673/1293/1332 685/1299/1334
f 673/1296/1332 668/1281/1327 669/1290/1330 685/1300/1334
f 702/1301/1335 696/1270/1318 697/1269/1317 703/1302/1336
f 655/1267/1315 659/1243/1299 676/1258/1310 686/1303/1337
f 676/1262/1310 677/1261/1312 678/1304/1338 686/1305/1337
f 679/1266/1314 661/1254/1307 660/1277/1324 687/1306/1339
f 700/1275/1322 696/1270/1318 702/1301/1335 704/1307/1340
f 678/1304/1338 677/1261/1312 679/1264/1314 687/1308/1339
f 656/1273/1321 680/1274/1316 690/1309/1341 689/1310/1342
f 680/1268/1316 655/1267/1315 688/1311/1343 690/1312/1341
f 660/1277/1324 681/1278/1325 692/1313/1344 691/1314/1345
f 681/1279/1325 656/1273/1321 689/1310/1342 692/1315/1344
f 655/1267/1315 686/1303/1337 694/1316/1346 688/1311/1343
f 686/1305/1337 678/1304/1338 693/1317/1347 694/1318/1346
f 678/1304/1338 687/1308/1339 695/1319/1348 693/1317/1347
f 687/1306/1339 660/1277/1324 691/1314/1345 695/1320/1348
f 689/1310/1342 690/1309/1341 699/1321/1320 698/1322/1319
f 690/1312/1341 688/1311/1343 697/1323/1317 699/1324/1320
f 691/1314/1345 692/1313/1344 701/1325/1323 700/1326/1322
f 692/1315/1344 689/1310/1342 698/1322/1319 701/1327/1323
f 688/1311/1343 694/1316/1346 703/1328/1336 697/1323/1317
f 694/1318/1346 693/1317/1347 702/1329/1335 703/1330/1336
f 693/1317/1347 695/1319/1348 704/1331/1340 702/1329/1335
f 695/1320/1348 691/1314/1345 700/1326/1322 704/1332/1340
s 4
f 705/1333/1349 706/1334/1350 750/1335/1351 749/1336/1352
f 706/1334/1350 707/1337/1353 751/1338/1354 750/1335/1351
f 707/1339/1353 708/1340/1355 752/1341/1356 751/1342/1354
f 708/1340/1355 709/1343/1357 753/1344/1358 752/1341/1356
f 709/1343/1357 710/1345/1359 754/1346/1360 753/1344/1358
f 710/1345/1359 711/1347/1361 755/1348/1362 754/1346/1360
f 711/1347/1361 712/1349/1363 756/1350/1364 755/1348/1362
f 712/1349/1363 713/1351/1365 757/1352/1366 756/1350/1364
f 713/1351/1365 714/1353/1367 758/1354/1368 757/1352/1366
f 714/1353/1367 715/1355/1369 759/1356/1370 758/1354/1368
f 715/1357/1369 716/1358/1371 760/1359/1372 759/1360/1370
f 716/1358/1371 717/1361/1373 761/1362/1374 760/1359/1372
f 717/1361/1373 718/1363/1375 762/1364/1376 761/1362/1374
f 718/1363/1375 719/1365/1377 763/1366/1378 762/1364/1376
f 719/1367/1377 720/1368/1379 764/1369/1380 763/1370/1378
f 720/1368/1379 721/1371/1381 765/1372/1382 764/1369/1380
f 721/1371/1381 722/1373/1383 766/1374/1384 765/1372/1382
f 722/1373/1383 723/1375/1385 767/1376/1386 766/1374/1384
f 723/1375/1385 724/1377/1387 768/1378/1388 767/1376/1386
f 724/1377/1387 725/1379/1389 769/1380/1390 768/1378/1388
f 725/1379/1389 726/1381/1391 770/1382/1392 769/1380/1390
f 726/1381/1391 727/1383/1393 771/1384/1394 770/1382/1392
f 727/1385/1393 728/1386/1395 772/1387/1396 771/1388/1394
f 728/1386/1395 729/1389/1397 773/1390/1398 772/1387/1396
f 729/1389/1397 730/1391/1399 774/1392/1400 773/1390/1398
f 730/1391/1399 705/1333/1349 749/1336/1352 774/1392/1400
s 5
f 731/1393/1401 732/1394/1402 776/1395/1403 775/1396/1404
f 732/1397/1402 733/1398/1405 777/1399/1406 776/1400/1403
f 733/1398/1405 734/1401/1407 778/1402/1408 777/1399/1406
f 734/1401/1407 735/1403/1409 779/1404/1410 778/1402/1408
f 735/1403/1409 736/1405/1411 780/1406/1412 779/1404/1410
f 736/1405/1411 737/1407/1413 781/1408/1414 780/1406/1412
f 737/1407/1413 738/1409/1415 782/1410/1416 781/1408/1414
f 738/1411/1415 739/1412/1417 783/1413/1418 782/1414/1416
f 739/1412/1417 740/1415/1419 784/1416/1420 783/1413/1418
f 740/1417/1419 741/1418/1421 785/1419/1422 784/1420/1420
f 741/1418/1421 742/1421/1423 786/1422/1424 785/1419/1422
f 742/1421/1423 743/1423/1425 787/1424/1426 786/1422/1424
f 743/1423/1425 744/1425/1427 788/1426/1428 787/1424/1426
f 744/1425/1427 745/1427/1429 789/1428/1430 788/1426/1428
f 745/1427/1429 746/1429/1431 790/1430/1432 789/1428/1430
f 746/1429/1431 747/1431/1433 791/1432/1434 790/1430/1432
f 747/1433/1433 748/1434/1435 792/1435/1436 791/1436/1434
f 748/1434/1435 731/1393/1401 775/1396/1404 792/1435/1436
s off
f 749/1437/1437 750/1438/1438 751/1439/1439 752/1440/1440 753/1441/1441 754/1442/1442 755/1443/1443 756/1444/1444 757/1445/1445 758/1446/1446 759/1447/1447 760/1448/1448 761/1449/1449 762/1450/1450 763/1451/1451 764/1452/1452 765/1453/1453 766/1454/1454 767/1455/1455 768/1456/1456 769/1457/1457 770/1458/1458 771/1459/1459 772/1460/1460 773/1461/1461 774/1462/1462 775/1463/1463 776/1464/1464 777/1465/1465 778/1466/1466 779/1467/1467 780/1468/1468 781/1469/1469 782/1470/1470 783/1471/1471 784/1472/1472 785/1473/1473 786/1474/1474 787/1475/1475 788/1476/1476 789/1477/1477 790/1478/1478 791/1479/1479 792/1480/1480
s 6
f 793/1481/1481 794/1482/1482 833/1483/1483 832/1484/1484
f 794/1482/1482 795/1485/1485 834/1486/1486 833/1483/1483
f 795/1485/1485 796/1487/1487 835/1488/1488 834/1486/1486
f 796/1487/1487 797/1489/1489 836/1490/1490 835/1488/1488
f 797/1489/1489 798/1491/1491 837/1492/1492 836/1490/1490
f 798/1491/1491 799/1493/1493 838/1494/1494 837/1492/1492
f 799/1493/1493 800/1495/1495 839/1496/1496 838/1494/1494
f 800/1495/1495 801/1497/1497 840/1498/1498 839/1496/1496
s off
f 801/1499/1499 802/1500/1500 841/1501/1501 840/1502/1502
f 802/1503/1503 803/1504/1504 842/1505/1505 841/1506/1506
s 7
f 803/1507/1507 804/1508/1508 843/1509/1509 842/1510/1510
f 804/1508/1508 805/1511/1511 844/1512/1512 843/1509/1509
f 805/1511/1511 806/1513/1513 845/1514/1514 844/1512/1512
f 806/1513/1513 807/1515/1515 846/1516/1516 845/1514/1514
f 807/1515/1515 808/1517/1517 847/1518/1518 846/1516/1516
f 808/1517/1517 809/1519/1519 848/1520/1520 847/1518/1518
f 809/1519/1519 810/1521/1521 849/1522/1522 848/1520/1520
s off
f 810/1523/1523 811/1524/1524 850/1525/1525 849/1526/1526
f 811/1527/1527 812/1528/1528 851/1529/1529 850/1530/1530
f 812/1531/1531 813/1532/1532 852/1533/1533 851/1534/1534
f 813/1535/1535 814/1536/1536 853/1537/1537 852/1538/1538
f 814/1539/1539 815/1540/1540 854/1541/1541 853/1542/1542
s 8
f 815/1540/1543 816/1543/1544 855/1544/1545 854/1541/1546
f 816/1543/1544 817/1545/1547 856/1546/1548 855/1544/1545
f 817/1545/1547 818/1547/1549 857/1548/1550 856/1546/1548
f 818/1547/1549 819/1549/1551 858/1550/1552 857/1548/1550
f 819/1549/1551 820/1551/1553 859/1552/1554 858/1550/1552
f 820/1551/1553 821/1553/1555 860/1554/1556 859/1552/1554
f 821/1553/1555 822/1555/1557 861/1556/1558 860/1554/1556
f 822/1557/1557 823/1558/1559 862/1559/1560 861/1560/1558
f 823/1558/1559 824/1561/1561 863/1562/1562 862/1559/1560
f 824/1561/1561 825/1563/1563 864/1564/1564 863/1562/1562
f 825/1563/1563 826/1565/1565 865/1566/1566 864/1564/1564
f 826/1565/1565 827/1567/1567 866/1568/1568 865/1566/1566
f 827/1567/1567 828/1569/1569 867/1570/1570 866/1568/1568
f 828/1569/1569 829/1571/1571 868/1572/1572 867/1570/1570
f 829/1571/1571 830/1573/1573 869/1574/1574 868/1572/1572
s off
f 830/1575/1575 831/1576/1576 870/1577/1577 869/1578/1578
f 831/1579/1579 793/1580/1580 832/1581/1581 870/1582/1582
f 832/1583/1583 833/1584/1584 834/1585/1585 835/1586/1586 836/1587/1587 837/1588/1588 838/1589/1589 839/1590/1590 840/1591/1591 841/1592/1592 842/1593/1593 843/1594/1594 844/1595/1595 845/1596/1596 846/1597/1597 847/1598/1598 848/1599/1599 849/1600/1600 850/1601/1601 851/1602/1602 852/1603/1603 853/1604/1604 854/1605/1605 855/1606/1606 856/1607/1607 857/1608/1608 858/1609/1609 859/1610/1610 860/1611/1611 861/1612/1612 862/1613/1613 863/1614/1614 864/1615/1615 865/1616/1616 866/1617/1617 867/1618/1618 868/1619/1619 869/1620/1620 870/1621/1621
f 871/1622/1622 872/1623/1623 874/1624/1624 873/1625/1625
f 873/1626/1626 874/1627/1627 876/1628/1628 875/1629/1629
f 875/1630/1630 876/1631/1631 878/1632/1632 877/1633/1633
f 877/1634/1634 878/1635/1635 872/1636/1636 871/1637/1637
f 872/1638/1638 878/1639/1639 876/1640/1640 874/1641/1641
f 877/1642/1642 871/1643/1643 873/1644/1644 875/1645/1645
s 9
f 879/1646/1646 880/1647/1647 940/1648/1648 939/1649/1649
s off
f 880/1650/1650 881/1651/1651 941/1652/1652 940/1653/1653
f 881/1654/1654 882/1655/1655 942/1656/1656 941/1657/1657
s 10
f 882/1658/1658 883/1659/1659 943/1660/1660 942/1661/1661
f 883/1659/1659 884/1662/1662 944/1663/1663 943/1660/1660
f 884/1662/1662 885/1664/1664 945/1665/1665 944/1663/1663
f 885/1664/1664 886/1666/1666 946/1667/1667 945/1665/1665
f 886/1666/1666 887/1668/1668 947/1669/1669 946/1667/1667
f 887/1668/1668 888/1670/1670 948/1671/1671 947/1669/1669
f 888/1670/1670 889/1672/1672 949/1673/1673 948/1671/1671
s off
f 889/1674/1674 890/1675/1675 950/1676/1676 949/1677/1677
f 890/1678/1678 891/1679/1679 951/1680/1680 950/1681/1681
s 11
f 891/1682/1682 892/1683/1683 952/1684/1684 951/1685/1685
f 892/1683/1683 893/1686/1686 953/1687/1687 952/1684/1684
f 893/1686/1686 894/1688/1688 954/1689/1689 953/1687/1687
f 894/1688/1688 895/1690/1690 955/1691/1691 954/1689/1689
f 895/1690/1690 896/1692/1692 956/1693/1693 955/1691/1691
f 896/1692/1692 897/1694/1694 957/1695/1695 956/1693/1693
f 897/1694/1694 898/1696/1696 958/1697/1697 957/1695/1695
f 898/1696/1696 899/1698/1698 959/1699/1699 958/1697/1697
s off
f 899/1700/1700 900/1701/1701 960/1702/1702 959/1703/1703
f 900/1704/1704 901/1705/1705 961/1706/1706 960/1707/1707
s 12
f 901/1708/1708 902/1709/1709 962/1710/1710 961/1711/1711
f 902/1709/1709 903/1712/1712 963/1713/1713 962/1710/1710
f 903/1712/1712 904/1714/1714 964/1715/1715 963/1713/1713
f 904/1714/1714 905/1716/1716 965/1717/1717 964/1715/1715
s 13
f 905/1718/1718 906/1719/1719 966/1720/1720 965/1721/1721
f 906/1719/1719 907/1722/1722 967/1723/1723 966/1720/1720
f 907/1722/1722 908/1724/1724 968/1725/1725 967/1723/1723
f 908/1724/1724 909/1726/1726 969/1727/1727 968/1725/1725
f 909/1726/1726 910/1728/1728 970/1729/1729 969/1727/1727
f 910/1728/1728 911/1730/1730 971/1731/1731 970/1729/1729
f 911/1732/1730 912/1733/1732 972/1734/1733 971/1735/1731
f 912/1733/1732 913/1736/1734 973/1737/1735 972/1734/1733
f 913/1736/1734 914/1738/1736 974/1739/1737 973/1737/1735
f 914/1738/1736 915/1740/1738 975/1741/1739 974/1739/1737
f 915/1742/1738 916/1743/1740 976/1744/1741 975/1745/1739
f 916/1743/1740 917/1746/1742 977/1747/1743 976/1744/1741
f 917/1746/1742 918/1748/1744 978/1749/1745 977/1747/1743
f 918/1748/1744 919/1750/1746 979/1751/1747 978/1749/1745
f 919/1750/1746 920/1752/1748 980/1753/1749 979/1751/1747
f 920/1752/1748 921/1754/1750 981/1755/1751 980/1753/1749
f 921/1754/1750 922/1756/1752 982/1757/1753 981/1755/1751
s off
f 922/1758/1754 923/1759/1755 983/1760/1756 982/1761/1757
s 9
f 923/1762/1758 924/1763/1759 984/1764/1760 983/1765/1761
f 924/1763/1759 925/1766/1762 985/1767/1763 984/1764/1760
f 925/1766/1762 926/1768/1764 986/1769/1765 985/1767/1763
f 926/1768/1764 927/1770/1766 987/1771/1767 986/1769/1765
f 927/1770/1766 928/1772/1768 988/1773/1769 987/1771/1767
f 928/1774/1768 929/1775/1770 989/1776/1771 988/1777/1769
f 929/1775/1770 930/1778/1772 990/1779/1773 989/1776/1771
f 930/1778/1772 931/1780/1774 991/1781/1775 990/1779/1773
f 931/1780/1774 932/1782/1776 992/1783/1777 991/1781/1775
f 932/1782/1776 933/1784/1778 993/1785/1779 992/1783/1777
f 933/1784/1778 934/1786/1780 994/1787/1781 993/1785/1779
f 934/1788/1780 935/1789/1782 995/1790/1783 994/1791/1781
f 935/1789/1782 936/1792/1784 996/1793/1785 995/1790/1783
f 936/1792/1784 937/1794/1786 997/1795/1787 996/1793/1785
f 937/1794/1786 938/1796/1788 998/1797/1789 997/1795/1787
f 938/1796/1788 879/1646/1646 939/1649/1649 998/1797/1789
s off
f 939/1798/1790 940/1799/1791 941/1800/1792 942/1801/1793 943/1802/1794 944/1803/1795 945/1804/1796 946/1805/1797 947/1806/1798 948/1807/1799 949/1808/1800 950/1809/1801 951/1810/1802 952/1811/1803 953/1812/1804 954/1813/1805 955/1814/1806 956/1815/1807 957/1816/1808 958/1817/1809 959/1818/1810 960/1819/1811 961/1820/1812 962/1821/1813 963/1822/1814 964/1823/1815 965/1824/1816 966/1825/1817 967/1826/1818 968/1827/1819 969/1828/1820 970/1829/1821 971/1830/1822 972/1831/1823 973/1832/1824 974/1833/1825 975/1834/1826 976/1835/1827 977/1836/1828 978/1837/1829 979/1838/1830 980/1839/1831 981/1840/1832 982/1841/1833 983/1842/1834 984/1843/1835 985/1844/1836 986/1845/1837 987/1846/1838 988/1847/1839 989/1848/1840 990/1849/1841 991/1850/1842 992/1851/1843 993/1852/1844 994/1853/1845 995/1854/1846 996/1855/1847 997/1856/1848 998/1857/1849
s 15
f 999/1858/1850 1000/1859/1851 1039/1860/1852 1038/1861/1853
f 1000/1859/1851 1001/1862/1854 1040/1863/1855 1039/1860/1852
f 1001/1862/1854 1002/1864/1856 1041/1865/1857 1040/1863/1855
f 1002/1864/1856 1003/1866/1858 1042/1867/1859 1041/1865/1857
f 1003/1866/1858 1004/1868/1860 1043/1869/1861 1042/1867/1859
f 1004/1868/1860 1005/1870/1862 1044/1871/1863 1043/1869/1861
f 1005/1870/1862 1006/1872/1864 1045/1873/1865 1044/1871/1863
f 1006/1872/1864 1007/1874/1866 1046/1875/1867 1045/1873/1865
s off
f 1007/1876/1868 1008/1877/1869 1047/1878/1870 1046/1879/1871
f 1008/1880/1872 1009/1881/1873 1048/1882/1874 1047/1883/1875
s 16
f 1009/1884/1876 1010/1885/1877 1049/1886/1878 1048/1887/1879
f 1010/1885/1877 1011/1888/1880 1050/1889/1881 1049/1886/1878
f 1011/1888/1880 1012/1890/1882 1051/1891/1883 1050/1889/1881
f 1012/1890/1882 1013/1892/1884 1052/1893/1885 1051/1891/1883
f 1013/1892/1884 1014/1894/1886 1053/1895/1887 1052/1893/1885
f 1014/1894/1886 1015/1896/1888 1054/1897/1889 1053/1895/1887
f 1015/1896/1888 1016/1898/1890 1055/1899/1891 1054/1897/1889
s off
f 1016/1900/1892 1017/1901/1893 1056/1902/1894 1055/1903/1895
f 1017/1904/1896 1018/1905/1897 1057/1906/1898 1056/1907/1899
f 1018/1908/1900 1019/1909/1901 1058/1910/1902 1057/1911/1903
f 1019/1912/1904 1020/1913/1905 1059/1914/1906 1058/1915/1907
f 1020/1916/1908 1021/1917/1909 1060/1918/1910 1059/1919/1911
s 17
f 1021/1917/1912 1022/1920/1913 1061/1921/1914 1060/1918/1915
f 1022/1920/1913 1023/1922/1916 1062/1923/1917 1061/1921/1914
f 1023/1922/1916 1024/1924/1918 1063/1925/1919 1062/1923/1917
f 1024/1924/1918 1025/1926/1920 1064/1927/1921 1063/1925/1919
f 1025/1926/1920 1026/1928/1922 1065/1929/1923 1064/1927/1921
f 1026/1928/1922 1027/1930/1924 1066/1931/1925 1065/1929/1923
f 1027/1930/1924 1028/1932/1926 1067/1933/1927 1066/1931/1925
f 1028/1934/1926 1029/1935/1928 1068/1936/1929 1067/1937/1927
f 1029/1935/1928 1030/1938/1930 1069/1939/1931 1068/1936/1929
f 1030/1938/1930 1031/1940/1932 1070/1941/1933 1069/1939/1931
f 1031/1940/1932 1032/1942/1934 1071/1943/1935 1070/1941/1933
f 1032/1942/1934 1033/1944/1936 1072/1945/1937 1071/1943/1935
f 1033/1944/1936 1034/1946/1938 1073/1947/1939 1072/1945/1937
f 1034/1946/1938 1035/1948/1940 1074/1949/1941 1073/1947/1939
f 1035/1948/1940 1036/1950/1942 1075/1951/1943 1074/1949/1941
s off
f 1036/1952/1944 1037/1953/1945 1076/1954/1946 1075/1955/1947
f 1037/1956/1948 999/1957/1949 1038/1958/1950 1076/1959/1951
f 1038/1960/1952 1039/1961/1953 1040/1962/1954 1041/1963/1955 1042/1964/1956 1043/1965/1957 1044/1966/1958 1045/1967/1959 1046/1968/1960 1047/1969/1961 1048/1970/1962 1049/1971/1963 1050/1972/1964 1051/1973/1965 1052/1974/1966 1053/1975/1967 1054/1976/1968 1055/1977/1969 1056/1978/1970 1057/1979/1971 1058/1980/1972 1059/1981/1973 1060/1982/1974 1061/1983/1975 1062/1984/1976 1063/1985/1977 1064/1986/1978 1065/1987/1979 1066/1988/1980 1067/1989/1981 1068/1990/1982 1069/1991/1983 1070/1992/1984 1071/1993/1985 1072/1994/1986 1073/1995/1987 1074/1996/1988 1075/1997/1989 1076/1998/1990
s 18
f 1077/1999/1991 1078/2000/1992 1122/2001/1993 1121/2002/1994
f 1078/2000/1992 1079/2003/1995 1123/2004/1996 1122/2001/1993
f 1079/2005/1995 1080/2006/1997 1124/2007/1998 1123/2008/1996
f 1080/2006/1997 1081/2009/1999 1125/2010/2000 1124/2007/1998
f 1081/2009/1999 1082/2011/2001 1126/2012/2002 1125/2010/2000
f 1082/2011/2001 1083/2013/2003 1127/2014/2004 1126/2012/2002
f 1083/2013/2003 1084/2015/2005 1128/2016/2006 1127/2014/2004
f 1084/2015/2005 1085/2017/2007 1129/2018/2008 1128/2016/2006
f 1085/2017/2007 1086/2019/2009 1130/2020/2010 1129/2018/2008
f 1086/2019/2009 1087/2021/2011 1131/2022/2012 1130/2020/2010
f 1087/2023/2011 1088/2024/2013 1132/2025/2014 1131/2026/2012
f 1088/2024/2013 1089/2027/2015 1133/2028/2016 1132/2025/2014
f 1089/2027/2015 1090/2029/2017 1134/2030/2018 1133/2028/2016
f 1090/2029/2017 1091/2031/2019 1135/2032/2020 1134/2030/2018
f 1091/2033/2019 1092/2034/2021 1136/2035/2022 1135/2036/2020
f 1092/2034/2021 1093/2037/2023 1137/2038/2024 1136/2035/2022
f 1093/2037/2023 1094/2039/2025 1138/2040/2026 1137/2038/2024
f 1094/2039/2025 1095/2041/2027 1139/2042/2028 1138/2040/2026
f 1095/2041/2027 1096/2043/2029 1140/2044/2030 1139/2042/2028
f 1096/2043/2029 1097/2045/2031 1141/2046/2032 1140/2044/2030
f 1097/2045/2031 1098/2047/2033 1142/2048/2034 1141/2046/2032
f 1098/2047/2033 1099/2049/2035 1143/2050/2036 1142/2048/2034
f 1099/2051/2035 1100/2052/2037 1144/2053/2038 1143/2054/2036
f 1100/2052/2037 1101/2055/2039 1145/2056/2040 1144/2053/2038
f 1101/2055/2039 1102/2057/2041 1146/2058/2042 1145/2056/2040
f 1102/2057/2041 1077/1999/1991 1121/2002/1994 1146/2058/2042
s 19
f 1103/2059/2043 1104/2060/2044 1148/2061/2045 1147/2062/2046
f 1104/2063/2044 1105/2064/2047 1149/2065/2048 1148/2066/2045
f 1105/2064/2047 1106/2067/2049 1150/2068/2050 1149/2065/2048
f 1106/2067/2049 1107/2069/2051 1151/2070/2052 1150/2068/2050
f 1107/2069/2051 1108/2071/2053 1152/2072/2054 1151/2070/2052
f 1108/2071/2053 1109/2073/2055 1153/2074/2056 1152/2072/2054
f 1109/2073/2055 1110/2075/2057 1154/2076/2058 1153/2074/2056
f 1110/2077/2057 1111/2078/2059 1155/2079/2060 1154/2080/2058
f 1111/2078/2059 1112/2081/2061 1156/2082/2062 1155/2079/2060
f 1112/2083/2061 1113/2084/2063 1157/2085/2064 1156/2086/2062
f 1113/2084/2063 1114/2087/2065 1158/2088/2066 1157/2085/2064
f 1114/2087/2065 1115/2089/2067 1159/2090/2068 1158/2088/2066
f 1115/2089/2067 1116/2091/2069 1160/2092/2070 1159/2090/2068
f 1116/2091/2069 1117/2093/2071 1161/2094/2072 1160/2092/2070
f 1117/2093/2071 1118/2095/2073 1162/2096/2074 1161/2094/2072
f 1118/2095/2073 1119/2097/2075 1163/2098/2076 1162/2096/2074
f 1119/2099/2075 1120/2100/2077 1164/2101/2078 1163/2102/2076
f 1120/2100/2077 1103/2059/2043 1147/2062/2046 1164/2101/2078
s off
f 1121/2103/2079 1122/2104/2080 1123/2105/2081 1124/2106/2082 1125/2107/2083 1126/2108/2084 1127/2109/2085 1128/2110/2086 1129/2111/2087 1130/2112/2088 1131/2113/2089 1132/2114/2090 1133/2115/2091 1134/2116/2092 1135/2117/2093 1136/2118/2094 1137/2119/2095 1138/2120/2096 1139/2121/2097 1140/2122/2098 1141/2123/2099 1142/2124/2100 1143/2125/2101 1144/2126/2102 1145/2127/2103 1146/2128/2104 1147/2129/2105 1148/2130/2106 1149/2131/2107 1150/2132/2108 1151/2133/2109 1152/2134/2110 1153/2135/2111 1154/2136/2112 1155/2137/2113 1156/2138/2114 1157/2139/2115 1158/2140/2116 1159/2141/2117 1160/2142/2118 1161/2143/2119 1162/2144/2120 1163/2145/2121 1164/2146/2122
f 1165/2147/2123 1166/2148/2124 1168/2149/2125 1167/2150/2126
f 1169/2151/2127 1170/2152/2128 1172/2153/2129 1171/2154/2130
f 1171/2155/2131 1172/2156/2132 1166/2157/2133 1165/2158/2134
f 1166/2159/2135 1172/2160/2136 1170/2161/2137 1168/2162/2138
f 1171/2163/2139 1165/2164/2140 1167/2165/2141 1169/2166/2142
f 1173/2167/2143 1174/2168/2144 1218/2169/2145 1217/2170/2146
s 20
f 1174/2171/2147 1175/2172/2148 1219/2173/2149 1218/2174/2150
f 1175/2172/2148 1176/2175/2151 1220/2176/2152 1219/2173/2149
f 1176/2175/2151 1177/2177/2153 1221/2178/2154 1220/2176/2152
f 1177/2177/2153 1178/2179/2155 1222/2180/2156 1221/2178/2154
s off
f 1178/2181/2157 1179/2182/2158 1223/2183/2159 1222/2184/2160
f 1179/2185/2161 1180/2186/2162 1224/2187/2163 1223/2188/2164
s 21
f 1180/2189/2165 1181/2190/2166 1225/2191/2167 1224/2192/2168
f 1181/2190/2166 1182/2193/2169 1226/2194/2170 1225/2191/2167
f 1182/2193/2169 1183/2195/2171 1227/2196/2172 1226/2194/2170
f 1183/2195/2171 1184/2197/2173 1228/2198/2174 1227/2196/2172
f 1184/2197/2173 1185/2199/2175 1229/2200/2176 1228/2198/2174
f 1185/2199/2175 1186/2201/2177 1230/2202/2178 1229/2200/2176
f 1186/2201/2177 1187/2203/2179 1231/2204/2180 1230/2202/2178
f 1187/2203/2179 1188/2205/2181 1232/2206/2182 1231/2204/2180
s off
f 1188/2207/2183 1189/2208/2184 1233/2209/2185 1232/2210/2186
s 22
f 1189/2211/2187 1190/2212/2188 1234/2213/2189 1233/2214/2190
f 1190/2215/2188 1191/2216/2191 1235/2217/2192 1234/2218/2189
f 1191/2216/2191 1192/2219/2193 1236/2220/2194 1235/2217/2192
f 1192/2219/2193 1193/2221/2195 1237/2222/2196 1236/2220/2194
f 1193/2221/2195 1194/2223/2197 1238/2224/2198 1237/2222/2196
s off
f 1194/2225/2199 1195/2226/2200 1239/2227/2201 1238/2228/2202
f 1195/2226/2203 1196/2229/2204 1240/2230/2205 1239/2227/2206
s 23
f 1196/2231/2207 1197/2232/2208 1241/2233/2209 1240/2234/2210
f 1197/2232/2208 1198/2235/2211 1242/2236/2212 1241/2233/2209
f 1198/2235/2211 1199/2237/2213 1243/2238/2214 1242/2236/2212
f 1199/2237/2213 1200/2239/2215 1244/2240/2216 1243/2238/2214
s off
f 1200/2241/2217 1201/2242/2218 1245/2243/2219 1244/2244/2220
f 1201/2245/2221 1202/2246/2222 1246/2247/2223 1245/2248/2224
s 24
f 1202/2249/2225 1203/2250/2226 1247/2251/2227 1246/2252/2228
f 1203/2250/2226 1204/2253/2229 1248/2254/2230 1247/2251/2227
f 1204/2253/2229 1205/2255/2231 1249/2256/2232 1248/2254/2230
f 1205/2255/2231 1206/2257/2233 1250/2258/2234 1249/2256/2232
f 1206/2257/2233 1207/2259/2235 1251/2260/2236 1250/2258/2234
f 1207/2259/2235 1208/2261/2237 1252/2262/2238 1251/2260/2236
f 1208/2261/2237 1209/2263/2239 1253/2264/2240 1252/2262/2238
f 1209/2263/2239 1210/2265/2241 1254/2266/2242 1253/2264/2240
s off
f 1210/2267/2243 1211/2268/2244 1255/2269/2245 1254/2270/2246
f 1211/2271/2247 1212/2272/2248 1256/2273/2249 1255/2274/2250
s 25
f 1212/2275/2251 1213/2276/2252 1257/2277/2253 1256/2278/2254
f 1213/2276/2252 1214/2279/2255 1258/2280/2256 1257/2277/2253
f 1214/2279/2255 1215/2281/2257 1259/2282/2258 1258/2280/2256
f 1215/2281/2257 1216/2283/2259 1260/2284/2260 1259/2282/2258
s off
f 1216/2285/2261 1173/2167/2262 1217/2170/2263 1260/2286/2264
f 1217/2287/2265 1218/2288/2266 1219/2289/2267 1220/2290/2268 1221/2291/2269 1222/2292/2270 1223/2293/2271 1224/2294/2272 1225/2295/2273 1226/2296/2274 1227/2297/2275 1228/2298/2276 1229/2299/2277 1230/2300/2278 1231/2301/2279 1232/2302/2280 1233/2303/2281 1234/2304/2282 1235/2305/2283 1236/2306/2284 1237/2307/2285 1238/2308/2286 1239/2309/2287 1240/2310/2288 1241/2311/2289 1242/2312/2290 1243/2313/2291 1244/2314/2292 1245/2315/2293 1246/2316/2294 1247/2317/2295 1248/2318/2296 1249/2319/2297 1250/2320/2298 1251/2321/2299 1252/2322/2300 1253/2323/2301 1254/2324/2302 1255/2325/2303 1256/2326/2304 1257/2327/2305 1258/2328/2306 1259/2329/2307 1260/2330/2308
f 1261/2331/2309 1262/2332/2310 1263/2333/2311 1264/2334/2312
f 1262/2335/2313 1261/2336/2314 1265/2337/2315 1266/2338/2316
f 1263/2333/2317 1262/2332/2318 1266/2339/2319 1267/2340/2320
f 1264/2341/2321 1263/2342/2322 1267/2343/2323 1268/2344/2324
f 1261/2331/2325 1264/2334/2326 1268/2345/2327 1265/2346/2328
f 1269/2347/2329 1270/2348/2330 1272/2349/2331 1271/2350/2332
f 1271/2351/2333 1272/2352/2334 1274/2353/2335 1273/2354/2336
f 1273/2355/2337 1274/2356/2338 1276/2357/2339 1275/2358/2340
f 1275/2359/2341 1276/2360/2342 1270/2361/2343 1269/2362/2344
f 1270/2363/2345 1276/2364/2346 1274/2365/2347 1272/2366/2348
f 1275/2367/2349 1269/2368/2350 1271/2369/2351 1273/2370/2352
s 26
f 1277/2371/2353 1278/2372/2354 1324/2373/2355 1323/2374/2356
s off
f 1278/2375/2357 1279/2376/2358 1325/2377/2359 1324/2378/2360
f 1279/2379/2361 1280/2380/2362 1326/2381/2363 1325/2382/2364
s 27
f 1280/2383/2365 1281/2384/2366 1327/2385/2367 1326/2386/2368
f 1281/2384/2366 1282/2387/2369 1328/2388/2370 1327/2385/2367
f 1282/2387/2369 1283/2389/2371 1329/2390/2372 1328/2388/2370
f 1283/2389/2371 1284/2391/2373 1330/2392/2374 1329/2390/2372
f 1284/2391/2373 1285/2393/2375 1331/2394/2376 1330/2392/2374
f 1285/2393/2375 1286/2395/2377 1332/2396/2378 1331/2394/2376
f 1286/2395/2377 1287/2397/2379 1333/2398/2380 1332/2396/2378
s off
f 1287/2399/2381 1288/2400/2382 1334/2401/2383 1333/2402/2384
f 1288/2403/2385 1289/2404/2386 1335/2405/2387 1334/2406/2388
s 26
f 1289/2407/2389 1290/2408/2390 1336/2409/2391 1335/2410/2392
f 1290/2408/2390 1291/2411/2393 1337/2412/2394 1336/2409/2391
f 1291/2411/2393 1292/2413/2395 1338/2414/2396 1337/2412/2394
f 1292/2413/2395 1293/2415/2397 1339/2416/2398 1338/2414/2396
f 1293/2417/2397 1294/2418/2399 1340/2419/2400 1339/2420/2398
f 1294/2418/2399 1295/2421/2401 1341/2422/2402 1340/2419/2400
f 1295/2421/2401 1296/2423/2403 1342/2424/2404 1341/2422/2402
f 1296/2423/2403 1297/2425/2405 1343/2426/2406 1342/2424/2404
f 1297/2425/2405 1298/2427/2407 1344/2428/2408 1343/2426/2406
f 1298/2427/2407 1299/2429/2409 1345/2430/2410 1344/2428/2408
f 1299/2431/2409 1300/2432/2411 1346/2433/2412 1345/2434/2410
f 1300/2432/2411 1301/2435/2413 1347/2436/2414 1346/2433/2412
f 1301/2435/2413 1302/2437/2415 1348/2438/2416 1347/2436/2414
f 1302/2437/2415 1303/2439/2417 1349/2440/2418 1348/2438/2416
f 1303/2439/2417 1277/2371/2353 1323/2374/2356 1349/2440/2418
s 29
f 1304/2441/2419 1305/2442/2420 1351/2443/2421 1350/2444/2422
f 1305/2442/2420 1306/2445/2423 1352/2446/2424 1351/2443/2421
f 1306/2447/2423 1307/2448/2425 1353/2449/2426 1352/2450/2424
f 1307/2448/2425 1308/2451/2427 1354/2452/2428 1353/2449/2426
f 1308/2451/2427 1309/2453/2429 1355/2454/2430 1354/2452/2428
f 1309/2453/2429 1310/2455/2431 1356/2456/2432 1355/2454/2430
f 1310/2455/2431 1311/2457/2433 1357/2458/2434 1356/2456/2432
f 1311/2457/2433 1312/2459/2435 1358/2460/2436 1357/2458/2434
f 1312/2459/2435 1313/2461/2437 1359/2462/2438 1358/2460/2436
f 1313/2463/2437 1314/2464/2439 1360/2465/2440 1359/2466/2438
f 1314/2464/2439 1315/2467/2441 1361/2468/2442 1360/2465/2440
f 1315/2469/2441 1316/2470/2443 1362/2471/2444 1361/2472/2442
s 30
f 1316/2470/2445 1317/2473/2446 1363/2474/2447 1362/2471/2448
f 1317/2473/2446 1318/2475/2449 1364/2476/2450 1363/2474/2447
f 1318/2475/2449 1319/2477/2451 1365/2478/2452 1364/2476/2450
s 29
f 1319/2479/2453 1320/2480/2454 1366/2481/2455 1365/2482/2456
f 1320/2480/2454 1321/2483/2457 1367/2484/2458 1366/2481/2455
f 1321/2483/2457 1322/2485/2459 1368/2486/2460 1367/2484/2458
f 1322/2485/2459 1304/2441/2419 1350/2444/2422 1368/2486/2460
s off
f 1323/2487/2461 1324/2488/2462 1325/2489/2463 1326/2490/2464 1327/2491/2465 1328/2492/2466 1329/2493/2467 1330/2494/2468 1331/2495/2469 1332/2496/2470 1333/2497/2471 1334/2498/2472 1335/2499/2473 1336/2500/2474 1337/2501/2475 1338/2502/2476 1339/2503/2477 1340/2504/2478 1341/2505/2479 1342/2506/2480 1343/2507/2481 1344/2508/2482 1345/2509/2483 1346/2510/2484 1347/2511/2485 1348/2512/2486 1349/2513/2487 1350/2514/2488 1351/2515/2489 1352/2516/2490 1353/2517/2491 1354/2518/2492 1355/2519/2493 1356/2520/2494 1357/2521/2495 1358/2522/2496 1359/2523/2497 1360/2524/2498 1361/2525/2499 1362/2526/2500 1363/2527/2501 1364/2528/2502 1365/2529/2503 1366/2530/2504 1367/2531/2505 1368/2532/2506
s 32
f 1369/2533/2507 1370/2534/2508 1414/2535/2509 1413/2536/2510
f 1370/2534/2508 1371/2537/2511 1415/2538/2512 1414/2535/2509
f 1371/2539/2511 1372/2540/2513 1416/2541/2514 1415/2542/2512
f 1372/2540/2513 1373/2543/2515 1417/2544/2516 1416/2541/2514
f 1373/2543/2515 1374/2545/2517 1418/2546/2518 1417/2544/2516
f 1374/2545/2517 1375/2547/2519 1419/2548/2520 1418/2546/2518
f 1375/2547/2519 1376/2549/2521 1420/2550/2522 1419/2548/2520
f 1376/2549/2521 1377/2551/2523 1421/2552/2524 1420/2550/2522
f 1377/2551/2523 1378/2553/2525 1422/2554/2526 1421/2552/2524
f 1378/2553/2525 1379/2555/2527 1423/2556/2528 1422/2554/2526
f 1379/2557/2527 1380/2558/2529 1424/2559/2530 1423/2560/2528
f 1380/2558/2529 1381/2561/2531 1425/2562/2532 1424/2559/2530
f 1381/2561/2531 1382/2563/2533 1426/2564/2534 1425/2562/2532
f 1382/2563/2533 1383/2565/2535 1427/2566/2536 1426/2564/2534
f 1383/2567/2535 1384/2568/2537 1428/2569/2538 1427/2570/2536
f 1384/2568/2537 1385/2571/2539 1429/2572/2540 1428/2569/2538
f 1385/2571/2539 1386/2573/2541 1430/2574/2542 1429/2572/2540
f 1386/2573/2541 1387/2575/2543 1431/2576/2544 1430/2574/2542
f 1387/2575/2543 1388/2577/2545 1432/2578/2546 1431/2576/2544
f 1388/2577/2545 1389/2579/2547 1433/2580/2548 1432/2578/2546
f 1389/2579/2547 1390/2581/2549 1434/2582/2550 1433/2580/2548
f 1390/2581/2549 1391/2583/2551 1435/2584/2552 1434/2582/2550
f 1391/2585/2551 1392/2586/2553 1436/2587/2554 1435/2588/2552
f 1392/2586/2553 1393/2589/2555 1437/2590/2556 1436/2587/2554
f 1393/2589/2555 1394/2591/2557 1438/2592/2558 1437/2590/2556
f 1394/2591/2557 1369/2533/2507 1413/2536/2510 1438/2592/2558
s 33
f 1395/2593/2559 1396/2594/2560 1440/2595/2561 1439/2596/2562
f 1396/2597/2560 1397/2598/2563 1441/2599/2564 1440/2600/2561
f 1397/2598/2563 1398/2601/2565 1442/2602/2566 1441/2599/2564
f 1398/2601/2565 1399/2603/2567 1443/2604/2568 1442/2602/2566
f 1399/2603/2567 1400/2605/2569 1444/2606/2570 1443/2604/2568
f 1400/2605/2569 1401/2607/2571 1445/2608/2572 1444/2606/2570
f 1401/2607/2571 1402/2609/2573 1446/2610/2574 1445/2608/2572
f 1402/2611/2573 1403/2612/2575 1447/2613/2576 1446/2614/2574
f 1403/2612/2575 1404/2615/2577 1448/2616/2578 1447/2613/2576
f 1404/2617/2577 1405/2618/2579 1449/2619/2580 1448/2620/2578
f 1405/2618/2579 1406/2621/2581 1450/2622/2582 1449/2619/2580
f 1406/2621/2581 1407/2623/2583 1451/2624/2584 1450/2622/2582
f 1407/2623/2583 1408/2625/2585 1452/2626/2586 1451/2624/2584
f 1408/2625/2585 1409/2627/2587 1453/2628/2588 1452/2626/2586
f 1409/2627/2587 1410/2629/2589 1454/2630/2590 1453/2628/2588
f 1410/2629/2589 1411/2631/2591 1455/2632/2592 1454/2630/2590
f 1411/2633/2591 1412/2634/2593 1456/2635/2594 1455/2636/2592
f 1412/2634/2593 1395/2593/2559 1439/2596/2562 1456/2635/2594
s off
f 1413/2637/2595 1414/2638/2596 1415/2639/2597 1416/2640/2598 1417/2641/2599 1418/2642/2600 1419/2643/2601 1420/2644/2602 1421/2645/2603 1422/2646/2604 1423/2647/2605 1424/2648/2606 1425/2649/2607 1426/2650/2608 1427/2651/2609 1428/2652/2610 1429/2653/2611 1430/2654/2612 1431/2655/2613 1432/2656/2614 1433/2657/2615 1434/2658/2616 1435/2659/2617 1436/2660/2618 1437/2661/2619 1438/2662/2620 1439/2663/2621 1440/2664/2622 1441/2665/2623 1442/2666/2624 1443/2667/2625 1444/2668/2626 1445/2669/2627 1446/2670/2628 1447/2671/2629 1448/2672/2630 1449/2673/2631 1450/2674/2632 1451/2675/2633 1452/2676/2634 1453/2677/2635 1454/2678/2636 1455/2679/2637 1456/2680/2638
g default
v -0.220495 2.315349 -0.188310
v -0.229672 2.313512 -0.188310
v -0.237129 2.308583 -0.188310
v -0.242058 2.301238 -0.188310
v -0.243896 2.292174 -0.188310
v -0.242058 2.283115 -0.188310
v -0.237011 2.275658 -0.188310
v -0.229555 2.270611 -0.188310
v -0.220495 2.268774 -0.188310
v -0.211431 2.270611 -0.188310
v -0.204087 2.275658 -0.188310
v -0.199157 2.283115 -0.188310
v -0.197320 2.292174 -0.188310
v -0.199157 2.301238 -0.188310
v -0.204087 2.308583 -0.188310
v -0.211431 2.313512 -0.188310
v -0.220495 2.315349 -0.126050
v -0.229672 2.313512 -0.126050
v -0.237129 2.308583 -0.126050
v -0.242058 2.301238 -0.126050
v -0.243896 2.292174 -0.126050
v -0.242058 2.283115 -0.126050
v -0.237011 2.275658 -0.126050
v -0.229555 2.270611 -0.126050
v -0.220495 2.268774 -0.126050
v -0.211431 2.270611 -0.126050
v -0.204087 2.275658 -0.126050
v -0.199157 2.283115 -0.126050
v -0.197320 2.292174 -0.126050
v -0.199157 2.301238 -0.126050
v -0.204087 2.308583 -0.126050
v -0.211431 2.313512 -0.126050
v 0.127829 2.205447 -0.188310
v 0.095134 2.200861 -0.188310
v 0.071043 2.188700 -0.188310
v 0.056134 2.171723 -0.188310
v 0.050970 2.152678 -0.188310
v 0.056359 2.136387 -0.188310
v 0.070244 2.130424 -0.188310
v 0.084350 2.136157 -0.188310
v 0.089744 2.152448 -0.188310
v 0.089283 2.165755 -0.188310
v 0.091465 2.175280 -0.188310
v 0.097775 2.183536 -0.188310
v 0.107755 2.189273 -0.188310
v 0.120949 2.191453 -0.188310
v 0.137467 2.188813 -0.188310
v 0.149740 2.179866 -0.188310
v 0.157315 2.163002 -0.188310
v 0.159951 2.136617 -0.188310
v 0.159951 2.128357 -0.188310
v 0.082400 2.094858 -0.188310
v 0.064849 2.082698 -0.188310
v 0.052577 2.069738 -0.188310
v 0.045350 2.055397 -0.188310
v 0.042939 2.038876 -0.188310
v 0.046726 2.016735 -0.188310
v 0.057163 1.999645 -0.188310
v 0.072993 1.988635 -0.188310
v 0.092954 1.984735 -0.188310
v 0.119342 1.990463 -0.188310
v 0.159951 2.019376 -0.188310
v 0.166834 1.992761 -0.188310
v 0.184733 1.984966 -0.188310
v 0.233831 2.019376 -0.188310
v 0.233831 2.032222 -0.188310
v 0.224424 2.022933 -0.188310
v 0.218001 2.017308 -0.188310
v 0.213179 2.014555 -0.188310
v 0.208824 2.013868 -0.188310
v 0.202743 2.016161 -0.188310
v 0.198956 2.025113 -0.188310
v 0.198153 2.037729 -0.188310
v 0.197810 2.062051 -0.188310
v 0.197810 2.133404 -0.188310
v 0.193679 2.173786 -0.188310
v 0.169127 2.198337 -0.188310
v 0.159754 2.114106 -0.188310
v 0.159754 2.034433 -0.188310
v 0.114099 2.011603 -0.188310
v 0.101770 2.014455 -0.188310
v 0.091382 2.022445 -0.188310
v 0.084307 2.034545 -0.188310
v 0.081680 2.049726 -0.188310
v 0.089441 2.073584 -0.188310
v 0.115240 2.094698 -0.188310
v 0.131333 2.102460 -0.188310
v 0.127829 2.205447 -0.126050
v 0.095134 2.200861 -0.126050
v 0.071043 2.188700 -0.126050
v 0.056134 2.171723 -0.126050
v 0.050970 2.152678 -0.126050
v 0.056359 2.136387 -0.126050
v 0.070244 2.130424 -0.126050
v 0.084350 2.136157 -0.126050
v 0.089744 2.152448 -0.126050
v 0.089283 2.165755 -0.126050
v 0.091465 2.175280 -0.126050
v 0.097775 2.183536 -0.126050
v 0.107755 2.189273 -0.126050
v 0.120949 2.191453 -0.126050
v 0.137467 2.188813 -0.126050
v 0.149740 2.179866 -0.126050
v 0.157315 2.163002 -0.126050
v 0.159951 2.136617 -0.126050
v 0.159951 2.128357 -0.126050
v 0.082400 2.094858 -0.126050
v 0.064849 2.082698 -0.126050
v 0.052577 2.069738 -0.126050
v 0.045350 2.055397 -0.126050
v 0.042939 2.038876 -0.126050
v 0.046726 2.016735 -0.126050
v 0.057163 1.999645 -0.126050
v 0.072993 1.988635 -0.126050
v 0.092954 1.984735 -0.126050
v 0.119342 1.990463 -0.126050
v 0.159951 2.019376 -0.126050
v 0.166834 1.992761 -0.126050
v 0.184733 1.984966 -0.126050
v 0.233831 2.019376 -0.126050
v 0.233831 2.032222 -0.126050
v 0.224424 2.022933 -0.126050
v 0.218001 2.017308 -0.126050
v 0.213179 2.014555 -0.126050
v 0.208824 2.013868 -0.126050
v 0.202743 2.016161 -0.126050
v 0.198956 2.025113 -0.126050
v 0.198153 2.037729 -0.126050
v 0.197810 2.062051 -0.126050
v 0.197810 2.133404 -0.126050
v 0.193679 2.173786 -0.126050
v 0.169127 2.198337 -0.126050
v 0.159754 2.114106 -0.126050
v 0.159754 2.034433 -0.126050
v 0.114099 2.011603 -0.126050
v 0.101770 2.014455 -0.126050
v 0.091382 2.022445 -0.126050
v 0.084307 2.034545 -0.126050
v 0.081680 2.049726 -0.126050
v 0.089441 2.073584 -0.126050
v 0.115240 2.094698 -0.126050
v 0.131333 2.102460 -0.126050
v -0.006555 2.205447 -0.188310
v -0.014129 2.205447 -0.188310
v -0.018945 2.198337 -0.188310
v -0.024683 2.196730 -0.188310
v -0.032484 2.198107 -0.188310
v -0.045217 2.201091 -0.188310
v -0.059098 2.204070 -0.188310
v -0.070338 2.205447 -0.188310
v -0.096035 2.200743 -0.188310
v -0.116227 2.187896 -0.188310
v -0.129421 2.168626 -0.188310
v -0.134125 2.144648 -0.188310
v -0.132058 2.126637 -0.188310
v -0.124027 2.111493 -0.188310
v -0.107624 2.097156 -0.188310
v -0.080205 2.081781 -0.188310
v -0.052444 2.066754 -0.188310
v -0.035467 2.054251 -0.188310
v -0.026976 2.041972 -0.188310
v -0.024683 2.027862 -0.188310
v -0.027318 2.015476 -0.188310
v -0.034776 2.005495 -0.188310
v -0.046134 1.998724 -0.188310
v -0.060474 1.996201 -0.188310
v -0.081925 2.000331 -0.188310
v -0.100970 2.012492 -0.188310
v -0.115997 2.032683 -0.188310
v -0.125634 2.060904 -0.188310
v -0.133204 2.060904 -0.188310
v -0.133204 1.985882 -0.188310
v -0.125634 1.985882 -0.188310
v -0.117373 1.991840 -0.188310
v -0.111866 1.991267 -0.188310
v -0.104987 1.989547 -0.188310
v -0.081582 1.984275 -0.188310
v -0.060935 1.982668 -0.188310
v -0.035237 1.987259 -0.188310
v -0.012752 2.000101 -0.188310
v 0.003195 2.020179 -0.188310
v 0.009276 2.046451 -0.188310
v 0.006179 2.064231 -0.188310
v -0.004149 2.080865 -0.188310
v -0.022958 2.096926 -0.188310
v -0.051528 2.113217 -0.188310
v -0.080779 2.128817 -0.188310
v -0.097530 2.141321 -0.188310
v -0.105213 2.152678 -0.188310
v -0.107049 2.164609 -0.188310
v -0.104409 2.174589 -0.188310
v -0.097069 2.183310 -0.188310
v -0.085824 2.189503 -0.188310
v -0.071258 2.191914 -0.188310
v -0.052101 2.189161 -0.188310
v -0.036496 2.179753 -0.188310
v -0.023992 2.161968 -0.188310
v -0.014129 2.133864 -0.188310
v -0.006555 2.133864 -0.188310
v -0.006555 2.205447 -0.126050
v -0.014129 2.205447 -0.126050
v -0.018945 2.198337 -0.126050
v -0.024683 2.196730 -0.126050
v -0.032484 2.198107 -0.126050
v -0.045217 2.201091 -0.126050
v -0.059098 2.204070 -0.126050
v -0.070338 2.205447 -0.126050
v -0.096035 2.200743 -0.126050
v -0.116227 2.187896 -0.126050
v -0.129421 2.168626 -0.126050
v -0.134125 2.144648 -0.126050
v -0.132058 2.126637 -0.126050
v -0.124027 2.111493 -0.126050
v -0.107624 2.097156 -0.126050
v -0.080205 2.081781 -0.126050
v -0.052444 2.066754 -0.126050
v -0.035467 2.054251 -0.126050
v -0.026976 2.041972 -0.126050
v -0.024683 2.027862 -0.126050
v -0.027318 2.015476 -0.126050
v -0.034776 2.005495 -0.126050
v -0.046134 1.998724 -0.126050
v -0.060474 1.996201 -0.126050
v -0.081925 2.000331 -0.126050
v -0.100970 2.012492 -0.126050
v -0.115997 2.032683 -0.126050
v -0.125634 2.060904 -0.126050
v -0.133204 2.060904 -0.126050
v -0.133204 1.985882 -0.126050
v -0.125634 1.985882 -0.126050
v -0.117373 1.991840 -0.126050
v -0.111866 1.991267 -0.126050
v -0.104987 1.989547 -0.126050
v -0.081582 1.984275 -0.126050
v -0.060935 1.982668 -0.126050
v -0.035237 1.987259 -0.126050
v -0.012752 2.000101 -0.126050
v 0.003195 2.020179 -0.126050
v 0.009276 2.046451 -0.126050
v 0.006179 2.064231 -0.126050
v -0.004149 2.080865 -0.126050
v -0.022958 2.096926 -0.126050
v -0.051528 2.113217 -0.126050
v -0.080779 2.128817 -0.126050
v -0.097530 2.141321 -0.126050
v -0.105213 2.152678 -0.126050
v -0.107049 2.164609 -0.126050
v -0.104409 2.174589 -0.126050
v -0.097069 2.183310 -0.126050
v -0.085824 2.189503 -0.126050
v -0.071258 2.191914 -0.126050
v -0.052101 2.189161 -0.126050
v -0.036496 2.179753 -0.126050
v -0.023992 2.161968 -0.126050
v -0.014129 2.133864 -0.126050
v -0.006555 2.133864 -0.126050
v -0.336332 2.307319 -0.188310
v -0.344823 2.307319 -0.188310
v -0.350898 2.292978 -0.188310
v -0.360653 2.289425 -0.188310
v -0.378777 2.295158 -0.188310
v -0.431320 2.307319 -0.188310
v -0.467685 2.300783 -0.188310
v -0.496480 2.282997 -0.188310
v -0.515524 2.256843 -0.188310
v -0.522403 2.225408 -0.188310
v -0.514951 2.191453 -0.188310
v -0.495103 2.166098 -0.188310
v -0.466539 2.145682 -0.188310
v -0.432928 2.126064 -0.188310
v -0.403672 2.109543 -0.188310
v -0.379350 2.094172 -0.188310
v -0.362716 2.075931 -0.188310
v -0.356523 2.050806 -0.188310
v -0.360766 2.031419 -0.188310
v -0.373040 2.015128 -0.188310
v -0.392545 2.004001 -0.188310
v -0.418469 1.999870 -0.188310
v -0.442216 2.002741 -0.188310
v -0.463785 2.010772 -0.188310
v -0.481796 2.023045 -0.188310
v -0.494873 2.038420 -0.188310
v -0.503937 2.059410 -0.188310
v -0.510933 2.088665 -0.188310
v -0.519424 2.088665 -0.188310
v -0.519424 1.981982 -0.188310
v -0.510933 1.981982 -0.188310
v -0.506000 1.996201 -0.188310
v -0.496940 1.999645 -0.188310
v -0.492692 1.998954 -0.188310
v -0.484549 1.997117 -0.188310
v -0.473996 1.994251 -0.188310
v -0.462751 1.990463 -0.188310
v -0.449331 1.985764 -0.188310
v -0.438429 1.983241 -0.188310
v -0.427420 1.982212 -0.188310
v -0.413652 1.981982 -0.188310
v -0.374074 1.988978 -0.188310
v -0.343098 2.007788 -0.188310
v -0.322907 2.035319 -0.188310
v -0.315681 2.068474 -0.188310
v -0.323255 2.103462 -0.188310
v -0.343559 2.129391 -0.188310
v -0.373040 2.150155 -0.188310
v -0.408375 2.169425 -0.188310
v -0.439003 2.185716 -0.188310
v -0.463555 2.201321 -0.188310
v -0.479958 2.218872 -0.188310
v -0.485926 2.241243 -0.188310
v -0.481796 2.259024 -0.188310
v -0.470209 2.274281 -0.188310
v -0.452658 2.284947 -0.188310
v -0.430860 2.288965 -0.188310
v -0.409865 2.286098 -0.188310
v -0.390134 2.278068 -0.188310
v -0.372927 2.265560 -0.188310
v -0.359733 2.249043 -0.188310
v -0.344823 2.199714 -0.188310
v -0.336332 2.199714 -0.188310
v -0.336332 2.307319 -0.126050
v -0.344823 2.307319 -0.126050
v -0.350898 2.292978 -0.126050
v -0.360653 2.289425 -0.126050
v -0.378777 2.295158 -0.126050
v -0.431320 2.307319 -0.126050
v -0.467685 2.300783 -0.126050
v -0.496480 2.282997 -0.126050
v -0.515524 2.256843 -0.126050
v -0.522403 2.225408 -0.126050
v -0.514951 2.191453 -0.126050
v -0.495103 2.166098 -0.126050
v -0.466539 2.145682 -0.126050
v -0.432928 2.126064 -0.126050
v -0.403672 2.109543 -0.126050
v -0.379350 2.094172 -0.126050
v -0.362716 2.075931 -0.126050
v -0.356523 2.050806 -0.126050
v -0.360766 2.031419 -0.126050
v -0.373040 2.015128 -0.126050
v -0.392545 2.004001 -0.126050
v -0.418469 1.999870 -0.126050
v -0.442216 2.002741 -0.126050
v -0.463785 2.010772 -0.126050
v -0.481796 2.023045 -0.126050
v -0.494873 2.038420 -0.126050
v -0.503937 2.059410 -0.126050
v -0.510933 2.088665 -0.126050
v -0.519424 2.088665 -0.126050
v -0.519424 1.981982 -0.126050
v -0.510933 1.981982 -0.126050
v -0.506000 1.996201 -0.126050
v -0.496940 1.999645 -0.126050
v -0.492692 1.998954 -0.126050
v -0.484549 1.997117 -0.126050
v -0.473996 1.994251 -0.126050
v -0.462751 1.990463 -0.126050
v -0.449331 1.985764 -0.126050
v -0.438429 1.983241 -0.126050
v -0.427420 1.982212 -0.126050
v -0.413652 1.981982 -0.126050
v -0.374074 1.988978 -0.126050
v -0.343098 2.007788 -0.126050
v -0.322907 2.035319 -0.126050
v -0.315681 2.068474 -0.126050
v -0.323255 2.103462 -0.126050
v -0.343559 2.129391 -0.126050
v -0.373040 2.150155 -0.126050
v -0.408375 2.169425 -0.126050
v -0.439003 2.185716 -0.126050
v -0.463555 2.201321 -0.126050
v -0.479958 2.218872 -0.126050
v -0.485926 2.241243 -0.126050
v -0.481796 2.259024 -0.126050
v -0.470209 2.274281 -0.126050
v -0.452658 2.284947 -0.126050
v -0.430860 2.288965 -0.126050
v -0.409865 2.286098 -0.126050
v -0.390134 2.278068 -0.126050
v -0.372927 2.265560 -0.126050
v -0.359733 2.249043 -0.126050
v -0.344823 2.199714 -0.126050
v -0.336332 2.199714 -0.126050
v -0.830082 2.199254 -0.188310
v -0.903733 2.199254 -0.188310
v -0.903733 2.190763 -0.188310
v -0.900979 2.190763 -0.188310
v -0.885722 2.189616 -0.188310
v -0.875511 2.185030 -0.188310
v -0.869891 2.175163 -0.188310
v -0.868166 2.158416 -0.188310
v -0.868166 2.064574 -0.188310
v -0.863120 2.019145 -0.188310
v -0.844996 1.992644 -0.188310
v -0.814481 1.982668 -0.188310
v -0.784423 1.990238 -0.188310
v -0.743124 2.027176 -0.188310
v -0.743124 1.982668 -0.188310
v -0.732801 1.982668 -0.188310
v -0.669935 2.008592 -0.188310
v -0.673149 2.016622 -0.188310
v -0.689209 2.012722 -0.188310
v -0.698039 2.015931 -0.188310
v -0.703663 2.027176 -0.188310
v -0.705270 2.071914 -0.188310
v -0.705270 2.199254 -0.188310
v -0.776853 2.199254 -0.188310
v -0.776853 2.190763 -0.188310
v -0.759988 2.189043 -0.188310
v -0.749665 2.183996 -0.188310
v -0.744501 2.174589 -0.188310
v -0.743124 2.159792 -0.188310
v -0.743124 2.040713 -0.188310
v -0.759185 2.026259 -0.188310
v -0.772835 2.017082 -0.188310
v -0.784766 2.012261 -0.188310
v -0.795207 2.010885 -0.188310
v -0.808402 2.012604 -0.188310
v -0.819528 2.019488 -0.188310
v -0.827216 2.034060 -0.188310
v -0.830082 2.058607 -0.188310
v -0.830082 2.199254 -0.126050
v -0.903733 2.199254 -0.126050
v -0.903733 2.190763 -0.126050
v -0.900979 2.190763 -0.126050
v -0.885722 2.189616 -0.126050
v -0.875511 2.185030 -0.126050
v -0.869891 2.175163 -0.126050
v -0.868166 2.158416 -0.126050
v -0.868166 2.064574 -0.126050
v -0.863120 2.019145 -0.126050
v -0.844996 1.992644 -0.126050
v -0.814481 1.982668 -0.126050
v -0.784423 1.990238 -0.126050
v -0.743124 2.027176 -0.126050
v -0.743124 1.982668 -0.126050
v -0.732801 1.982668 -0.126050
v -0.669935 2.008592 -0.126050
v -0.673149 2.016622 -0.126050
v -0.689209 2.012722 -0.126050
v -0.698039 2.015931 -0.126050
v -0.703663 2.027176 -0.126050
v -0.705270 2.071914 -0.126050
v -0.705270 2.199254 -0.126050
v -0.776853 2.199254 -0.126050
v -0.776853 2.190763 -0.126050
v -0.759988 2.189043 -0.126050
v -0.749665 2.183996 -0.126050
v -0.744501 2.174589 -0.126050
v -0.743124 2.159792 -0.126050
v -0.743124 2.040713 -0.126050
v -0.759185 2.026259 -0.126050
v -0.772835 2.017082 -0.126050
v -0.784766 2.012261 -0.126050
v -0.795207 2.010885 -0.126050
v -0.808402 2.012604 -0.126050
v -0.819528 2.019488 -0.126050
v -0.827216 2.034060 -0.126050
v -0.830082 2.058607 -0.126050
v -0.983082 2.205447 -0.188310
v -0.992715 2.205447 -0.188310
v -1.056272 2.179753 -0.188310
v -1.053975 2.171493 -0.188310
v -1.037914 2.174932 -0.188310
v -1.022543 2.161395 -0.188310
v -1.020936 2.117803 -0.188310
v -1.020936 2.036353 -0.188310
v -1.022314 2.016049 -0.188310
v -1.027360 2.004231 -0.188310
v -1.037458 1.998724 -0.188310
v -1.053975 1.997347 -0.188310
v -1.053975 1.989091 -0.188310
v -0.946371 1.989091 -0.188310
v -0.946371 1.997347 -0.188310
v -0.965870 2.000218 -0.188310
v -0.977003 2.008361 -0.188310
v -0.981931 2.021208 -0.188310
v -0.983082 2.038190 -0.188310
v -0.983082 2.138911 -0.188310
v -0.975052 2.153252 -0.188310
v -0.967021 2.164496 -0.188310
v -0.959447 2.171836 -0.188310
v -0.952794 2.174476 -0.188310
v -0.946830 2.171953 -0.188310
v -0.938227 2.166559 -0.188310
v -0.928702 2.161169 -0.188310
v -0.919986 2.158641 -0.188310
v -0.905757 2.164839 -0.188310
v -0.899795 2.179984 -0.188310
v -0.901975 2.189616 -0.188310
v -0.908168 2.197764 -0.188310
v -0.917463 2.203384 -0.188310
v -0.928933 2.205447 -0.188310
v -0.983082 2.158185 -0.188310
v -0.983082 2.205447 -0.126050
v -0.992715 2.205447 -0.126050
v -1.056272 2.179753 -0.126050
v -1.053975 2.171493 -0.126050
v -1.037914 2.174932 -0.126050
v -1.022543 2.161395 -0.126050
v -1.020936 2.117803 -0.126050
v -1.020936 2.036353 -0.126050
v -1.022314 2.016049 -0.126050
v -1.027360 2.004231 -0.126050
v -1.037458 1.998724 -0.126050
v -1.053975 1.997347 -0.126050
v -1.053975 1.989091 -0.126050
v -0.946371 1.989091 -0.126050
v -0.946371 1.997347 -0.126050
v -0.965870 2.000218 -0.126050
v -0.977003 2.008361 -0.126050
v -0.981931 2.021208 -0.126050
v -0.983082 2.038190 -0.126050
v -0.983082 2.138911 -0.126050
v -0.975052 2.153252 -0.126050
v -0.967021 2.164496 -0.126050
v -0.959447 2.171836 -0.126050
v -0.952794 2.174476 -0.126050
v -0.946830 2.171953 -0.126050
v -0.938227 2.166559 -0.126050
v -0.928702 2.161169 -0.126050
v -0.919986 2.158641 -0.126050
v -0.905757 2.164839 -0.126050
v -0.899795 2.179984 -0.126050
v -0.901975 2.189616 -0.126050
v -0.908168 2.197764 -0.126050
v -0.917463 2.203384 -0.126050
v -0.928933 2.205447 -0.126050
v -0.983082 2.158185 -0.126050
v -1.103637 2.205447 -0.188310
v -1.113731 2.205447 -0.188310
v -1.177058 2.179753 -0.188310
v -1.173843 2.171493 -0.188310
v -1.158243 2.174932 -0.188310
v -1.149869 2.173443 -0.188310
v -1.144819 2.166216 -0.188310
v -1.142413 2.149009 -0.188310
v -1.141722 2.117573 -0.188310
v -1.141722 2.036583 -0.188310
v -1.144936 2.010199 -0.188310
v -1.148263 2.004349 -0.188310
v -1.153079 2.000331 -0.188310
v -1.161109 1.998038 -0.188310
v -1.173843 1.997347 -0.188310
v -1.173843 1.989091 -0.188310
v -1.071746 1.989091 -0.188310
v -1.071746 1.997347 -0.188310
v -1.092392 2.000561 -0.188310
v -1.097327 2.004118 -0.188310
v -1.100884 2.009968 -0.188310
v -1.102947 2.020179 -0.188310
v -1.103637 2.036583 -0.188310
v -1.103637 2.205447 -0.126050
v -1.113731 2.205447 -0.126050
v -1.177058 2.179753 -0.126050
v -1.173843 2.171493 -0.126050
v -1.158243 2.174932 -0.126050
v -1.149869 2.173443 -0.126050
v -1.144819 2.166216 -0.126050
v -1.142413 2.149009 -0.126050
v -1.141722 2.117573 -0.126050
v -1.141722 2.036583 -0.126050
v -1.144936 2.010199 -0.126050
v -1.148263 2.004349 -0.126050
v -1.153079 2.000331 -0.126050
v -1.161109 1.998038 -0.126050
v -1.173843 1.997347 -0.126050
v -1.173843 1.989091 -0.126050
v -1.071746 1.989091 -0.126050
v -1.071746 1.997347 -0.126050
v -1.092392 2.000561 -0.126050
v -1.097327 2.004118 -0.126050
v -1.100884 2.009968 -0.126050
v -1.102947 2.020179 -0.126050
v -1.103637 2.036583 -0.126050
v -1.327173 2.300205 -0.188310
v -1.468050 2.300205 -0.188310
v -1.468050 2.291718 -0.188310
v -1.456345 2.291718 -0.188310
v -1.429731 2.281621 -0.188310
v -1.423308 2.245143 -0.188310
v -1.423308 2.044383 -0.188310
v -1.428124 2.010429 -0.188310
v -1.456345 1.997577 -0.188310
v -1.468050 1.997577 -0.188310
v -1.468050 1.989091 -0.188310
v -1.227138 1.989091 -0.188310
v -1.200524 2.073521 -0.188310
v -1.208093 2.075128 -0.188310
v -1.220142 2.050120 -0.188310
v -1.232072 2.032565 -0.188310
v -1.244576 2.020983 -0.188310
v -1.258343 2.014099 -0.188310
v -1.308589 2.008822 -0.188310
v -1.331303 2.008822 -0.188310
v -1.367095 2.011115 -0.188310
v -1.373063 2.014902 -0.188310
v -1.376732 2.021095 -0.188310
v -1.378682 2.030615 -0.188310
v -1.379256 2.044383 -0.188310
v -1.379256 2.239866 -0.188310
v -1.375585 2.274967 -0.188310
v -1.370422 2.281738 -0.188310
v -1.361935 2.287128 -0.188310
v -1.348168 2.290572 -0.188310
v -1.327173 2.291718 -0.188310
v -1.327173 2.300205 -0.126050
v -1.468050 2.300205 -0.126050
v -1.468050 2.291718 -0.126050
v -1.456345 2.291718 -0.126050
v -1.429731 2.281621 -0.126050
v -1.423308 2.245143 -0.126050
v -1.423308 2.044383 -0.126050
v -1.428124 2.010429 -0.126050
v -1.456345 1.997577 -0.126050
v -1.468050 1.997577 -0.126050
v -1.468050 1.989091 -0.126050
v -1.227138 1.989091 -0.126050
v -1.200524 2.073521 -0.126050
v -1.208093 2.075128 -0.126050
v -1.220142 2.050120 -0.126050
v -1.232072 2.032565 -0.126050
v -1.244576 2.020983 -0.126050
v -1.258343 2.014099 -0.126050
v -1.308589 2.008822 -0.126050
v -1.331303 2.008822 -0.126050
v -1.367095 2.011115 -0.126050
v -1.373063 2.014902 -0.126050
v -1.376732 2.021095 -0.126050
v -1.378682 2.030615 -0.126050
v -1.379256 2.044383 -0.126050
v -1.379256 2.239866 -0.126050
v -1.375585 2.274967 -0.126050
v -1.370422 2.281738 -0.126050
v -1.361935 2.287128 -0.126050
v -1.348168 2.290572 -0.126050
v -1.327173 2.291718 -0.126050
v -0.201451 2.205447 -0.188310
v -0.211544 2.205447 -0.188310
v -0.274870 2.179753 -0.188310
v -0.271657 2.171493 -0.188310
v -0.256056 2.174932 -0.188310
v -0.247683 2.173443 -0.188310
v -0.242631 2.166216 -0.188310
v -0.240225 2.149009 -0.188310
v -0.239535 2.117573 -0.188310
v -0.239535 2.036583 -0.188310
v -0.242749 2.010199 -0.188310
v -0.246076 2.004349 -0.188310
v -0.250892 2.000331 -0.188310
v -0.258922 1.998038 -0.188310
v -0.271657 1.997347 -0.188310
v -0.271657 1.989091 -0.188310
v -0.169559 1.989091 -0.188310
v -0.169559 1.997347 -0.188310
v -0.190206 2.000561 -0.188310
v -0.195140 2.004118 -0.188310
v -0.198697 2.009968 -0.188310
v -0.200759 2.020179 -0.188310
v -0.201451 2.036583 -0.188310
v -0.201451 2.205447 -0.126050
v -0.211544 2.205447 -0.126050
v -0.274870 2.179753 -0.126050
v -0.271657 2.171493 -0.126050
v -0.256056 2.174932 -0.126050
v -0.247683 2.173443 -0.126050
v -0.242631 2.166216 -0.126050
v -0.240225 2.149009 -0.126050
v -0.239535 2.117573 -0.126050
v -0.239535 2.036583 -0.126050
v -0.242749 2.010199 -0.126050
v -0.246076 2.004349 -0.126050
v -0.250892 2.000331 -0.126050
v -0.258922 1.998038 -0.126050
v -0.271657 1.997347 -0.126050
v -0.271657 1.989091 -0.126050
v -0.169559 1.989091 -0.126050
v -0.169559 1.997347 -0.126050
v -0.190206 2.000561 -0.126050
v -0.195140 2.004118 -0.126050
v -0.198697 2.009968 -0.126050
v -0.200759 2.020179 -0.126050
v -0.201451 2.036583 -0.126050
v -1.122682 2.315349 -0.188310
v -1.131858 2.313512 -0.188310
v -1.139316 2.308583 -0.188310
v -1.144245 2.301238 -0.188310
v -1.146082 2.292174 -0.188310
v -1.144245 2.283115 -0.188310
v -1.139199 2.275658 -0.188310
v -1.131741 2.270611 -0.188310
v -1.122682 2.268774 -0.188310
v -1.113617 2.270611 -0.188310
v -1.106273 2.275658 -0.188310
v -1.101345 2.283115 -0.188310
v -1.099507 2.292174 -0.188310
v -1.101345 2.301238 -0.188310
v -1.106273 2.308583 -0.188310
v -1.113617 2.313512 -0.188310
v -1.122682 2.315349 -0.126050
v -1.131858 2.313512 -0.126050
v -1.139316 2.308583 -0.126050
v -1.144245 2.301238 -0.126050
v -1.146082 2.292174 -0.126050
v -1.144245 2.283115 -0.126050
v -1.139199 2.275658 -0.126050
v -1.131741 2.270611 -0.126050
v -1.122682 2.268774 -0.126050
v -1.113617 2.270611 -0.126050
v -1.106273 2.275658 -0.126050
v -1.101345 2.283115 -0.126050
v -1.099507 2.292174 -0.126050
v -1.101345 2.301238 -0.126050
v -1.106273 2.308583 -0.126050
v -1.113617 2.313512 -0.126050
v 2.711655 0.000000 -0.405311
v 2.831640 0.000000 -0.405311
v 2.711655 2.897160 -0.405311
v 2.831640 2.897160 -0.405311
v 2.711655 2.897160 -0.525295
v 2.831640 2.897160 -0.525295
v 2.711655 0.000000 -0.525295
v 2.831640 0.000000 -0.525295
v 2.265930 2.897160 -0.025295
v 3.265930 2.897160 -0.025295
v 2.265930 3.097942 -0.025295
v 3.265930 3.097942 -0.025295
v 2.265930 3.097942 -1.025295
v 3.265930 3.097942 -1.025295
v 2.265930 2.897160 -1.025295
v 3.265930 2.897160 -1.025295
v 2.690930 3.084438 -0.330615
v 2.942328 3.084438 -0.330615
v 2.348518 4.084438 -0.330615
v 3.284740 4.084438 -0.330615
v 2.348518 4.084438 -0.615992
v 3.284740 4.084438 -0.615992
v 2.690930 3.084438 -0.615992
v 2.942328 3.084438 -0.615992
v -1.476789 0.000000 0.000000
v 2.000000 0.000000 0.000000
v -1.476789 1.907694 0.000000
v 2.000000 1.907694 0.000000
v -1.476789 1.907694 -2.055552
v 2.000000 1.907694 -2.055552
v -1.476789 0.000000 -2.055552
v 2.000000 0.000000 -2.055552
v -1.476789 1.984459 0.000000
v 2.000000 1.984459 0.000000
v 2.000000 1.984459 -2.055552
v -1.476789 1.984459 -2.055552
v -1.836192 1.459937 0.212487
v 2.359404 1.459937 0.212487
v 2.359404 1.459937 -2.268039
v -1.836192 1.459937 -2.268039
vt 0.347715 0.959360
vt 0.347151 0.959360
vt 0.347151 0.955533
vt 0.347715 0.955533
vt 0.357584 0.959388
vt 0.357281 0.959388
vt 0.357281 0.955561
vt 0.357584 0.955561
vt 0.356830 0.959388
vt 0.356830 0.955561
vt 0.356273 0.959388
vt 0.356273 0.955561
vt 0.355716 0.959388
vt 0.355716 0.955561
vt 0.355257 0.959388
vt 0.355257 0.955561
vt 0.354947 0.959388
vt 0.354947 0.955561
vt 0.364692 0.955692
vt 0.365249 0.955692
vt 0.365249 0.959518
vt 0.364692 0.959518
vt 0.365806 0.955692
vt 0.365806 0.959518
vt 0.372488 0.955692
vt 0.372798 0.955692
vt 0.372798 0.959518
vt 0.372488 0.959518
vt 0.373257 0.955692
vt 0.373257 0.959518
vt 0.373813 0.955692
vt 0.373813 0.959518
vt 0.374371 0.955692
vt 0.374371 0.959518
vt 0.374822 0.955692
vt 0.374822 0.959518
vt 0.375125 0.955692
vt 0.375125 0.959518
vt 0.348273 0.959360
vt 0.348273 0.955533
vt 0.204386 0.961852
vt 0.204273 0.962416
vt 0.203970 0.962875
vt 0.203519 0.963178
vt 0.202962 0.963291
vt 0.202405 0.963178
vt 0.201947 0.962867
vt 0.201636 0.962409
vt 0.201524 0.961852
vt 0.201636 0.961295
vt 0.201947 0.960844
vt 0.202405 0.960541
vt 0.202962 0.960428
vt 0.203519 0.960541
vt 0.203970 0.960844
vt 0.204273 0.961295
vt 0.223502 0.945014
vt 0.223502 0.947023
vt 0.219675 0.947023
vt 0.219675 0.945014
vt 0.223502 0.948504
vt 0.219675 0.948504
vt 0.872686 0.939519
vt 0.871643 0.939519
vt 0.871643 0.935693
vt 0.872686 0.935693
vt 0.870472 0.939519
vt 0.870472 0.935693
vt 0.869471 0.939519
vt 0.869471 0.935693
vt 0.879215 0.935722
vt 0.880069 0.935722
vt 0.880069 0.939548
vt 0.879215 0.939548
vt 0.880936 0.935722
vt 0.880936 0.939548
vt 0.888960 0.935745
vt 0.889962 0.935745
vt 0.889962 0.939571
vt 0.888960 0.939571
vt 0.890779 0.935745
vt 0.890779 0.939571
vt 0.891365 0.935745
vt 0.891365 0.939571
vt 0.891872 0.935745
vt 0.891872 0.939571
vt 0.898705 0.935745
vt 0.899318 0.935745
vt 0.899318 0.939571
vt 0.898705 0.939571
vt 0.900129 0.935745
vt 0.900129 0.939571
vt 0.901145 0.935745
vt 0.901145 0.939571
vt 0.912166 0.939118
vt 0.911616 0.939118
vt 0.911616 0.935291
vt 0.912166 0.935291
vt 0.910579 0.939118
vt 0.910579 0.935291
vt 0.908957 0.939118
vt 0.908957 0.935291
vt 0.908450 0.939118
vt 0.908450 0.935291
vt 0.058635 0.968513
vt 0.058635 0.973279
vt 0.054809 0.973279
vt 0.054809 0.968513
vt 0.298700 0.950030
vt 0.298700 0.949283
vt 0.302527 0.949283
vt 0.302527 0.950030
vt 0.298700 0.948486
vt 0.302527 0.948486
vt 0.298700 0.947605
vt 0.302527 0.947605
vt 0.298700 0.946590
vt 0.302527 0.946590
vt 0.298700 0.945229
vt 0.302527 0.945229
vt 0.298700 0.944178
vt 0.302527 0.944178
vt 0.298700 0.943502
vt 0.302527 0.943502
vt 0.104769 0.965973
vt 0.104769 0.964746
vt 0.108596 0.964746
vt 0.108596 0.965973
vt 0.104769 0.963124
vt 0.108596 0.963124
vt 0.104769 0.960628
vt 0.108596 0.960628
vt 0.921779 0.939048
vt 0.920144 0.939048
vt 0.920144 0.935222
vt 0.921779 0.935222
vt 0.927939 0.935222
vt 0.929039 0.935222
vt 0.929039 0.939048
vt 0.927939 0.939048
vt 0.935735 0.891041
vt 0.937850 0.891041
vt 0.937850 0.894868
vt 0.935735 0.894868
vt 0.938640 0.891041
vt 0.938640 0.894868
vt 0.947391 0.894809
vt 0.946812 0.894809
vt 0.946812 0.890982
vt 0.947391 0.890982
vt 0.946418 0.894809
vt 0.946418 0.890982
vt 0.946121 0.894809
vt 0.946121 0.890982
vt 0.945854 0.894809
vt 0.945854 0.890982
vt 0.945480 0.894809
vt 0.945480 0.890982
vt 0.879144 0.906636
vt 0.879144 0.907186
vt 0.875318 0.907186
vt 0.875318 0.906636
vt 0.879144 0.907961
vt 0.875318 0.907961
vt 0.879144 0.909456
vt 0.875318 0.909456
vt 0.879144 0.913842
vt 0.875318 0.913842
vt 0.879144 0.916324
vt 0.875318 0.916324
vt 0.879144 0.917833
vt 0.875318 0.917833
vt 0.223502 0.942476
vt 0.219675 0.942476
vt 0.036392 0.963255
vt 0.036392 0.958358
vt 0.040218 0.958358
vt 0.040218 0.963255
vt 0.958789 0.894916
vt 0.955982 0.894916
vt 0.955982 0.891089
vt 0.958789 0.891089
vt 0.955225 0.894916
vt 0.955225 0.891089
vt 0.050180 0.959589
vt 0.050180 0.960080
vt 0.046354 0.960080
vt 0.046354 0.959589
vt 0.050180 0.960823
vt 0.046354 0.960823
vt 0.050180 0.961757
vt 0.046354 0.961757
vt 0.050180 0.963223
vt 0.046354 0.963223
vt 0.050180 0.964521
vt 0.046354 0.964521
vt 0.964969 0.891089
vt 0.965958 0.891089
vt 0.965958 0.894915
vt 0.964969 0.894915
vt 0.967705 0.891089
vt 0.967705 0.894915
vt 0.623273 0.942314
vt 0.621264 0.942032
vt 0.619783 0.941284
vt 0.618867 0.940241
vt 0.618549 0.939070
vt 0.618881 0.938069
vt 0.619734 0.937702
vt 0.620601 0.938055
vt 0.620933 0.939056
vt 0.620904 0.939874
vt 0.621038 0.940459
vt 0.621426 0.940967
vt 0.622040 0.941320
vt 0.622851 0.941453
vt 0.623866 0.941291
vt 0.624620 0.940741
vt 0.625086 0.939705
vt 0.625248 0.938083
vt 0.625248 0.937575
vt 0.620481 0.935516
vt 0.619403 0.934769
vt 0.618648 0.933972
vt 0.618204 0.933091
vt 0.618056 0.932076
vt 0.618289 0.930715
vt 0.618930 0.929664
vt 0.619903 0.928988
vt 0.621130 0.928748
vt 0.622752 0.929100
vt 0.625248 0.930877
vt 0.625671 0.929241
vt 0.626771 0.928762
vt 0.629789 0.930877
vt 0.629789 0.931667
vt 0.629210 0.931096
vt 0.628816 0.930750
vt 0.628519 0.930581
vt 0.628252 0.930539
vt 0.627878 0.930680
vt 0.627645 0.931230
vt 0.627596 0.932005
vt 0.627575 0.933500
vt 0.627575 0.937886
vt 0.627321 0.940368
vt 0.625812 0.941877
vt 0.625236 0.936699
vt 0.625236 0.931803
vt 0.622430 0.930399
vt 0.621672 0.930575
vt 0.621033 0.931066
vt 0.620598 0.931809
vt 0.620437 0.932742
vt 0.620914 0.934209
vt 0.622500 0.935507
vt 0.623489 0.935984
vt 0.146521 0.959974
vt 0.146521 0.960439
vt 0.142695 0.960439
vt 0.142695 0.959974
vt 0.146521 0.960735
vt 0.142695 0.960735
vt 0.146521 0.961088
vt 0.142695 0.961088
vt 0.146521 0.961567
vt 0.142695 0.961567
vt 0.146521 0.962350
vt 0.142695 0.962350
vt 0.146521 0.963203
vt 0.142695 0.963203
vt 0.146521 0.963894
vt 0.142695 0.963894
vt 0.146521 0.965473
vt 0.142695 0.965473
vt 0.288738 0.949868
vt 0.288738 0.949079
vt 0.292565 0.949079
vt 0.292565 0.949868
vt 0.288738 0.947894
vt 0.292565 0.947894
vt 0.288738 0.946421
vt 0.292565 0.946421
vt 0.288738 0.945314
vt 0.292565 0.945314
vt 0.288738 0.944383
vt 0.292565 0.944383
vt 0.288738 0.943502
vt 0.292565 0.943502
vt 0.610260 0.958722
vt 0.611945 0.958722
vt 0.611945 0.962549
vt 0.610260 0.962549
vt 0.613652 0.958722
vt 0.613652 0.962549
vt 0.239959 0.956359
vt 0.239959 0.955590
vt 0.243786 0.955590
vt 0.243786 0.956359
vt 0.239959 0.954835
vt 0.243786 0.954835
vt 0.239959 0.953968
vt 0.243786 0.953968
vt 0.239959 0.953207
vt 0.243786 0.953207
vt 0.239959 0.952593
vt 0.243786 0.952593
vt 0.239959 0.952177
vt 0.243786 0.952177
vt 0.622205 0.962549
vt 0.621323 0.962549
vt 0.621323 0.958722
vt 0.622205 0.958722
vt 0.620005 0.962549
vt 0.620005 0.958722
vt 0.629750 0.958708
vt 0.630497 0.958708
vt 0.630497 0.962535
vt 0.629750 0.962535
vt 0.631738 0.958708
vt 0.631738 0.962535
vt 0.633473 0.958708
vt 0.633473 0.962535
vt 0.641909 0.962298
vt 0.641443 0.962298
vt 0.641443 0.958472
vt 0.641909 0.958472
vt 0.085992 0.974456
vt 0.085992 0.969845
vt 0.089819 0.969845
vt 0.089819 0.974456
vt 0.462167 0.951026
vt 0.462167 0.950561
vt 0.465993 0.950561
vt 0.465993 0.951026
vt 0.462167 0.950053
vt 0.465993 0.950053
vt 0.462167 0.949714
vt 0.465993 0.949714
vt 0.462167 0.949292
vt 0.465993 0.949292
vt 0.462167 0.947853
vt 0.465993 0.947853
vt 0.462167 0.946584
vt 0.465993 0.946584
vt 0.462167 0.945005
vt 0.465993 0.945005
vt 0.462167 0.943623
vt 0.465993 0.943623
vt 0.213540 0.942476
vt 0.213540 0.943710
vt 0.209713 0.943710
vt 0.209713 0.942476
vt 0.213540 0.945324
vt 0.209713 0.945324
vt 0.213540 0.946417
vt 0.209713 0.946417
vt 0.213540 0.947440
vt 0.209713 0.947440
vt 0.213540 0.948427
vt 0.209713 0.948427
vt 0.652793 0.962438
vt 0.651037 0.962438
vt 0.651037 0.958611
vt 0.652793 0.958611
vt 0.649239 0.962438
vt 0.649239 0.958611
vt 0.658984 0.958638
vt 0.659752 0.958638
vt 0.659752 0.962465
vt 0.658984 0.962465
vt 0.660451 0.958638
vt 0.660451 0.962465
vt 0.661184 0.958638
vt 0.661184 0.962465
vt 0.661797 0.958638
vt 0.661797 0.962465
vt 0.662333 0.958638
vt 0.662333 0.962465
vt 0.668729 0.958638
vt 0.669420 0.958638
vt 0.669420 0.962465
vt 0.668729 0.962465
vt 0.670315 0.958638
vt 0.670315 0.962465
vt 0.671493 0.958638
vt 0.671493 0.962465
vt 0.681872 0.938447
vt 0.681294 0.938447
vt 0.681294 0.934620
vt 0.681872 0.934620
vt 0.680201 0.938447
vt 0.680201 0.934620
vt 0.678473 0.938447
vt 0.678473 0.934620
vt 0.688218 0.934196
vt 0.688684 0.934196
vt 0.688684 0.938023
vt 0.688218 0.938023
vt 0.200909 0.952037
vt 0.200909 0.956437
vt 0.197082 0.956437
vt 0.197082 0.952037
vt 0.610305 0.942441
vt 0.609840 0.942441
vt 0.609544 0.942004
vt 0.609191 0.941905
vt 0.608711 0.941989
vt 0.607929 0.942173
vt 0.607076 0.942356
vt 0.606385 0.942441
vt 0.604805 0.942151
vt 0.603564 0.941362
vt 0.602753 0.940178
vt 0.602464 0.938704
vt 0.602591 0.937597
vt 0.603085 0.936666
vt 0.604093 0.935785
vt 0.605778 0.934840
vt 0.607485 0.933916
vt 0.608528 0.933148
vt 0.609050 0.932393
vt 0.609191 0.931526
vt 0.609029 0.930764
vt 0.608571 0.930151
vt 0.607872 0.929735
vt 0.606991 0.929580
vt 0.605673 0.929834
vt 0.604502 0.930581
vt 0.603579 0.931822
vt 0.602986 0.933557
vt 0.602521 0.933557
vt 0.602521 0.928945
vt 0.602986 0.928945
vt 0.603494 0.929312
vt 0.603832 0.929276
vt 0.604255 0.929171
vt 0.605694 0.928847
vt 0.606963 0.928748
vt 0.608542 0.929030
vt 0.609924 0.929819
vt 0.610904 0.931053
vt 0.611278 0.932668
vt 0.611088 0.933761
vt 0.610453 0.934783
vt 0.609297 0.935771
vt 0.607541 0.936772
vt 0.605743 0.937731
vt 0.604713 0.938499
vt 0.604241 0.939197
vt 0.604128 0.939931
vt 0.604291 0.940544
vt 0.604742 0.941080
vt 0.605433 0.941461
vt 0.606328 0.941609
vt 0.607506 0.941440
vt 0.608465 0.940861
vt 0.609233 0.939768
vt 0.609840 0.938041
vt 0.610305 0.938041
vt 0.813473 0.939892
vt 0.812951 0.939892
vt 0.812951 0.936065
vt 0.813473 0.936065
vt 0.821628 0.939891
vt 0.820747 0.939891
vt 0.820747 0.936065
vt 0.821628 0.936065
vt 0.400133 0.941423
vt 0.400133 0.942023
vt 0.396306 0.942023
vt 0.396306 0.941423
vt 0.400133 0.943137
vt 0.396306 0.943137
vt 0.400133 0.946366
vt 0.396306 0.946366
vt 0.400133 0.948602
vt 0.396306 0.948602
vt 0.904552 0.917374
vt 0.904552 0.916281
vt 0.908379 0.916281
vt 0.908379 0.917374
vt 0.904552 0.914674
vt 0.908379 0.914674
vt 0.904552 0.912742
vt 0.908379 0.912742
vt 0.904552 0.910655
vt 0.908379 0.910655
vt 0.904552 0.909096
vt 0.908379 0.909096
vt 0.904552 0.907841
vt 0.908379 0.907841
vt 0.904552 0.906636
vt 0.908379 0.906636
vt 0.828543 0.936065
vt 0.830341 0.936065
vt 0.830341 0.939891
vt 0.828543 0.939891
vt 0.199751 0.948045
vt 0.199751 0.947101
vt 0.203578 0.947101
vt 0.203578 0.948045
vt 0.199751 0.945980
vt 0.203578 0.945980
vt 0.199751 0.944435
vt 0.203578 0.944435
vt 0.199751 0.943244
vt 0.203578 0.943244
vt 0.199751 0.942242
vt 0.203578 0.942242
vt 0.156483 0.959974
vt 0.156483 0.961172
vt 0.152657 0.961172
vt 0.152657 0.959974
vt 0.156483 0.962766
vt 0.152657 0.962766
vt 0.156483 0.964225
vt 0.152657 0.964225
vt 0.156483 0.965551
vt 0.152657 0.965551
vt 0.046942 0.968512
vt 0.046942 0.969267
vt 0.043115 0.969267
vt 0.043115 0.968512
vt 0.046942 0.970211
vt 0.043115 0.970211
vt 0.046942 0.971502
vt 0.043115 0.971502
vt 0.046942 0.973300
vt 0.043115 0.973300
vt 0.838809 0.939892
vt 0.838288 0.939892
vt 0.838288 0.936065
vt 0.838809 0.936065
vt 0.308662 0.949666
vt 0.308662 0.943109
vt 0.312489 0.943109
vt 0.312489 0.949666
vt 0.846083 0.936065
vt 0.846605 0.936065
vt 0.846605 0.939891
vt 0.846083 0.939891
vt 0.853879 0.935674
vt 0.854753 0.935674
vt 0.854753 0.939500
vt 0.853879 0.939500
vt 0.574657 0.951869
vt 0.574657 0.951312
vt 0.578483 0.951312
vt 0.578483 0.951869
vt 0.574657 0.951051
vt 0.578483 0.951051
vt 0.574657 0.950550
vt 0.578483 0.950550
vt 0.574657 0.949902
vt 0.578483 0.949902
vt 0.574657 0.949211
vt 0.578483 0.949211
vt 0.574657 0.948386
vt 0.578483 0.948386
vt 0.574657 0.947716
vt 0.578483 0.947716
vt 0.574657 0.947039
vt 0.578483 0.947039
vt 0.574657 0.946193
vt 0.578483 0.946193
vt 0.574657 0.943760
vt 0.578483 0.943760
vt 0.884885 0.921824
vt 0.884885 0.922980
vt 0.881059 0.922980
vt 0.881059 0.921824
vt 0.884885 0.924672
vt 0.881059 0.924672
vt 0.884885 0.926710
vt 0.881059 0.926710
vt 0.884885 0.928861
vt 0.881059 0.928861
vt 0.884885 0.930454
vt 0.881059 0.930454
vt 0.884885 0.931730
vt 0.881059 0.931730
vt 0.267173 0.952643
vt 0.267173 0.954815
vt 0.263347 0.954815
vt 0.263347 0.952643
vt 0.267173 0.956697
vt 0.263347 0.956697
vt 0.233464 0.942071
vt 0.233464 0.943030
vt 0.229637 0.943030
vt 0.229637 0.942071
vt 0.233464 0.944109
vt 0.229637 0.944109
vt 0.233464 0.945484
vt 0.229637 0.945484
vt 0.233464 0.946577
vt 0.229637 0.946577
vt 0.233464 0.947515
vt 0.229637 0.947515
vt 0.233464 0.948170
vt 0.229637 0.948170
vt 0.335458 0.958321
vt 0.335458 0.956982
vt 0.339284 0.956982
vt 0.339284 0.958321
vt 0.335458 0.955691
vt 0.339284 0.955691
vt 0.335458 0.954478
vt 0.339284 0.954478
vt 0.031421 0.972062
vt 0.031421 0.971293
vt 0.035248 0.971293
vt 0.035248 0.972062
vt 0.031421 0.970278
vt 0.035248 0.970278
vt 0.031421 0.967246
vt 0.035248 0.967246
vt 0.861675 0.935674
vt 0.862197 0.935674
vt 0.862197 0.939500
vt 0.861675 0.939500
vt 0.322451 0.943838
vt 0.322451 0.950451
vt 0.318624 0.950451
vt 0.318624 0.943838
vt 0.022331 0.930946
vt 0.021809 0.930946
vt 0.021436 0.930064
vt 0.020836 0.929846
vt 0.019722 0.930198
vt 0.016493 0.930946
vt 0.014258 0.930544
vt 0.012488 0.929451
vt 0.011317 0.927844
vt 0.010895 0.925911
vt 0.011353 0.923824
vt 0.012573 0.922266
vt 0.014328 0.921011
vt 0.016394 0.919805
vt 0.018192 0.918790
vt 0.019687 0.917845
vt 0.020709 0.916724
vt 0.021090 0.915180
vt 0.020829 0.913988
vt 0.020075 0.912987
vt 0.018876 0.912303
vt 0.017283 0.912049
vt 0.015823 0.912226
vt 0.014498 0.912719
vt 0.013390 0.913474
vt 0.012587 0.914419
vt 0.012030 0.915709
vt 0.011600 0.917507
vt 0.011078 0.917507
vt 0.011078 0.910950
vt 0.011600 0.910950
vt 0.011903 0.911824
vt 0.012460 0.912035
vt 0.012721 0.911993
vt 0.013221 0.911880
vt 0.013870 0.911704
vt 0.014561 0.911471
vt 0.015386 0.911182
vt 0.016056 0.911027
vt 0.016733 0.910964
vt 0.017579 0.910950
vt 0.020011 0.911380
vt 0.021915 0.912536
vt 0.023156 0.914228
vt 0.023600 0.916266
vt 0.023135 0.918416
vt 0.021887 0.920010
vt 0.020075 0.921286
vt 0.017903 0.922471
vt 0.016021 0.923472
vt 0.014512 0.924431
vt 0.013503 0.925510
vt 0.013137 0.926885
vt 0.013390 0.927978
vt 0.014103 0.928915
vt 0.015181 0.929571
vt 0.016521 0.929818
vt 0.017812 0.929642
vt 0.019024 0.929148
vt 0.020082 0.928379
vt 0.020893 0.927364
vt 0.021809 0.924332
vt 0.022331 0.924332
vt 0.111257 0.969964
vt 0.111257 0.974491
vt 0.107430 0.974491
vt 0.107430 0.969964
vt 0.417836 0.958895
vt 0.417314 0.958895
vt 0.417314 0.955068
vt 0.417836 0.955068
vt 0.425110 0.954891
vt 0.425279 0.954891
vt 0.425279 0.958718
vt 0.425110 0.958718
vt 0.426217 0.954891
vt 0.426217 0.958718
vt 0.426844 0.954891
vt 0.426844 0.958718
vt 0.787615 0.921660
vt 0.787615 0.921054
vt 0.791441 0.921054
vt 0.791441 0.921660
vt 0.787615 0.920024
vt 0.791441 0.920024
vt 0.787615 0.914256
vt 0.791441 0.914256
vt 0.787615 0.911464
vt 0.791441 0.911464
vt 0.787615 0.909835
vt 0.791441 0.909835
vt 0.258852 0.948638
vt 0.258852 0.946762
vt 0.262679 0.946762
vt 0.262679 0.948638
vt 0.258852 0.944915
vt 0.262679 0.944915
vt 0.258852 0.942376
vt 0.262679 0.942376
vt 0.437590 0.958815
vt 0.434854 0.958815
vt 0.434854 0.954988
vt 0.437590 0.954988
vt 0.152256 0.974041
vt 0.152256 0.973407
vt 0.156083 0.973407
vt 0.156083 0.974041
vt 0.152256 0.969543
vt 0.156083 0.969543
vt 0.444599 0.954989
vt 0.445093 0.954989
vt 0.445093 0.958816
vt 0.444599 0.958816
vt 0.453925 0.958816
vt 0.452938 0.958816
vt 0.452938 0.954989
vt 0.453925 0.954989
vt 0.452395 0.958816
vt 0.452395 0.954989
vt 0.867451 0.906636
vt 0.867451 0.907327
vt 0.863624 0.907327
vt 0.863624 0.906636
vt 0.867451 0.910076
vt 0.863624 0.910076
vt 0.867451 0.917903
vt 0.863624 0.917903
vt 0.189215 0.961928
vt 0.189215 0.966328
vt 0.185388 0.966328
vt 0.185388 0.961928
vt 0.460713 0.958844
vt 0.460191 0.958844
vt 0.460191 0.955017
vt 0.460713 0.955017
vt 0.467987 0.955017
vt 0.469023 0.955017
vt 0.469023 0.958844
vt 0.467987 0.958844
vt 0.469658 0.955017
vt 0.469658 0.958844
vt 0.984555 0.887048
vt 0.984555 0.886469
vt 0.988382 0.886469
vt 0.988382 0.887048
vt 0.984555 0.885560
vt 0.988382 0.885560
vt 0.984555 0.878241
vt 0.988382 0.878241
vt 0.984555 0.877352
vt 0.988382 0.877352
vt 0.984555 0.876788
vt 0.988382 0.876788
vt 0.479917 0.958792
vt 0.479184 0.958792
vt 0.479184 0.954965
vt 0.479917 0.954965
vt 0.478542 0.958792
vt 0.478542 0.954965
vt 0.477731 0.958792
vt 0.477731 0.954965
vt 0.844063 0.906636
vt 0.844063 0.907059
vt 0.840236 0.907059
vt 0.840236 0.906636
vt 0.844063 0.907954
vt 0.840236 0.907954
vt 0.844063 0.909463
vt 0.840236 0.909463
vt 0.844063 0.918108
vt 0.840236 0.918108
vt 0.319535 0.934591
vt 0.319535 0.939117
vt 0.319014 0.939117
vt 0.319014 0.938948
vt 0.318943 0.938010
vt 0.318661 0.937383
vt 0.318055 0.937037
vt 0.317025 0.936931
vt 0.311258 0.936931
vt 0.308466 0.936621
vt 0.306837 0.935507
vt 0.306223 0.933632
vt 0.306689 0.931784
vt 0.308959 0.929246
vt 0.306223 0.929246
vt 0.306223 0.928611
vt 0.307817 0.924747
vt 0.308310 0.924945
vt 0.308071 0.925932
vt 0.308268 0.926475
vt 0.308959 0.926820
vt 0.311709 0.926919
vt 0.319535 0.926919
vt 0.319535 0.931319
vt 0.319014 0.931319
vt 0.318908 0.930282
vt 0.318598 0.929648
vt 0.318019 0.929330
vt 0.317110 0.929246
vt 0.309791 0.929246
vt 0.308903 0.930233
vt 0.308339 0.931072
vt 0.308042 0.931805
vt 0.307958 0.932447
vt 0.308063 0.933258
vt 0.308487 0.933942
vt 0.309382 0.934414
vt 0.310891 0.934591
vt 0.167777 0.969585
vt 0.167777 0.970177
vt 0.163950 0.970177
vt 0.163950 0.969585
vt 0.167777 0.974084
vt 0.163950 0.974084
vt 0.487984 0.958792
vt 0.487476 0.958792
vt 0.487476 0.954965
vt 0.487984 0.954965
vt 0.495272 0.958582
vt 0.496259 0.958582
vt 0.496259 0.962409
vt 0.495272 0.962409
vt 0.961071 0.872947
vt 0.961071 0.872115
vt 0.964898 0.872115
vt 0.964898 0.872947
vt 0.961071 0.869436
vt 0.964898 0.869436
vt 0.961071 0.864429
vt 0.964898 0.864429
vt 0.961071 0.863181
vt 0.964898 0.863181
vt 0.961071 0.862455
vt 0.964898 0.862455
vt 0.504703 0.962409
vt 0.504083 0.962409
vt 0.504083 0.958582
vt 0.504703 0.958582
vt 0.503068 0.962409
vt 0.503068 0.958582
vt 0.511371 0.962519
vt 0.510864 0.962519
vt 0.510864 0.958692
vt 0.511371 0.958692
vt 0.328586 0.950451
vt 0.328586 0.943838
vt 0.332413 0.943838
vt 0.332413 0.950451
vt 0.518659 0.958692
vt 0.519167 0.958692
vt 0.519167 0.962519
vt 0.518659 0.962519
vt 0.527654 0.962804
vt 0.526455 0.962804
vt 0.526455 0.958977
vt 0.527654 0.958977
vt 0.953205 0.862455
vt 0.953205 0.862956
vt 0.949378 0.862956
vt 0.949378 0.862455
vt 0.953205 0.863745
vt 0.949378 0.863745
vt 0.953205 0.864789
vt 0.949378 0.864789
vt 0.953205 0.870980
vt 0.949378 0.870980
vt 0.953205 0.871861
vt 0.949378 0.871861
vt 0.953205 0.872552
vt 0.949378 0.872552
vt 0.953205 0.873003
vt 0.949378 0.873003
vt 0.534251 0.959000
vt 0.534660 0.959000
vt 0.534660 0.962827
vt 0.534251 0.962827
vt 0.535026 0.959000
vt 0.535026 0.962827
vt 0.535555 0.959000
vt 0.535555 0.962827
vt 0.536141 0.959000
vt 0.536141 0.962827
vt 0.536676 0.959000
vt 0.536676 0.962827
vt 0.537551 0.959000
vt 0.537551 0.962827
vt 0.543996 0.959111
vt 0.544926 0.959111
vt 0.544926 0.962938
vt 0.543996 0.962938
vt 0.545518 0.959111
vt 0.545518 0.962938
vt 0.546019 0.959111
vt 0.546019 0.962938
vt 0.546365 0.959111
vt 0.546365 0.962938
vt 0.278867 0.952643
vt 0.278867 0.953348
vt 0.275040 0.953348
vt 0.275040 0.952643
vt 0.278867 0.956676
vt 0.275040 0.956676
vt 0.553741 0.959111
vt 0.556645 0.959111
vt 0.556645 0.962938
vt 0.553741 0.962938
vt 0.642044 0.942046
vt 0.641452 0.942046
vt 0.637545 0.940467
vt 0.637687 0.939959
vt 0.638674 0.940170
vt 0.639618 0.939338
vt 0.639717 0.936659
vt 0.639717 0.931653
vt 0.639633 0.930405
vt 0.639322 0.929678
vt 0.638702 0.929340
vt 0.637687 0.929255
vt 0.637687 0.928748
vt 0.644300 0.928748
vt 0.644300 0.929255
vt 0.643102 0.929432
vt 0.642418 0.929932
vt 0.642115 0.930722
vt 0.642044 0.931766
vt 0.642044 0.937956
vt 0.642537 0.938838
vt 0.643031 0.939529
vt 0.643497 0.939980
vt 0.643905 0.940142
vt 0.644272 0.939987
vt 0.644801 0.939656
vt 0.645386 0.939324
vt 0.645922 0.939169
vt 0.646796 0.939550
vt 0.647163 0.940481
vt 0.647029 0.941073
vt 0.646648 0.941574
vt 0.646077 0.941919
vt 0.645372 0.942046
vt 0.642044 0.939141
vt 0.134644 0.969798
vt 0.134644 0.970418
vt 0.130818 0.970418
vt 0.130818 0.969798
vt 0.134644 0.974311
vt 0.130818 0.974311
vt 0.696522 0.937941
vt 0.696014 0.937941
vt 0.696014 0.934114
vt 0.696522 0.934114
vt 0.703810 0.934071
vt 0.704769 0.934071
vt 0.704769 0.937898
vt 0.703810 0.937898
vt 0.705283 0.934071
vt 0.705283 0.937898
vt 0.927939 0.873095
vt 0.927939 0.872651
vt 0.931766 0.872651
vt 0.931766 0.873095
vt 0.927939 0.871593
vt 0.931766 0.871593
vt 0.927939 0.869661
vt 0.931766 0.869661
vt 0.927939 0.864683
vt 0.931766 0.864683
vt 0.927939 0.863061
vt 0.931766 0.863061
vt 0.927939 0.862702
vt 0.931766 0.862702
vt 0.927939 0.862455
vt 0.931766 0.862455
vt 0.712882 0.938998
vt 0.712388 0.938998
vt 0.712388 0.935171
vt 0.712882 0.935171
vt 0.711606 0.938998
vt 0.711606 0.935171
vt 0.719909 0.939005
vt 0.719401 0.939005
vt 0.719401 0.935179
vt 0.719909 0.935179
vt 0.268814 0.948651
vt 0.268814 0.942376
vt 0.272641 0.942376
vt 0.272641 0.948651
vt 0.727197 0.935179
vt 0.727705 0.935179
vt 0.727705 0.939005
vt 0.727197 0.939005
vt 0.736262 0.939022
vt 0.734993 0.939022
vt 0.734993 0.935195
vt 0.736262 0.935195
vt 0.750513 0.909835
vt 0.750513 0.910054
vt 0.746687 0.910054
vt 0.746687 0.909835
vt 0.750513 0.910414
vt 0.746687 0.910414
vt 0.750513 0.911041
vt 0.746687 0.911041
vt 0.750513 0.912049
vt 0.746687 0.912049
vt 0.750513 0.922428
vt 0.746687 0.922428
vt 0.673241 0.918017
vt 0.672621 0.918017
vt 0.668729 0.916438
vt 0.668926 0.915931
vt 0.669885 0.916142
vt 0.670400 0.916050
vt 0.670710 0.915606
vt 0.670858 0.914549
vt 0.670900 0.912616
vt 0.670900 0.907639
vt 0.670703 0.906017
vt 0.670498 0.905657
vt 0.670202 0.905410
vt 0.669709 0.905269
vt 0.668926 0.905227
vt 0.668926 0.904720
vt 0.675201 0.904720
vt 0.675201 0.905227
vt 0.673932 0.905425
vt 0.673629 0.905643
vt 0.673411 0.906003
vt 0.673284 0.906630
vt 0.673241 0.907639
vt 0.717257 0.922520
vt 0.717257 0.931179
vt 0.713430 0.931179
vt 0.713430 0.922520
vt 0.743310 0.943075
vt 0.742789 0.943075
vt 0.742789 0.939249
vt 0.743310 0.939249
vt 0.750585 0.939249
vt 0.751304 0.939249
vt 0.751304 0.943075
vt 0.750585 0.943075
vt 0.752940 0.939249
vt 0.752940 0.943075
vt 0.132767 0.956340
vt 0.132767 0.954098
vt 0.136593 0.954098
vt 0.136593 0.956340
vt 0.132767 0.941759
vt 0.136593 0.941759
vt 0.132767 0.939672
vt 0.136593 0.939672
vt 0.762783 0.943237
vt 0.761049 0.943237
vt 0.761049 0.939410
vt 0.762783 0.939410
vt 0.760329 0.943237
vt 0.760329 0.939410
vt 0.770596 0.943237
vt 0.770074 0.943237
vt 0.770074 0.939410
vt 0.770596 0.939410
vt 0.280887 0.938344
vt 0.280887 0.923537
vt 0.284714 0.923537
vt 0.284714 0.938344
vt 0.098634 0.960664
vt 0.098634 0.965853
vt 0.094807 0.965853
vt 0.094807 0.960664
vt 0.778335 0.942930
vt 0.777870 0.942930
vt 0.777870 0.939104
vt 0.778335 0.939104
vt 0.788994 0.943001
vt 0.787457 0.943001
vt 0.787457 0.939175
vt 0.788994 0.939175
vt 0.786378 0.943001
vt 0.786378 0.939175
vt 0.785666 0.943001
vt 0.785666 0.939175
vt 0.518227 0.947170
vt 0.518227 0.948016
vt 0.514400 0.948016
vt 0.514400 0.947170
vt 0.518227 0.951104
vt 0.514400 0.951104
vt 0.518227 0.952501
vt 0.514400 0.952501
vt 0.518227 0.954700
vt 0.514400 0.954700
vt 0.107359 0.939672
vt 0.107359 0.939905
vt 0.103532 0.939905
vt 0.103532 0.939672
vt 0.107359 0.940285
vt 0.103532 0.940285
vt 0.107359 0.940870
vt 0.103532 0.940870
vt 0.107359 0.941717
vt 0.103532 0.941717
vt 0.107359 0.953732
vt 0.103532 0.953732
vt 0.107359 0.955889
vt 0.103532 0.955889
vt 0.107359 0.956305
vt 0.103532 0.956305
vt 0.107359 0.956637
vt 0.103532 0.956637
vt 0.795411 0.939174
vt 0.796257 0.939174
vt 0.796257 0.943001
vt 0.795411 0.943001
vt 0.797547 0.939174
vt 0.797547 0.943001
vt 0.805155 0.935924
vt 0.805677 0.935924
vt 0.805677 0.939751
vt 0.805155 0.939751
vt 0.010651 0.954059
vt 0.001992 0.954059
vt 0.001992 0.953538
vt 0.002711 0.953538
vt 0.004347 0.952917
vt 0.004742 0.950675
vt 0.004742 0.938336
vt 0.004446 0.936249
vt 0.002711 0.935459
vt 0.001992 0.935459
vt 0.001992 0.934937
vt 0.016799 0.934937
vt 0.018435 0.940127
vt 0.017970 0.940225
vt 0.017229 0.938688
vt 0.016496 0.937609
vt 0.015727 0.936898
vt 0.014881 0.936474
vt 0.011793 0.936150
vt 0.010397 0.936150
vt 0.008197 0.936291
vt 0.007830 0.936524
vt 0.007605 0.936904
vt 0.007485 0.937490
vt 0.007450 0.938336
vt 0.007450 0.950351
vt 0.007675 0.952508
vt 0.007993 0.952924
vt 0.008514 0.953256
vt 0.009360 0.953467
vt 0.010651 0.953538
vt 0.122951 0.969777
vt 0.122951 0.970397
vt 0.119124 0.970397
vt 0.119124 0.969777
vt 0.122951 0.974289
vt 0.119124 0.974289
vt 0.563993 0.962938
vt 0.563485 0.962938
vt 0.563485 0.959111
vt 0.563993 0.959111
vt 0.571281 0.959111
vt 0.572240 0.959111
vt 0.572240 0.962938
vt 0.571281 0.962938
vt 0.572755 0.959111
vt 0.572755 0.962938
vt 0.916246 0.917275
vt 0.916246 0.916831
vt 0.920072 0.916831
vt 0.920072 0.917275
vt 0.916246 0.915774
vt 0.920072 0.915774
vt 0.916246 0.913842
vt 0.920072 0.913842
vt 0.916246 0.908864
vt 0.920072 0.908864
vt 0.916246 0.907242
vt 0.920072 0.907242
vt 0.916246 0.906882
vt 0.920072 0.906882
vt 0.916246 0.906636
vt 0.920072 0.906636
vt 0.580353 0.962542
vt 0.579859 0.962542
vt 0.579859 0.958715
vt 0.580353 0.958715
vt 0.579077 0.962542
vt 0.579077 0.958715
vt 0.587380 0.962542
vt 0.586873 0.962542
vt 0.586873 0.958715
vt 0.587380 0.958715
vt 0.278776 0.948611
vt 0.278776 0.942335
vt 0.282603 0.942335
vt 0.282603 0.948611
vt 0.594668 0.958715
vt 0.595176 0.958715
vt 0.595176 0.962542
vt 0.594668 0.962542
vt 0.603733 0.962485
vt 0.602464 0.962485
vt 0.602464 0.958658
vt 0.603733 0.958658
vt 0.738820 0.905915
vt 0.738820 0.906134
vt 0.734993 0.906134
vt 0.734993 0.905915
vt 0.738820 0.906494
vt 0.734993 0.906494
vt 0.738820 0.907121
vt 0.734993 0.907121
vt 0.738820 0.908130
vt 0.734993 0.908130
vt 0.738820 0.918508
vt 0.734993 0.918508
vt 0.659599 0.942046
vt 0.658978 0.942046
vt 0.655086 0.940467
vt 0.655283 0.939959
vt 0.656242 0.940170
vt 0.656757 0.940079
vt 0.657067 0.939635
vt 0.657215 0.938577
vt 0.657258 0.936645
vt 0.657258 0.931667
vt 0.657060 0.930045
vt 0.656856 0.929686
vt 0.656560 0.929439
vt 0.656066 0.929298
vt 0.655283 0.929255
vt 0.655283 0.928748
vt 0.661559 0.928748
vt 0.661559 0.929255
vt 0.660290 0.929453
vt 0.659986 0.929672
vt 0.659768 0.930031
vt 0.659641 0.930659
vt 0.659599 0.931667
vt 0.382797 0.956315
vt 0.382233 0.956315
vt 0.382233 0.952488
vt 0.382797 0.952488
vt 0.392665 0.956420
vt 0.392362 0.956420
vt 0.392362 0.952593
vt 0.392665 0.952593
vt 0.391911 0.956420
vt 0.391911 0.952593
vt 0.391354 0.956420
vt 0.391354 0.952593
vt 0.390797 0.956420
vt 0.390797 0.952593
vt 0.390339 0.956420
vt 0.390339 0.952593
vt 0.390029 0.956420
vt 0.390029 0.952593
vt 0.399773 0.952593
vt 0.400330 0.952593
vt 0.400330 0.956420
vt 0.399773 0.956420
vt 0.400887 0.952593
vt 0.400887 0.956420
vt 0.407569 0.955068
vt 0.407879 0.955068
vt 0.407879 0.958895
vt 0.407569 0.958895
vt 0.408338 0.955068
vt 0.408338 0.958895
vt 0.408894 0.955068
vt 0.408894 0.958895
vt 0.409452 0.955068
vt 0.409452 0.958895
vt 0.409903 0.955068
vt 0.409903 0.958895
vt 0.410206 0.955068
vt 0.410206 0.958895
vt 0.383354 0.956315
vt 0.383354 0.952488
vt 0.193964 0.973182
vt 0.193400 0.973069
vt 0.192941 0.972766
vt 0.192638 0.972314
vt 0.192526 0.971757
vt 0.192638 0.971201
vt 0.192949 0.970742
vt 0.193407 0.970432
vt 0.193964 0.970319
vt 0.194521 0.970432
vt 0.194972 0.970742
vt 0.195275 0.971201
vt 0.195388 0.971757
vt 0.195275 0.972314
vt 0.194972 0.972766
vt 0.194521 0.973069
vt 0.099654 0.263811
vt 0.107029 0.263811
vt 0.107029 0.441879
vt 0.099654 0.441879
vt 0.448657 0.943623
vt 0.456031 0.943623
vt 0.456031 0.950997
vt 0.448657 0.950997
vt 0.086144 0.263811
vt 0.093519 0.263811
vt 0.093519 0.441879
vt 0.086144 0.441879
vt 0.435147 0.943622
vt 0.442521 0.943622
vt 0.442521 0.950997
vt 0.435147 0.950997
vt 0.072634 0.263811
vt 0.080009 0.263811
vt 0.080009 0.441879
vt 0.072634 0.441879
vt 0.059124 0.263811
vt 0.066499 0.263811
vt 0.066499 0.441879
vt 0.059124 0.441879
vt 0.286548 0.192676
vt 0.286548 0.190846
vt 0.286916 0.190846
vt 0.286916 0.192676
vt 0.287128 0.192676
vt 0.287128 0.190846
vt 0.288958 0.190846
vt 0.288958 0.192676
vt 0.289159 0.192581
vt 0.289159 0.190751
vt 0.289527 0.190751
vt 0.289527 0.192581
vt 0.289740 0.190751
vt 0.291570 0.190751
vt 0.291570 0.192581
vt 0.289740 0.192581
vt 0.291771 0.191265
vt 0.291771 0.189435
vt 0.292138 0.189435
vt 0.292138 0.191265
vt 0.292351 0.191265
vt 0.292351 0.189435
vt 0.292719 0.189435
vt 0.292719 0.191265
vt 0.880460 0.841181
vt 0.895911 0.841181
vt 0.916957 0.902644
vt 0.859414 0.902644
vt 0.724709 0.901924
vt 0.724709 0.844381
vt 0.742249 0.844381
vt 0.742249 0.901924
vt 0.795736 0.841181
vt 0.853279 0.841181
vt 0.832233 0.902644
vt 0.816781 0.902644
vt 0.052860 0.938057
vt 0.068311 0.938057
vt 0.068311 0.955597
vt 0.052860 0.955597
vt 0.772060 0.844381
vt 0.789600 0.844381
vt 0.789600 0.905844
vt 0.772060 0.905844
vt 0.748384 0.844381
vt 0.765924 0.844381
vt 0.765924 0.905844
vt 0.748384 0.905844
vt 0.748280 0.433325
vt 0.748280 0.219631
vt 0.865532 0.219631
vt 0.865532 0.433325
vt 0.624892 0.477505
vt 0.624892 0.263811
vt 0.742144 0.263811
vt 0.742144 0.477505
vt 0.492416 0.477505
vt 0.492416 0.263811
vt 0.618756 0.263811
vt 0.618756 0.477505
vt 0.251900 0.776627
vt 0.251900 0.650286
vt 0.369153 0.650286
vt 0.369153 0.776627
vt 0.128512 0.776626
vt 0.128512 0.650286
vt 0.245765 0.650286
vt 0.245765 0.776626
vt 0.253019 0.237729
vt 0.253019 0.024035
vt 0.379360 0.024035
vt 0.379360 0.237729
vt 0.432012 0.024035
vt 0.432012 0.237729
vt 0.399773 0.259819
vt 0.399773 0.001945
vt 0.239959 0.001945
vt 0.392420 0.001945
vt 0.438752 0.237729
vt 0.438752 0.024035
vt 0.470991 0.001945
vt 0.470991 0.259819
vt 0.392420 0.259819
vt 0.239959 0.259819
vn 0.000000 1.000000 0.000000
vn -0.376796 0.926296 0.000000
vn -0.376796 0.926296 0.000000
vn 0.000000 1.000000 0.000000
vn -0.703866 0.710333 0.000000
vn -0.703866 0.710333 0.000000
vn -0.924463 0.381273 0.000000
vn -0.924463 0.381273 0.000000
vn -1.000000 0.000000 0.000000
vn -1.000000 0.000000 0.000000
vn -0.923025 -0.384740 0.000000
vn -0.923025 -0.384740 0.000000
vn -0.707114 -0.707100 0.000000
vn -0.707114 -0.707100 0.000000
vn -0.384706 -0.923039 0.000000
vn -0.384706 -0.923039 0.000000
vn -0.000000 -1.000000 0.000000
vn -0.000000 -1.000000 0.000000
vn 0.386875 -0.922132 0.000000
vn 0.386875 -0.922132 0.000000
vn 0.713642 -0.700511 0.000000
vn 0.713642 -0.700511 0.000000
vn 0.925360 -0.379088 0.000000
vn 0.925360 -0.379088 0.000000
vn 1.000000 0.000000 0.000000
vn 1.000000 0.000000 0.000000
vn 0.924482 0.381227 0.000000
vn 0.924482 0.381227 0.000000
vn 0.707100 0.707114 0.000000
vn 0.707100 0.707114 0.000000
vn 0.381236 0.924478 0.000000
vn 0.381236 0.924478 0.000000
vn 0.000000 0.000000 1.000000
vn 0.000000 0.000000 1.000000
vn 0.000000 0.000000 1.000000
vn 0.000000 0.000000 1.000000
vn 0.000000 0.000000 1.000000
vn 0.000000 0.000000 1.000000
vn 0.000000 0.000000 1.000000
vn 0.000000 0.000000 1.000000
vn 0.000000 0.000000 1.000000
vn 0.000000 0.000000 1.000000
vn 0.000000 0.000000 1.000000
vn 0.000000 0.000000 1.000000
vn 0.000000 0.000000 1.000000
vn 0.000000 0.000000 1.000000
vn 0.000000 0.000000 1.000000
vn 0.000000 0.000000 1.000000
vn 0.034084 0.999419 0.000000
vn -0.282863 0.959160 0.000000
vn -0.282863 0.959160 0.000000
vn 0.034084 0.999419 0.000000
vn -0.598520 0.801108 0.000000
vn -0.598520 0.801108 0.000000
vn -0.873530 0.486771 0.000000
vn -0.873530 0.486771 0.000000
vn -0.965147 0.261709 0.000000
vn -0.965147 0.261709 0.000000
vn -0.949399 -0.314072 0.000000
vn -0.949399 -0.314072 0.000000
vn -0.949399 -0.314072 0.000000
vn -0.949399 -0.314072 0.000000
vn -0.394599 -0.918853 0.000000
vn -0.394599 -0.918853 0.000000
vn -0.394599 -0.918853 0.000000
vn -0.394599 -0.918853 0.000000
vn 0.376506 -0.926414 0.000000
vn 0.376506 -0.926414 0.000000
vn 0.376506 -0.926414 0.000000
vn 0.376506 -0.926414 0.000000
vn 0.949318 -0.314318 0.000000
vn 0.986392 -0.164409 0.000000
vn 0.986392 -0.164409 0.000000
vn 0.949318 -0.314318 0.000000
vn 0.997173 -0.075140 0.000000
vn 0.997173 -0.075140 0.000000
vn 0.902376 -0.430951 0.000000
vn 0.902376 -0.430951 0.000000
vn 0.651598 -0.758564 0.000000
vn 0.651598 -0.758564 0.000000
vn 0.323307 -0.946294 0.000000
vn 0.323307 -0.946294 0.000000
vn -0.015501 -0.999880 0.000000
vn -0.015501 -0.999880 0.000000
vn -0.373367 -0.927684 0.000000
vn -0.373367 -0.927684 0.000000
vn -0.792724 -0.609581 0.000000
vn -0.792724 -0.609581 0.000000
vn -0.973242 -0.229782 0.000000
vn -0.973242 -0.229782 0.000000
vn -0.997118 -0.075866 0.000000
vn -0.997118 -0.075866 0.000000
vn -1.000000 0.000000 0.000000
vn -1.000000 0.000000 0.000000
vn -0.396542 0.918017 0.000000
vn -0.432811 0.901485 0.000000
vn -0.432811 0.901485 0.000000
vn -0.396542 0.918017 0.000000
vn -0.644224 0.764837 0.000000
vn -0.644224 0.764837 0.000000
vn -0.813743 0.581225 0.000000
vn -0.813743 0.581225 0.000000
vn -0.954538 0.298088 0.000000
vn -0.954538 0.298088 0.000000
vn -0.999367 -0.035571 0.000000
vn -0.999367 -0.035571 0.000000
vn -0.940115 -0.340858 0.000000
vn -0.940115 -0.340858 0.000000
vn -0.730526 -0.682885 0.000000
vn -0.730526 -0.682885 0.000000
vn -0.384537 -0.923110 0.000000
vn -0.384537 -0.923110 0.000000
vn 0.039408 -0.999223 0.000000
vn 0.039408 -0.999223 0.000000
vn 0.459286 -0.888288 0.000000
vn 0.459286 -0.888288 0.000000
vn 0.579993 -0.814622 0.000000
vn 0.579993 -0.814622 0.000000
vn -0.968142 -0.250401 0.000000
vn -0.968142 -0.250401 0.000000
vn -0.968142 -0.250401 0.000000
vn -0.968142 -0.250401 0.000000
vn -0.399301 -0.916820 0.000000
vn -0.399301 -0.916820 0.000000
vn -0.399301 -0.916820 0.000000
vn -0.399301 -0.916820 0.000000
vn 0.573926 -0.818907 0.000000
vn 0.573926 -0.818907 0.000000
vn 0.573926 -0.818907 0.000000
vn 0.573926 -0.818907 0.000000
vn 1.000000 0.000000 0.000000
vn 1.000000 0.000000 0.000000
vn 1.000000 0.000000 0.000000
vn 1.000000 0.000000 0.000000
vn -0.702657 0.711529 0.000000
vn -0.685740 0.727846 0.000000
vn -0.685740 0.727846 0.000000
vn -0.702657 0.711529 0.000000
vn -0.597462 0.801897 0.000000
vn -0.597462 0.801897 0.000000
vn -0.350963 0.936389 0.000000
vn -0.350963 0.936389 0.000000
vn 0.152186 0.988352 0.000000
vn 0.152186 0.988352 0.000000
vn 0.352860 0.935676 0.000000
vn 0.352860 0.935676 0.000000
vn 0.920971 0.389632 0.000000
vn 0.978095 0.208157 0.000000
vn 0.978095 0.208157 0.000000
vn 0.920971 0.389632 0.000000
vn 0.999519 0.031019 0.000000
vn 0.999519 0.031019 0.000000
vn 0.999994 0.003588 0.000000
vn 0.999994 0.003588 0.000000
vn 0.999318 0.036941 0.000000
vn 0.999318 0.036941 0.000000
vn 0.994810 0.101751 0.000000
vn 0.994810 0.101751 0.000000
vn 0.707097 0.707117 0.000000
vn 0.707097 0.707117 0.000000
vn 0.707097 0.707117 0.000000
vn 0.707097 0.707117 0.000000
vn 0.169654 0.985504 0.000000
vn 0.169654 0.985504 0.000000
vn -1.000000 0.000000 0.000000
vn -1.000000 0.000000 0.000000
vn -1.000000 0.000000 0.000000
vn -1.000000 0.000000 0.000000
vn -0.447251 0.894409 0.000000
vn -0.447251 0.894409 0.000000
vn -0.447251 0.894409 0.000000
vn -0.447251 0.894409 0.000000
vn 0.225369 0.974274 0.000000
vn 0.430726 0.902483 0.000000
vn 0.430726 0.902483 0.000000
vn 0.225369 0.974274 0.000000
vn 0.754734 0.656031 0.000000
vn 0.754734 0.656031 0.000000
vn 0.942194 0.335067 0.000000
vn 0.942194 0.335067 0.000000
vn 0.991465 -0.130376 0.000000
vn 0.991465 -0.130376 0.000000
vn 0.950952 -0.309338 0.000000
vn 0.950952 -0.309338 0.000000
vn 0.633346 -0.773869 0.000000
vn 0.567524 -0.823357 0.000000
vn 0.567524 -0.823357 0.000000
vn 0.633346 -0.773869 0.000000
vn 0.399649 -0.916668 0.000000
vn 0.399649 -0.916668 0.000000
vn 0.379172 -0.925326 0.000000
vn 0.379172 -0.925326 0.000000
vn 0.000000 0.000000 1.000000
vn 0.000000 0.000000 1.000000
vn 0.000000 0.000000 1.000000
vn 0.000000 0.000000 1.000000
vn 0.000000 0.000000 1.000000
vn 0.000000 0.000000 1.000000
vn 0.000000 0.000000 1.000000
vn 0.000000 0.000000 1.000000
vn 0.000000 0.000000 1.000000
vn 0.000000 0.000000 1.000000
vn 0.000000 0.000000 1.000000
vn 0.000000 0.000000 1.000000
vn 0.000000 0.000000 1.000000
vn 0.000000 0.000000 1.000000
vn 0.000000 0.000000 1.000000
vn 0.000000 0.000000 1.000000
vn 0.000000 0.000000 1.000000
vn 0.000000 0.000000 1.000000
vn 0.000000 0.000000 1.000000
vn 0.000000 0.000000 1.000000
vn 0.000000 0.000000 1.000000
vn 0.000000 0.000000 1.000000
vn 0.000000 0.000000 1.000000
vn 0.000000 0.000000 1.000000
vn 0.000000 0.000000 1.000000
vn 0.000000 0.000000 1.000000
vn 0.000000 0.000000 1.000000
vn 0.000000 0.000000 1.000000
vn 0.000000 0.000000 1.000000
vn 0.000000 0.000000 1.000000
vn 0.000000 0.000000 1.000000
vn 0.000000 0.000000 1.000000
vn 0.000000 0.000000 1.000000
vn 0.000000 0.000000 1.000000
vn 0.000000 0.000000 1.000000
vn 0.000000 0.000000 1.000000
vn 0.000000 0.000000 1.000000
vn 0.000000 0.000000 1.000000
vn 0.000000 0.000000 1.000000
vn 0.000000 0.000000 1.000000
vn 0.000000 0.000000 1.000000
vn 0.000000 0.000000 1.000000
vn 0.000000 0.000000 1.000000
vn 0.000000 0.000000 1.000000
vn 0.000000 0.000000 1.000000
vn 0.000000 0.000000 1.000000
vn 0.000000 0.000000 1.000000
vn 0.000000 0.000000 1.000000
vn 0.000000 0.000000 1.000000
vn 0.000000 0.000000 1.000000
vn 0.000000 0.000000 1.000000
vn 0.000000 0.000000 1.000000
vn 0.000000 0.000000 1.000000
vn 0.000000 0.000000 1.000000
vn 0.000000 0.000000 1.000000
vn 0.000000 1.000000 0.000000
vn 0.000000 1.000000 0.000000
vn 0.000000 1.000000 0.000000
vn 0.000000 1.000000 0.000000
vn -0.827918 0.560849 0.000000
vn -0.827918 0.560849 0.000000
vn -0.827918 0.560849 0.000000
vn -0.827918 0.560849 0.000000
vn -0.269707 0.962942 0.000000
vn -0.016992 0.999856 0.000000
vn -0.016992 0.999856 0.000000
vn -0.269707 0.962942 0.000000
vn 0.207726 0.978187 0.000000
vn 0.207726 0.978187 0.000000
vn 0.218628 0.975808 0.000000
vn 0.218628 0.975808 0.000000
vn 0.170840 0.985299 0.000000
vn 0.170840 0.985299 0.000000
vn -0.089705 0.995968 0.000000
vn -0.089705 0.995968 0.000000
vn -0.357217 0.934021 0.000000
vn -0.357217 0.934021 0.000000
vn -0.693284 0.720664 0.000000
vn -0.693284 0.720664 0.000000
vn -0.923998 0.382398 0.000000
vn -0.923998 0.382398 0.000000
vn -0.998034 0.062676 0.000000
vn -0.998034 0.062676 0.000000
vn -0.956612 -0.291366 0.000000
vn -0.956612 -0.291366 0.000000
vn -0.769929 -0.638130 0.000000
vn -0.769929 -0.638130 0.000000
vn -0.561182 -0.827692 0.000000
vn -0.561182 -0.827692 0.000000
vn -0.482567 -0.875859 0.000000
vn -0.482567 -0.875859 0.000000
vn -0.524085 -0.851666 0.000000
vn -0.524085 -0.851666 0.000000
vn -0.697390 -0.716692 0.000000
vn -0.697390 -0.716692 0.000000
vn -0.925687 -0.378290 0.000000
vn -0.925687 -0.378290 0.000000
vn -0.999917 0.012920 0.000000
vn -0.999917 0.012920 0.000000
vn -0.911483 0.411339 0.000000
vn -0.911483 0.411339 0.000000
vn -0.664963 0.746876 0.000000
vn -0.664963 0.746876 0.000000
vn -0.340123 0.940381 0.000000
vn -0.340123 0.940381 0.000000
vn 0.044852 0.998994 0.000000
vn 0.044852 0.998994 0.000000
vn 0.373223 0.927742 0.000000
vn 0.373223 0.927742 0.000000
vn 0.688564 0.725176 0.000000
vn 0.688564 0.725176 0.000000
vn 0.891033 0.453939 0.000000
vn 0.891033 0.453939 0.000000
vn 0.946347 0.323151 0.000000
vn 0.946347 0.323151 0.000000
vn 0.000000 1.000000 0.000000
vn 0.000000 1.000000 0.000000
vn 0.000000 1.000000 0.000000
vn 0.000000 1.000000 0.000000
vn -1.000000 0.000000 0.000000
vn -1.000000 0.000000 0.000000
vn -1.000000 0.000000 0.000000
vn -1.000000 0.000000 0.000000
vn 0.000000 -1.000000 0.000000
vn 0.000000 -1.000000 0.000000
vn 0.000000 -1.000000 0.000000
vn 0.000000 -1.000000 0.000000
vn 0.584990 -0.811041 0.000000
vn 0.584990 -0.811041 0.000000
vn 0.584990 -0.811041 0.000000
vn 0.584990 -0.811041 0.000000
vn -0.103571 -0.994622 0.000000
vn -0.182039 -0.983291 0.000000
vn -0.182039 -0.983291 0.000000
vn -0.103571 -0.994622 0.000000
vn -0.224953 -0.974370 0.000000
vn -0.224953 -0.974370 0.000000
vn -0.154293 -0.988025 0.000000
vn -0.154293 -0.988025 0.000000
vn 0.064250 -0.997934 0.000000
vn 0.064250 -0.997934 0.000000
vn 0.340226 -0.940344 0.000000
vn 0.340226 -0.940344 0.000000
vn 0.650547 -0.759466 0.000000
vn 0.650547 -0.759466 0.000000
vn 0.903189 -0.429243 0.000000
vn 0.903189 -0.429243 0.000000
vn 0.997714 -0.067584 0.000000
vn 0.997714 -0.067584 0.000000
vn 0.931625 0.363421 0.000000
vn 0.931625 0.363421 0.000000
vn 0.746552 0.665327 0.000000
vn 0.746552 0.665327 0.000000
vn 0.563913 0.825834 0.000000
vn 0.563913 0.825834 0.000000
vn 0.482967 0.875639 0.000000
vn 0.482967 0.875639 0.000000
vn 0.521335 0.853352 0.000000
vn 0.521335 0.853352 0.000000
vn 0.698666 0.715448 0.000000
vn 0.698666 0.715448 0.000000
vn 0.925646 0.378390 0.000000
vn 0.925646 0.378390 0.000000
vn 0.999328 -0.036667 0.000000
vn 0.999328 -0.036667 0.000000
vn 0.882235 -0.470810 0.000000
vn 0.882235 -0.470810 0.000000
vn 0.625894 -0.779908 0.000000
vn 0.625894 -0.779908 0.000000
vn 0.316230 -0.948682 0.000000
vn 0.316230 -0.948682 0.000000
vn -0.010166 -0.999948 0.000000
vn -0.010166 -0.999948 0.000000
vn -0.330204 -0.943910 0.000000
vn -0.330204 -0.943910 0.000000
vn -0.695299 -0.718721 0.000000
vn -0.695299 -0.718721 0.000000
vn -0.898912 -0.438130 0.000000
vn -0.898912 -0.438130 0.000000
vn -0.943581 -0.331142 0.000000
vn -0.943581 -0.331142 0.000000
vn 0.000000 -1.000000 0.000000
vn 0.000000 -1.000000 0.000000
vn 0.000000 -1.000000 0.000000
vn 0.000000 -1.000000 0.000000
vn 1.000000 0.000000 0.000000
vn 1.000000 0.000000 0.000000
vn 1.000000 0.000000 0.000000
vn 1.000000 0.000000 0.000000
vn 0.000001 0.000000 1.000000
vn 0.000001 0.000000 1.000000
vn 0.000001 0.000000 1.000000
vn 0.000001 0.000000 1.000000
vn 0.000001 0.000000 1.000000
vn 0.000001 0.000000 1.000000
vn 0.000001 0.000000 1.000000
vn 0.000001 0.000000 1.000000
vn 0.000001 0.000000 1.000000
vn 0.000001 0.000000 1.000000
vn 0.000001 0.000000 1.000000
vn 0.000001 0.000000 1.000000
vn 0.000001 0.000000 1.000000
vn 0.000001 0.000000 1.000000
vn 0.000001 0.000000 1.000000
vn 0.000001 0.000000 1.000000
vn 0.000001 0.000000 1.000000
vn 0.000001 0.000000 1.000000
vn 0.000001 0.000000 1.000000
vn 0.000001 0.000000 1.000000
vn 0.000001 0.000000 1.000000
vn 0.000001 0.000000 1.000000
vn 0.000001 0.000000 1.000000
vn 0.000001 0.000000 1.000000
vn 0.000001 0.000000 1.000000
vn 0.000001 0.000000 1.000000
vn 0.000001 0.000000 1.000000
vn 0.000001 0.000000 1.000000
vn 0.000001 0.000000 1.000000
vn 0.000001 0.000000 1.000000
vn 0.000001 0.000000 1.000000
vn 0.000001 0.000000 1.000000
vn 0.000001 0.000000 1.000000
vn 0.000001 0.000000 1.000000
vn 0.000001 0.000000 1.000000
vn 0.000001 0.000000 1.000000
vn 0.000001 0.000000 1.000000
vn 0.000001 0.000000 1.000000
vn 0.000001 0.000000 1.000000
vn 0.000001 0.000000 1.000000
vn 0.000001 0.000000 1.000000
vn 0.000001 0.000000 1.000000
vn 0.000001 0.000000 1.000000
vn 0.000001 0.000000 1.000000
vn 0.000001 0.000000 1.000000
vn 0.000001 0.000000 1.000000
vn 0.000001 0.000000 1.000000
vn 0.000001 0.000000 1.000000
vn 0.000001 0.000000 1.000000
vn 0.000001 0.000000 1.000000
vn 0.000001 0.000000 1.000000
vn 0.000001 0.000000 1.000000
vn 0.000001 0.000000 1.000000
vn 0.000001 0.000000 1.000000
vn 0.000001 0.000000 1.000000
vn 0.000001 0.000000 1.000000
vn 0.000001 0.000000 1.000000
vn 0.000000 1.000000 0.000000
vn 0.000000 1.000000 0.000000
vn 0.000000 1.000000 0.000000
vn 0.000000 1.000000 0.000000
vn -0.920792 0.390054 0.000000
vn -0.920792 0.390054 0.000000
vn -0.920792 0.390054 0.000000
vn -0.920792 0.390054 0.000000
vn -0.342178 0.939635 0.000000
vn -0.342178 0.939635 0.000000
vn -0.342178 0.939635 0.000000
vn -0.342178 0.939635 0.000000
vn 0.301587 0.953439 0.000000
vn 0.245462 0.969406 0.000000
vn 0.245462 0.969406 0.000000
vn 0.301587 0.953439 0.000000
vn 0.063136 0.998005 0.000000
vn 0.063136 0.998005 0.000000
vn -0.349691 0.936865 0.000000
vn -0.349691 0.936865 0.000000
vn -0.676450 0.736488 0.000000
vn -0.676450 0.736488 0.000000
vn -0.911871 0.410476 0.000000
vn -0.911871 0.410476 0.000000
vn -0.999962 -0.008765 0.000000
vn -0.999962 -0.008765 0.000000
vn -0.908388 -0.418127 0.000000
vn -0.908388 -0.418127 0.000000
vn -0.687013 -0.726645 0.000000
vn -0.687013 -0.726645 0.000000
vn -0.541374 -0.840782 0.000000
vn -0.541374 -0.840782 0.000000
vn -0.498372 -0.866964 0.000000
vn -0.498372 -0.866964 0.000000
vn -0.511484 -0.859293 0.000000
vn -0.511484 -0.859293 0.000000
vn -0.634393 -0.773011 0.000000
vn -0.634393 -0.773011 0.000000
vn -0.884894 -0.465792 0.000000
vn -0.884894 -0.465792 0.000000
vn -0.999042 -0.043772 0.000000
vn -0.999042 -0.043772 0.000000
vn -0.907479 0.420099 0.000000
vn -0.907479 0.420099 0.000000
vn -0.653243 0.757148 0.000000
vn -0.653243 0.757148 0.000000
vn -0.318373 0.947966 0.000000
vn -0.318373 0.947966 0.000000
vn -0.025345 0.999679 0.000000
vn -0.025345 0.999679 0.000000
vn 0.233894 0.972262 0.000000
vn 0.233894 0.972262 0.000000
vn 0.456438 0.889755 0.000000
vn 0.456438 0.889755 0.000000
vn 0.664562 0.747233 0.000000
vn 0.664562 0.747233 0.000000
vn 0.854132 0.520056 0.000000
vn 0.854132 0.520056 0.000000
vn 0.952521 0.304473 0.000000
vn 0.952521 0.304473 0.000000
vn 0.972576 0.232585 0.000000
vn 0.972576 0.232585 0.000000
vn 0.000000 1.000000 0.000000
vn 0.000000 1.000000 0.000000
vn 0.000000 1.000000 0.000000
vn 0.000000 1.000000 0.000000
vn -1.000000 0.000000 0.000000
vn -1.000000 0.000000 0.000000
vn -1.000000 0.000000 0.000000
vn -1.000000 0.000000 0.000000
vn 0.000000 -1.000000 0.000000
vn 0.000000 -1.000000 0.000000
vn 0.000000 -1.000000 0.000000
vn 0.000000 -1.000000 0.000000
vn 0.944750 -0.327792 0.000000
vn 0.944750 -0.327792 0.000000
vn 0.944750 -0.327792 0.000000
vn 0.944750 -0.327792 0.000000
vn 0.355347 -0.934735 0.000000
vn 0.355347 -0.934735 0.000000
vn 0.355347 -0.934735 0.000000
vn 0.355347 -0.934735 0.000000
vn -0.160499 -0.987036 0.000000
vn -0.199896 -0.979817 0.000000
vn -0.199896 -0.979817 0.000000
vn -0.160499 -0.987036 0.000000
vn -0.243967 -0.969784 0.000000
vn -0.243967 -0.969784 0.000000
vn -0.291938 -0.956437 0.000000
vn -0.291938 -0.956437 0.000000
vn -0.325345 -0.945596 0.000000
vn -0.325345 -0.945596 0.000000
vn -0.284660 -0.958629 0.000000
vn -0.284660 -0.958629 0.000000
vn -0.160032 -0.987112 0.000000
vn -0.160032 -0.987112 0.000000
vn -0.050760 -0.998711 0.000000
vn -0.050760 -0.998711 0.000000
vn 0.125829 -0.992052 0.000000
vn 0.125829 -0.992052 0.000000
vn 0.343509 -0.939149 0.000000
vn 0.343509 -0.939149 0.000000
vn 0.671287 -0.741198 0.000000
vn 0.671287 -0.741198 0.000000
vn 0.911312 -0.411717 0.000000
vn 0.911312 -0.411717 0.000000
vn 0.999987 0.005108 0.000000
vn 0.999987 0.005108 0.000000
vn 0.909303 0.416134 0.000000
vn 0.909303 0.416134 0.000000
vn 0.684095 0.729393 0.000000
vn 0.684095 0.729393 0.000000
vn 0.525501 0.850793 0.000000
vn 0.525501 0.850793 0.000000
vn 0.474541 0.880233 0.000000
vn 0.474541 0.880233 0.000000
vn 0.500446 0.865768 0.000000
vn 0.500446 0.865768 0.000000
vn 0.629209 0.777236 0.000000
vn 0.629209 0.777236 0.000000
vn 0.872365 0.488855 0.000000
vn 0.872365 0.488855 0.000000
vn 0.998954 0.045721 0.000000
vn 0.998954 0.045721 0.000000
vn 0.903019 -0.429601 0.000000
vn 0.903019 -0.429601 0.000000
vn 0.664702 -0.747109 0.000000
vn 0.664702 -0.747109 0.000000
vn 0.349625 -0.936890 0.000000
vn 0.349625 -0.936890 0.000000
vn 0.026889 -0.999638 0.000000
vn 0.026889 -0.999638 0.000000
vn -0.258471 -0.966019 0.000000
vn -0.258471 -0.966019 0.000000
vn -0.485966 -0.873978 0.000000
vn -0.485966 -0.873978 0.000000
vn -0.690547 -0.723287 0.000000
vn -0.690547 -0.723287 0.000000
vn -0.919729 -0.392554 0.000000
vn -0.919729 -0.392554 0.000000
vn -0.957231 -0.289324 0.000000
vn -0.957231 -0.289324 0.000000
vn 0.000000 -1.000000 0.000000
vn 0.000000 -1.000000 0.000000
vn 0.000000 -1.000000 0.000000
vn 0.000000 -1.000000 0.000000
vn 1.000000 0.000000 0.000000
vn 1.000000 0.000000 0.000000
vn 1.000000 0.000000 0.000000
vn 1.000000 0.000000 0.000000
vn -0.000000 0.000000 1.000000
vn -0.000000 0.000000 1.000000
vn -0.000000 0.000000 1.000000
vn -0.000000 0.000000 1.000000
vn -0.000000 0.000000 1.000000
vn -0.000000 0.000000 1.000000
vn -0.000000 0.000000 1.000000
vn -0.000000 0.000000 1.000000
vn -0.000000 0.000000 1.000000
vn -0.000000 0.000000 1.000000
vn -0.000000 0.000000 1.000000
vn -0.000000 0.000000 1.000000
vn -0.000000 0.000000 1.000000
vn -0.000000 0.000000 1.000000
vn -0.000000 0.000000 1.000000
vn -0.000000 0.000000 1.000000
vn -0.000000 0.000000 1.000000
vn -0.000000 0.000000 1.000000
vn -0.000000 0.000000 1.000000
vn -0.000000 0.000000 1.000000
vn -0.000000 0.000000 1.000000
vn -0.000000 0.000000 1.000000
vn -0.000000 0.000000 1.000000
vn -0.000000 0.000000 1.000000
vn -0.000000 0.000000 1.000000
vn -0.000000 0.000000 1.000000
vn -0.000000 0.000000 1.000000
vn -0.000000 0.000000 1.000000
vn -0.000000 0.000000 1.000000
vn -0.000000 0.000000 1.000000
vn -0.000000 0.000000 1.000000
vn -0.000000 0.000000 1.000000
vn -0.000000 0.000000 1.000000
vn -0.000000 0.000000 1.000000
vn -0.000000 0.000000 1.000000
vn -0.000000 0.000000 1.000000
vn -0.000000 0.000000 1.000000
vn -0.000000 0.000000 1.000000
vn -0.000000 0.000000 1.000000
vn -0.000000 0.000000 1.000000
vn -0.000000 0.000000 1.000000
vn -0.000000 0.000000 1.000000
vn -0.000000 0.000000 1.000000
vn -0.000000 0.000000 1.000000
vn -0.000000 0.000000 1.000000
vn -0.000000 0.000000 1.000000
vn -0.000000 0.000000 1.000000
vn -0.000000 0.000000 1.000000
vn -0.000000 0.000000 1.000000
vn -0.000000 0.000000 1.000000
vn -0.000000 0.000000 1.000000
vn -0.000000 0.000000 1.000000
vn -0.000000 0.000000 1.000000
vn -0.000000 0.000000 1.000000
vn -0.000000 0.000000 1.000000
vn -0.000000 0.000000 1.000000
vn -0.000000 0.000000 1.000000
vn -0.000000 0.000000 1.000000
vn -0.000000 0.000000 1.000000
vn -0.000000 0.000000 1.000000
vn -0.000000 0.000000 1.000000
vn -0.000000 0.000000 1.000000
vn -0.000000 0.000000 1.000000
vn 0.000000 1.000000 0.000000
vn 0.000000 1.000000 0.000000
vn 0.000000 1.000000 0.000000
vn 0.000000 1.000000 0.000000
vn -1.000000 0.000000 0.000000
vn -1.000000 0.000000 0.000000
vn -1.000000 0.000000 0.000000
vn -1.000000 0.000000 0.000000
vn 0.000000 -1.000000 0.000000
vn -0.063530 -0.997980 0.000000
vn -0.063530 -0.997980 0.000000
vn 0.000000 -1.000000 0.000000
vn -0.219595 -0.975591 0.000000
vn -0.219595 -0.975591 0.000000
vn -0.409699 -0.912221 0.000000
vn -0.409699 -0.912221 0.000000
vn -0.868951 -0.494898 0.000000
vn -0.963972 -0.266005 0.000000
vn -0.963972 -0.266005 0.000000
vn -0.868951 -0.494898 0.000000
vn -0.999879 -0.015590 0.000000
vn -0.999879 -0.015590 0.000000
vn -0.999344 -0.036214 0.000000
vn -0.999344 -0.036214 0.000000
vn -0.951836 -0.306607 0.000000
vn -0.951836 -0.306607 0.000000
vn -0.825440 -0.564490 0.000000
vn -0.825440 -0.564490 0.000000
vn -0.310737 -0.950496 0.000000
vn -0.310737 -0.950496 0.000000
vn -0.310737 -0.950496 0.000000
vn -0.310737 -0.950496 0.000000
vn 0.244222 -0.969719 0.000000
vn 0.529229 -0.848479 0.000000
vn 0.529229 -0.848479 0.000000
vn 0.244222 -0.969719 0.000000
vn 0.666658 -0.745363 0.000000
vn 0.666658 -0.745363 0.000000
vn -1.000000 0.000000 0.000000
vn -1.000000 0.000000 0.000000
vn -1.000000 0.000000 0.000000
vn -1.000000 0.000000 0.000000
vn 0.000000 -1.000000 0.000000
vn 0.333877 -0.942617 0.000000
vn 0.333877 -0.942617 0.000000
vn 0.000000 -1.000000 0.000000
vn 0.381226 -0.924482 0.000000
vn 0.381226 -0.924482 0.000000
vn 0.928407 0.371564 0.000000
vn 0.928407 0.371564 0.000000
vn 0.928407 0.371564 0.000000
vn 0.928407 0.371564 0.000000
vn -0.235986 0.971756 0.000000
vn -0.235986 0.971756 0.000000
vn -0.235986 0.971756 0.000000
vn -0.235986 0.971756 0.000000
vn 0.341628 0.939835 0.000000
vn 0.341628 0.939835 0.000000
vn 0.341628 0.939835 0.000000
vn 0.341628 0.939835 0.000000
vn 0.894348 0.447372 0.000000
vn 0.991760 0.128114 0.000000
vn 0.991760 0.128114 0.000000
vn 0.894348 0.447372 0.000000
vn 0.999956 0.009338 0.000000
vn 0.999956 0.009338 0.000000
vn 1.000000 0.000000 0.000000
vn 1.000000 0.000000 0.000000
vn 0.000000 1.000000 0.000000
vn 0.000000 1.000000 0.000000
vn 0.000000 1.000000 0.000000
vn 0.000000 1.000000 0.000000
vn -1.000000 0.000000 0.000000
vn -1.000000 0.000000 0.000000
vn -1.000000 0.000000 0.000000
vn -1.000000 0.000000 0.000000
vn -0.101445 -0.994841 0.000000
vn -0.241502 -0.970400 0.000000
vn -0.241502 -0.970400 0.000000
vn -0.101445 -0.994841 0.000000
vn -0.439178 -0.898400 0.000000
vn -0.439178 -0.898400 0.000000
vn -0.876603 -0.481214 0.000000
vn -0.965377 -0.260860 0.000000
vn -0.965377 -0.260860 0.000000
vn -0.876603 -0.481214 0.000000
vn -0.999947 -0.010279 0.000000
vn -0.999947 -0.010279 0.000000
vn -1.000000 0.000000 0.000000
vn -1.000000 0.000000 0.000000
vn -0.668938 0.743318 0.000000
vn -0.622476 0.782639 0.000000
vn -0.622476 0.782639 0.000000
vn -0.668938 0.743318 0.000000
vn -0.480043 0.877245 0.000000
vn -0.480043 0.877245 0.000000
vn -0.266991 0.963699 0.000000
vn -0.266991 0.963699 0.000000
vn 0.014514 0.999895 0.000000
vn 0.014514 0.999895 0.000000
vn 0.333500 0.942750 0.000000
vn 0.333500 0.942750 0.000000
vn 0.526133 0.850402 0.000000
vn 0.526133 0.850402 0.000000
vn 0.884454 0.466626 0.000000
vn 0.965477 0.260490 0.000000
vn 0.965477 0.260490 0.000000
vn 0.884454 0.466626 0.000000
vn 0.999850 0.017351 0.000000
vn 0.999850 0.017351 0.000000
vn 1.000000 0.000000 0.000000
vn 1.000000 0.000000 0.000000
vn 0.000000 0.000000 1.000000
vn 0.000000 0.000000 1.000000
vn 0.000000 0.000000 1.000000
vn 0.000000 0.000000 1.000000
vn 0.000000 0.000000 1.000000
vn 0.000000 0.000000 1.000000
vn 0.000000 0.000000 1.000000
vn 0.000000 0.000000 1.000000
vn 0.000000 0.000000 1.000000
vn 0.000000 0.000000 1.000000
vn 0.000000 0.000000 1.000000
vn 0.000000 0.000000 1.000000
vn 0.000000 0.000000 1.000000
vn 0.000000 0.000000 1.000000
vn 0.000000 0.000000 1.000000
vn 0.000000 0.000000 1.000000
vn 0.000000 0.000000 1.000000
vn 0.000000 0.000000 1.000000
vn 0.000000 0.000000 1.000000
vn 0.000000 0.000000 1.000000
vn 0.000000 0.000000 1.000000
vn 0.000000 0.000000 1.000000
vn 0.000000 0.000000 1.000000
vn 0.000000 0.000000 1.000000
vn 0.000000 0.000000 1.000000
vn 0.000000 0.000000 1.000000
vn 0.000000 0.000000 1.000000
vn 0.000000 0.000000 1.000000
vn 0.000000 0.000000 1.000000
vn 0.000000 0.000000 1.000000
vn 0.000000 0.000000 1.000000
vn 0.000000 0.000000 1.000000
vn 0.000000 0.000000 1.000000
vn 0.000000 0.000000 1.000000
vn 0.000000 0.000000 1.000000
vn 0.000000 0.000000 1.000000
vn 0.000000 0.000000 1.000000
vn 0.000000 0.000000 1.000000
vn 0.000000 1.000000 0.000000
vn -0.331235 0.943549 0.000000
vn -0.331235 0.943549 0.000000
vn 0.000000 1.000000 0.000000
vn -0.374793 0.927109 0.000000
vn -0.374793 0.927109 0.000000
vn -0.963435 -0.267944 0.000000
vn -0.963435 -0.267944 0.000000
vn -0.963435 -0.267944 0.000000
vn -0.963435 -0.267944 0.000000
vn 0.209416 -0.977827 0.000000
vn 0.209416 -0.977827 0.000000
vn 0.209416 -0.977827 0.000000
vn 0.209416 -0.977827 0.000000
vn -0.660944 -0.750435 0.000000
vn -0.660944 -0.750435 0.000000
vn -0.660944 -0.750435 0.000000
vn -0.660944 -0.750435 0.000000
vn -0.999321 -0.036838 0.000000
vn -0.999917 -0.012850 0.000000
vn -0.999917 -0.012850 0.000000
vn -0.999321 -0.036838 0.000000
vn -0.999909 0.013532 0.000000
vn -0.999909 0.013532 0.000000
vn -0.980583 0.196102 0.000000
vn -0.980583 0.196102 0.000000
vn -0.919649 0.392742 0.000000
vn -0.919649 0.392742 0.000000
vn -0.478800 0.877924 0.000000
vn -0.250412 0.968139 0.000000
vn -0.250412 0.968139 0.000000
vn -0.478800 0.877924 0.000000
vn -0.083074 0.996543 0.000000
vn -0.083074 0.996543 0.000000
vn -1.000000 0.000000 0.000000
vn -1.000000 0.000000 0.000000
vn -1.000000 0.000000 0.000000
vn -1.000000 0.000000 0.000000
vn 0.000000 -1.000000 0.000000
vn 0.000000 -1.000000 0.000000
vn 0.000000 -1.000000 0.000000
vn 0.000000 -1.000000 0.000000
vn 1.000000 0.000000 0.000000
vn 1.000000 0.000000 0.000000
vn 1.000000 0.000000 0.000000
vn 1.000000 0.000000 0.000000
vn 0.145664 0.989334 0.000000
vn 0.338358 0.941018 0.000000
vn 0.338358 0.941018 0.000000
vn 0.145664 0.989334 0.000000
vn 0.590398 0.807112 0.000000
vn 0.590398 0.807112 0.000000
vn 0.933649 0.358190 0.000000
vn 0.979854 0.199713 0.000000
vn 0.979854 0.199713 0.000000
vn 0.933649 0.358190 0.000000
vn 0.999952 0.009779 0.000000
vn 0.999952 0.009779 0.000000
vn 0.997574 -0.069619 0.000000
vn 0.997574 -0.069619 0.000000
vn 0.846957 -0.531662 0.000000
vn 0.846957 -0.531662 0.000000
vn 0.765819 -0.643056 0.000000
vn 0.765819 -0.643056 0.000000
vn 0.574269 -0.818667 0.000000
vn 0.574269 -0.818667 0.000000
vn 0.368885 -0.929475 0.000000
vn 0.368885 -0.929475 0.000000
vn -0.389672 -0.920954 0.000000
vn -0.477565 -0.878596 0.000000
vn -0.477565 -0.878596 0.000000
vn -0.389672 -0.920954 0.000000
vn -0.511247 -0.859434 0.000000
vn -0.511247 -0.859434 0.000000
vn -0.398168 -0.917313 0.000000
vn -0.398168 -0.917313 0.000000
vn -0.278591 -0.960410 0.000000
vn -0.278591 -0.960410 0.000000
vn 0.399349 -0.916799 0.000000
vn 0.399349 -0.916799 0.000000
vn 0.399349 -0.916799 0.000000
vn 0.399349 -0.916799 0.000000
vn 0.930485 -0.366331 0.000000
vn 0.930485 -0.366331 0.000000
vn 0.930485 -0.366331 0.000000
vn 0.930485 -0.366331 0.000000
vn 0.975331 0.220746 0.000000
vn 0.904702 0.426045 0.000000
vn 0.904702 0.426045 0.000000
vn 0.975331 0.220746 0.000000
vn 0.664388 0.747388 0.000000
vn 0.664388 0.747388 0.000000
vn 0.346999 0.937866 0.000000
vn 0.346999 0.937866 0.000000
vn 0.177006 0.984210 0.000000
vn 0.177006 0.984210 0.000000
vn -0.657561 0.753401 0.000000
vn -0.657561 0.753401 0.000000
vn -0.657561 0.753401 0.000000
vn -0.657561 0.753401 0.000000
vn 1.000000 0.000000 0.000000
vn 1.000000 0.000000 0.000000
vn 1.000000 0.000000 0.000000
vn 1.000000 0.000000 0.000000
vn -0.000000 0.000000 1.000000
vn -0.000000 0.000000 1.000000
vn -0.000000 0.000000 1.000000
vn -0.000000 0.000000 1.000000
vn -0.000000 0.000000 1.000000
vn -0.000000 0.000000 1.000000
vn -0.000000 0.000000 1.000000
vn -0.000000 0.000000 1.000000
vn -0.000000 0.000000 1.000000
vn -0.000000 0.000000 1.000000
vn -0.000000 0.000000 1.000000
vn -0.000000 0.000000 1.000000
vn -0.000000 0.000000 1.000000
vn -0.000000 0.000000 1.000000
vn -0.000000 0.000000 1.000000
vn -0.000000 0.000000 1.000000
vn -0.000000 0.000000 1.000000
vn -0.000000 0.000000 1.000000
vn -0.000000 0.000000 1.000000
vn -0.000000 0.000000 1.000000
vn -0.000000 0.000000 1.000000
vn -0.000000 0.000000 1.000000
vn -0.000000 0.000000 1.000000
vn -0.000000 0.000000 1.000000
vn -0.000000 0.000000 1.000000
vn -0.000000 0.000000 1.000000
vn -0.000000 0.000000 1.000000
vn -0.000000 0.000000 1.000000
vn -0.000000 0.000000 1.000000
vn -0.000000 0.000000 1.000000
vn -0.000000 0.000000 1.000000
vn -0.000000 0.000000 1.000000
vn -0.000000 0.000000 1.000000
vn -0.000000 0.000000 1.000000
vn -0.000000 0.000000 1.000000
vn 0.000000 1.000000 0.000000
vn -0.330307 0.943874 0.000000
vn -0.330307 0.943874 0.000000
vn 0.000000 1.000000 0.000000
vn -0.375961 0.926636 0.000000
vn -0.375961 0.926636 0.000000
vn -0.931917 -0.362671 0.000000
vn -0.931917 -0.362671 0.000000
vn -0.931917 -0.362671 0.000000
vn -0.931917 -0.362671 0.000000
vn 0.215316 -0.976544 0.000000
vn 0.081073 -0.996708 0.000000
vn 0.081073 -0.996708 0.000000
vn 0.215316 -0.976544 0.000000
vn -0.175154 -0.984541 0.000000
vn -0.175154 -0.984541 0.000000
vn -0.819660 -0.572850 0.000000
vn -0.956451 -0.291892 0.000000
vn -0.956451 -0.291892 0.000000
vn -0.819660 -0.572850 0.000000
vn -0.997980 -0.063530 0.000000
vn -0.997980 -0.063530 0.000000
vn -0.999981 -0.006141 0.000000
vn -0.999981 -0.006141 0.000000
vn -0.999552 0.029918 0.000000
vn -0.999552 0.029918 0.000000
vn -0.980031 0.198846 0.000000
vn -0.980031 0.198846 0.000000
vn -0.771312 0.636458 0.000000
vn -0.771312 0.636458 0.000000
vn -0.440902 0.897556 0.000000
vn -0.440902 0.897556 0.000000
vn -0.142237 0.989833 0.000000
vn -0.142237 0.989833 0.000000
vn -0.054163 0.998532 0.000000
vn -0.054163 0.998532 0.000000
vn -1.000000 0.000000 0.000000
vn -1.000000 0.000000 0.000000
vn -1.000000 0.000000 0.000000
vn -1.000000 0.000000 0.000000
vn 0.000000 -1.000000 0.000000
vn 0.000000 -1.000000 0.000000
vn 0.000000 -1.000000 0.000000
vn 0.000000 -1.000000 0.000000
vn 1.000000 0.000000 0.000000
vn 1.000000 0.000000 0.000000
vn 1.000000 0.000000 0.000000
vn 1.000000 0.000000 0.000000
vn 0.153824 0.988098 0.000000
vn 0.255885 0.966707 0.000000
vn 0.255885 0.966707 0.000000
vn 0.153824 0.988098 0.000000
vn 0.742306 0.670061 0.000000
vn 0.742306 0.670061 0.000000
vn 0.943884 0.330279 0.000000
vn 0.943884 0.330279 0.000000
vn 0.994692 0.102899 0.000000
vn 0.994692 0.102899 0.000000
vn 0.999993 0.003727 0.000000
vn 0.999993 0.003727 0.000000
vn 1.000000 0.000000 0.000000
vn 1.000000 0.000000 0.000000
vn 0.000000 0.000000 1.000000
vn 0.000000 0.000000 1.000000
vn 0.000000 0.000000 1.000000
vn 0.000000 0.000000 1.000000
vn 0.000000 0.000000 1.000000
vn 0.000000 0.000000 1.000000
vn 0.000000 0.000000 1.000000
vn 0.000000 0.000000 1.000000
vn 0.000000 0.000000 1.000000
vn 0.000000 0.000000 1.000000
vn 0.000000 0.000000 1.000000
vn 0.000000 0.000000 1.000000
vn 0.000000 0.000000 1.000000
vn 0.000000 0.000000 1.000000
vn 0.000000 0.000000 1.000000
vn 0.000000 0.000000 1.000000
vn 0.000000 0.000000 1.000000
vn 0.000000 0.000000 1.000000
vn 0.000000 0.000000 1.000000
vn 0.000000 0.000000 1.000000
vn 0.000000 0.000000 1.000000
vn 0.000000 0.000000 1.000000
vn 0.000000 0.000000 1.000000
vn 0.000000 1.000000 0.000000
vn 0.000000 1.000000 0.000000
vn 0.000000 1.000000 0.000000
vn 0.000000 1.000000 0.000000
vn -1.000000 0.000000 0.000000
vn -1.000000 0.000000 0.000000
vn -1.000000 0.000000 0.000000
vn -1.000000 0.000000 0.000000
vn 0.000000 -1.000000 0.000000
vn -0.254821 -0.966988 0.000000
vn -0.254821 -0.966988 0.000000
vn 0.000000 -1.000000 0.000000
vn -0.354745 -0.934963 0.000000
vn -0.354745 -0.934963 0.000000
vn -0.984849 -0.173415 0.000000
vn -0.999634 -0.027064 0.000000
vn -0.999634 -0.027064 0.000000
vn -0.984849 -0.173415 0.000000
vn -0.999790 0.020514 0.000000
vn -0.999790 0.020514 0.000000
vn -0.990090 0.140432 0.000000
vn -0.990090 0.140432 0.000000
vn -0.414435 0.910079 0.000000
vn -0.306396 0.951904 0.000000
vn -0.306396 0.951904 0.000000
vn -0.414435 0.910079 0.000000
vn 0.000000 1.000000 0.000000
vn 0.000000 1.000000 0.000000
vn -1.000000 0.000000 0.000000
vn -1.000000 0.000000 0.000000
vn -1.000000 0.000000 0.000000
vn -1.000000 0.000000 0.000000
vn 0.000000 -1.000000 0.000000
vn 0.000000 -1.000000 0.000000
vn 0.000000 -1.000000 0.000000
vn 0.000000 -1.000000 0.000000
vn 0.953738 -0.300639 0.000000
vn 0.953738 -0.300639 0.000000
vn 0.953738 -0.300639 0.000000
vn 0.953738 -0.300639 0.000000
vn 0.207668 0.978199 0.000000
vn 0.207668 0.978199 0.000000
vn 0.207668 0.978199 0.000000
vn 0.207668 0.978199 0.000000
vn -0.900889 0.434051 0.000000
vn -0.871245 0.490848 0.000000
vn -0.871245 0.490848 0.000000
vn -0.900889 0.434051 0.000000
vn -0.766245 0.642549 0.000000
vn -0.766245 0.642549 0.000000
vn -0.575072 0.818103 0.000000
vn -0.575072 0.818103 0.000000
vn -0.186637 0.982429 0.000000
vn -0.186637 0.982429 0.000000
vn -0.072138 0.997395 0.000000
vn -0.072138 0.997395 0.000000
vn 0.039164 0.999233 0.000000
vn 0.039164 0.999233 0.000000
vn 0.144086 0.989565 0.000000
vn 0.144086 0.989565 0.000000
vn 0.719346 0.694652 0.000000
vn 0.719346 0.694652 0.000000
vn 0.941605 0.336720 0.000000
vn 0.941605 0.336720 0.000000
vn 0.994180 0.107730 0.000000
vn 0.994180 0.107730 0.000000
vn 0.999996 0.002744 0.000000
vn 0.999996 0.002744 0.000000
vn 0.999873 -0.015917 0.000000
vn 0.999873 -0.015917 0.000000
vn 0.994576 -0.104010 0.000000
vn 0.994576 -0.104010 0.000000
vn 0.795193 -0.606356 0.000000
vn 0.665203 -0.746663 0.000000
vn 0.665203 -0.746663 0.000000
vn 0.795193 -0.606356 0.000000
vn 0.368950 -0.929449 0.000000
vn 0.368950 -0.929449 0.000000
vn 0.130924 -0.991392 0.000000
vn 0.130924 -0.991392 0.000000
vn 0.054529 -0.998512 0.000000
vn 0.054529 -0.998512 0.000000
vn 1.000000 0.000000 0.000000
vn 1.000000 0.000000 0.000000
vn 1.000000 0.000000 0.000000
vn 1.000000 0.000000 0.000000
vn -0.000000 0.000000 1.000000
vn -0.000000 0.000000 1.000000
vn -0.000000 0.000000 1.000000
vn -0.000000 0.000000 1.000000
vn -0.000000 0.000000 1.000000
vn -0.000000 0.000000 1.000000
vn -0.000000 0.000000 1.000000
vn -0.000000 0.000000 1.000000
vn -0.000000 0.000000 1.000000
vn -0.000000 0.000000 1.000000
vn -0.000000 0.000000 1.000000
vn -0.000000 0.000000 1.000000
vn -0.000000 0.000000 1.000000
vn -0.000000 0.000000 1.000000
vn -0.000000 0.000000 1.000000
vn -0.000000 0.000000 1.000000
vn -0.000000 0.000000 1.000000
vn -0.000000 0.000000 1.000000
vn -0.000000 0.000000 1.000000
vn -0.000000 0.000000 1.000000
vn -0.000000 0.000000 1.000000
vn -0.000000 0.000000 1.000000
vn -0.000000 0.000000 1.000000
vn -0.000000 0.000000 1.000000
vn -0.000000 0.000000 1.000000
vn -0.000000 0.000000 1.000000
vn -0.000000 0.000000 1.000000
vn -0.000000 0.000000 1.000000
vn -0.000000 0.000000 1.000000
vn -0.000000 0.000000 1.000000
vn -0.000000 0.000000 1.000000
vn 0.000000 1.000000 0.000000
vn -0.330311 0.943872 0.000000
vn -0.330311 0.943872 0.000000
vn 0.000000 1.000000 0.000000
vn -0.375961 0.926635 0.000000
vn -0.375961 0.926635 0.000000
vn -0.931953 -0.362580 0.000000
vn -0.931953 -0.362580 0.000000
vn -0.931953 -0.362580 0.000000
vn -0.931953 -0.362580 0.000000
vn 0.215317 -0.976544 0.000000
vn 0.081073 -0.996708 0.000000
vn 0.081073 -0.996708 0.000000
vn 0.215317 -0.976544 0.000000
vn -0.175154 -0.984541 0.000000
vn -0.175154 -0.984541 0.000000
vn -0.819609 -0.572924 0.000000
vn -0.956442 -0.291924 0.000000
vn -0.956442 -0.291924 0.000000
vn -0.819609 -0.572924 0.000000
vn -0.997980 -0.063530 0.000000
vn -0.997980 -0.063530 0.000000
vn -0.999981 -0.006141 0.000000
vn -0.999981 -0.006141 0.000000
vn -0.999552 0.029918 0.000000
vn -0.999552 0.029918 0.000000
vn -0.980025 0.198874 0.000000
vn -0.980025 0.198874 0.000000
vn -0.771273 0.636504 0.000000
vn -0.771273 0.636504 0.000000
vn -0.440926 0.897544 0.000000
vn -0.440926 0.897544 0.000000
vn -0.142238 0.989833 0.000000
vn -0.142238 0.989833 0.000000
vn -0.054159 0.998532 0.000000
vn -0.054159 0.998532 0.000000
vn -1.000000 0.000000 0.000000
vn -1.000000 0.000000 0.000000
vn -1.000000 0.000000 0.000000
vn -1.000000 0.000000 0.000000
vn 0.000000 -1.000000 0.000000
vn 0.000000 -1.000000 0.000000
vn 0.000000 -1.000000 0.000000
vn 0.000000 -1.000000 0.000000
vn 1.000000 0.000000 0.000000
vn 1.000000 0.000000 0.000000
vn 1.000000 0.000000 0.000000
vn 1.000000 0.000000 0.000000
vn 0.153817 0.988099 0.000000
vn 0.255877 0.966709 0.000000
vn 0.255877 0.966709 0.000000
vn 0.153817 0.988099 0.000000
vn 0.742343 0.670020 0.000000
vn 0.742343 0.670020 0.000000
vn 0.943899 0.330233 0.000000
vn 0.943899 0.330233 0.000000
vn 0.994688 0.102935 0.000000
vn 0.994688 0.102935 0.000000
vn 0.999993 0.003732 0.000000
vn 0.999993 0.003732 0.000000
vn 1.000000 0.000000 0.000000
vn 1.000000 0.000000 0.000000
vn 0.000000 0.000000 1.000000
vn 0.000000 0.000000 1.000000
vn 0.000000 0.000000 1.000000
vn 0.000000 0.000000 1.000000
vn 0.000000 0.000000 1.000000
vn 0.000000 0.000000 1.000000
vn 0.000000 0.000000 1.000000
vn 0.000000 0.000000 1.000000
vn 0.000000 0.000000 1.000000
vn 0.000000 0.000000 1.000000
vn 0.000000 0.000000 1.000000
vn 0.000000 0.000000 1.000000
vn 0.000000 0.000000 1.000000
vn 0.000000 0.000000 1.000000
vn 0.000000 0.000000 1.000000
vn 0.000000 0.000000 1.000000
vn 0.000000 0.000000 1.000000
vn 0.000000 0.000000 1.000000
vn 0.000000 0.000000 1.000000
vn 0.000000 0.000000 1.000000
vn 0.000000 0.000000 1.000000
vn 0.000000 0.000000 1.000000
vn 0.000000 0.000000 1.000000
vn 0.000000 1.000000 0.000000
vn -0.376797 0.926296 0.000000
vn -0.376797 0.926296 0.000000
vn 0.000000 1.000000 0.000000
vn -0.703867 0.710331 0.000000
vn -0.703867 0.710331 0.000000
vn -0.924481 0.381228 0.000000
vn -0.924481 0.381228 0.000000
vn -1.000000 0.000000 0.000000
vn -1.000000 0.000000 0.000000
vn -0.923044 -0.384695 0.000000
vn -0.923044 -0.384695 0.000000
vn -0.707116 -0.707098 0.000000
vn -0.707116 -0.707098 0.000000
vn -0.384707 -0.923039 0.000000
vn -0.384707 -0.923039 0.000000
vn 0.000000 -1.000000 0.000000
vn 0.000000 -1.000000 0.000000
vn 0.386855 -0.922141 0.000000
vn 0.386855 -0.922141 0.000000
vn 0.713669 -0.700483 0.000000
vn 0.713669 -0.700483 0.000000
vn 0.925360 -0.379090 0.000000
vn 0.925360 -0.379090 0.000000
vn 1.000000 0.000000 0.000000
vn 1.000000 0.000000 0.000000
vn 0.924481 0.381228 0.000000
vn 0.924481 0.381228 0.000000
vn 0.707128 0.707086 0.000000
vn 0.707128 0.707086 0.000000
vn 0.381217 0.924486 0.000000
vn 0.381217 0.924486 0.000000
vn 0.000000 0.000000 1.000000
vn 0.000000 0.000000 1.000000
vn 0.000000 0.000000 1.000000
vn 0.000000 0.000000 1.000000
vn 0.000000 0.000000 1.000000
vn 0.000000 0.000000 1.000000
vn 0.000000 0.000000 1.000000
vn 0.000000 0.000000 1.000000
vn 0.000000 0.000000 1.000000
vn 0.000000 0.000000 1.000000
vn 0.000000 0.000000 1.000000
vn 0.000000 0.000000 1.000000
vn 0.000000 0.000000 1.000000
vn 0.000000 0.000000 1.000000
vn 0.000000 0.000000 1.000000
vn 0.000000 0.000000 1.000000
vn 0.000000 0.000000 1.000000
vn 0.000000 0.000000 1.000000
vn 0.000000 0.000000 1.000000
vn 0.000000 0.000000 1.000000
vn 0.000000 1.000000 0.000000
vn 0.000000 1.000000 0.000000
vn 0.000000 1.000000 0.000000
vn 0.000000 1.000000 0.000000
vn 0.000000 0.000000 -1.000000
vn 0.000000 0.000000 -1.000000
vn 0.000000 0.000000 -1.000000
vn 0.000000 0.000000 -1.000000
vn 0.000000 -1.000000 0.000000
vn 0.000000 -1.000000 0.000000
vn 0.000000 -1.000000 0.000000
vn 0.000000 -1.000000 0.000000
vn 1.000000 0.000000 0.000000
vn 1.000000 0.000000 0.000000
vn 1.000000 0.000000 0.000000
vn 1.000000 0.000000 0.000000
vn -1.000000 0.000000 0.000000
vn -1.000000 0.000000 0.000000
vn -1.000000 0.000000 0.000000
vn -1.000000 0.000000 0.000000
vn 0.000000 0.000000 1.000000
vn 0.000000 0.000000 1.000000
vn 0.000000 0.000000 1.000000
vn 0.000000 0.000000 1.000000
vn 0.000000 1.000000 0.000000
vn 0.000000 1.000000 0.000000
vn 0.000000 1.000000 0.000000
vn 0.000000 1.000000 0.000000
vn 0.000000 0.000000 -1.000000
vn 0.000000 0.000000 -1.000000
vn 0.000000 0.000000 -1.000000
vn 0.000000 0.000000 -1.000000
vn 0.000000 -1.000000 0.000000
vn 0.000000 -1.000000 0.000000
vn 0.000000 -1.000000 0.000000
vn 0.000000 -1.000000 0.000000
vn 1.000000 0.000000 0.000000
vn 1.000000 0.000000 0.000000
vn 1.000000 0.000000 0.000000
vn 1.000000 0.000000 0.000000
vn -1.000000 0.000000 0.000000
vn -1.000000 0.000000 0.000000
vn -1.000000 0.000000 0.000000
vn -1.000000 0.000000 0.000000
vn -0.360564 -0.214107 0.907828
vn 0.360564 -0.214107 0.907828
vn 0.496620 0.294898 0.816335
vn -0.496620 0.294898 0.816335
vn 0.496620 0.294898 -0.816335
vn -0.496620 0.294898 -0.816335
vn 0.360564 -0.214107 -0.907828
vn -0.360564 -0.214107 -0.907828
vn 0.000000 0.000000 1.000000
vn 0.000000 0.000000 1.000000
vn 0.000000 0.000000 1.000000
vn 0.000000 0.000000 1.000000
vn 0.000000 0.000000 -1.000000
vn 0.000000 0.000000 -1.000000
vn 0.000000 0.000000 -1.000000
vn 0.000000 0.000000 -1.000000
vn 0.000000 -1.000000 0.000000
vn 0.000000 -1.000000 0.000000
vn 0.000000 -1.000000 0.000000
vn 0.000000 -1.000000 0.000000
vn 1.000000 0.000000 0.000000
vn 1.000000 0.000000 0.000000
vn 1.000000 0.000000 0.000000
vn 1.000000 0.000000 0.000000
vn -1.000000 0.000000 0.000000
vn -1.000000 0.000000 0.000000
vn -1.000000 0.000000 0.000000
vn -1.000000 0.000000 0.000000
vn 0.000000 1.000000 0.000000
vn 0.000000 1.000000 0.000000
vn 0.000000 1.000000 0.000000
vn 0.000000 1.000000 0.000000
vn 0.000000 0.375467 0.926836
vn 0.000000 0.375467 0.926836
vn 0.000000 0.375467 0.926836
vn 0.000000 0.375467 0.926836
vn 0.824925 0.565242 0.000000
vn 0.824925 0.565242 0.000000
vn 0.824925 0.565242 0.000000
vn 0.824925 0.565242 0.000000
vn 0.000000 0.375467 -0.926836
vn 0.000000 0.375467 -0.926836
vn 0.000000 0.375467 -0.926836
vn 0.000000 0.375467 -0.926836
vn -0.824926 0.565241 0.000000
vn -0.824926 0.565241 0.000000
vn -0.824926 0.565241 0.000000
vn -0.824926 0.565241 0.000000
s 1
g group1 Pizza
usemtl lambert4SG
f 1457/2681/2639 1458/2682/2640 1474/2683/2641 1473/2684/2642
f 1458/2685/2640 1459/2686/2643 1475/2687/2644 1474/2688/2641
f 1459/2686/2643 1460/2689/2645 1476/2690/2646 1475/2687/2644
f 1460/2689/2645 1461/2691/2647 1477/2692/2648 1476/2690/2646
f 1461/2691/2647 1462/2693/2649 1478/2694/2650 1477/2692/2648
f 1462/2693/2649 1463/2695/2651 1479/2696/2652 1478/2694/2650
f 1463/2695/2651 1464/2697/2653 1480/2698/2654 1479/2696/2652
f 1464/2699/2653 1465/2700/2655 1481/2701/2656 1480/2702/2654
f 1465/2700/2655 1466/2703/2657 1482/2704/2658 1481/2701/2656
f 1466/2705/2657 1467/2706/2659 1483/2707/2660 1482/2708/2658
f 1467/2706/2659 1468/2709/2661 1484/2710/2662 1483/2707/2660
f 1468/2709/2661 1469/2711/2663 1485/2712/2664 1484/2710/2662
f 1469/2711/2663 1470/2713/2665 1486/2714/2666 1485/2712/2664
f 1470/2713/2665 1471/2715/2667 1487/2716/2668 1486/2714/2666
f 1471/2715/2667 1472/2717/2669 1488/2718/2670 1487/2716/2668
f 1472/2719/2669 1457/2681/2639 1473/2684/2642 1488/2720/2670
s off
f 1473/2721/2671 1474/2722/2672 1475/2723/2673 1476/2724/2674 1477/2725/2675 1478/2726/2676 1479/2727/2677 1480/2728/2678 1481/2729/2679 1482/2730/2680 1483/2731/2681 1484/2732/2682 1485/2733/2683 1486/2734/2684 1487/2735/2685 1488/2736/2686
s 2
f 1489/2737/2687 1490/2738/2688 1545/2739/2689 1544/2740/2690
f 1490/2738/2688 1491/2741/2691 1546/2742/2692 1545/2739/2689
f 1491/2743/2691 1492/2744/2693 1547/2745/2694 1546/2746/2692
f 1492/2744/2693 1493/2747/2695 1548/2748/2696 1547/2745/2694
s off
f 1493/2747/2697 1494/2749/2698 1549/2750/2699 1548/2748/2700
f 1494/2751/2701 1495/2752/2702 1550/2753/2703 1549/2754/2704
f 1495/2752/2705 1496/2755/2706 1551/2756/2707 1550/2753/2708
s 3
f 1496/2757/2709 1497/2758/2710 1552/2759/2711 1551/2760/2712
f 1497/2758/2710 1498/2761/2713 1553/2762/2714 1552/2759/2711
f 1498/2761/2713 1499/2763/2715 1554/2764/2716 1553/2762/2714
f 1499/2763/2715 1500/2765/2717 1555/2766/2718 1554/2764/2716
f 1500/2767/2717 1501/2768/2719 1556/2769/2720 1555/2770/2718
f 1501/2768/2719 1502/2771/2721 1557/2772/2722 1556/2769/2720
f 1502/2771/2721 1503/2773/2723 1558/2774/2724 1557/2772/2722
f 1503/2775/2723 1504/2776/2725 1559/2777/2726 1558/2778/2724
f 1504/2776/2725 1505/2779/2727 1560/2780/2728 1559/2777/2726
f 1505/2779/2727 1506/2781/2729 1561/2782/2730 1560/2780/2728
f 1506/2781/2729 1507/2783/2731 1562/2784/2732 1561/2782/2730
s 4
f 1507/2785/2733 1508/2786/2734 1563/2787/2735 1562/2788/2736
f 1508/2789/2734 1509/2790/2737 1564/2791/2738 1563/2792/2735
f 1509/2790/2737 1510/2793/2739 1565/2794/2740 1564/2791/2738
f 1510/2793/2739 1511/2795/2741 1566/2796/2742 1565/2794/2740
f 1511/2795/2741 1512/2797/2743 1567/2798/2744 1566/2796/2742
f 1512/2797/2743 1513/2799/2745 1568/2800/2746 1567/2798/2744
f 1513/2799/2745 1514/2801/2747 1569/2802/2748 1568/2800/2746
f 1514/2801/2747 1515/2803/2749 1570/2804/2750 1569/2802/2748
f 1515/2805/2749 1516/2806/2751 1571/2807/2752 1570/2808/2750
f 1516/2806/2751 1517/2809/2753 1572/2810/2754 1571/2807/2752
f 1517/2809/2753 1518/2811/2755 1573/2812/2756 1572/2810/2754
s off
f 1518/2813/2757 1519/2814/2758 1574/2815/2759 1573/2816/2760
f 1519/2817/2761 1520/2818/2762 1575/2819/2763 1574/2820/2764
f 1520/2821/2765 1521/2822/2766 1576/2823/2767 1575/2824/2768
f 1521/2822/2769 1522/2825/2770 1577/2826/2771 1576/2823/2772
s 5
f 1522/2827/2773 1523/2828/2774 1578/2829/2775 1577/2830/2776
f 1523/2828/2774 1524/2831/2777 1579/2832/2778 1578/2829/2775
f 1524/2831/2777 1525/2833/2779 1580/2834/2780 1579/2832/2778
f 1525/2833/2779 1526/2835/2781 1581/2836/2782 1580/2834/2780
f 1526/2835/2781 1527/2837/2783 1582/2838/2784 1581/2836/2782
s 6
f 1527/2839/2785 1528/2840/2786 1583/2841/2787 1582/2842/2788
f 1528/2840/2786 1529/2843/2789 1584/2844/2790 1583/2841/2787
f 1529/2843/2789 1530/2845/2791 1585/2846/2792 1584/2844/2790
f 1530/2845/2791 1531/2847/2793 1586/2848/2794 1585/2846/2792
f 1531/2847/2793 1532/2849/2795 1587/2850/2796 1586/2848/2794
s off
f 1532/2849/2797 1533/2851/2798 1588/2852/2799 1587/2850/2800
s 2
f 1533/2853/2801 1489/2737/2687 1544/2740/2690 1588/2854/2802
s off
f 1534/2855/2803 1535/2856/2804 1590/2857/2805 1589/2858/2806
f 1535/2859/2807 1536/2860/2808 1591/2861/2809 1590/2862/2810
s 7
f 1536/2860/2811 1537/2863/2812 1592/2864/2813 1591/2861/2814
f 1537/2865/2812 1538/2866/2815 1593/2867/2816 1592/2868/2813
f 1538/2866/2815 1539/2869/2817 1594/2870/2818 1593/2867/2816
f 1539/2869/2817 1540/2871/2819 1595/2872/2820 1594/2870/2818
f 1540/2871/2819 1541/2873/2821 1596/2874/2822 1595/2872/2820
s 8
f 1541/2873/2823 1542/2875/2824 1597/2876/2825 1596/2874/2826
f 1542/2877/2824 1543/2878/2827 1598/2879/2828 1597/2880/2825
f 1543/2878/2827 1534/2881/2829 1589/2882/2830 1598/2879/2828
s off
f 1544/2883/2831 1545/2884/2832 1546/2885/2833 1547/2886/2834 1548/2887/2835 1549/2888/2836 1550/2889/2837 1551/2890/2838 1552/2891/2839 1553/2892/2840 1554/2893/2841 1555/2894/2842 1556/2895/2843 1557/2896/2844 1558/2897/2845 1559/2898/2846 1560/2899/2847 1561/2900/2848 1562/2901/2849 1563/2902/2850 1564/2903/2851 1565/2904/2852 1566/2905/2853 1567/2906/2854 1568/2907/2855 1569/2908/2856 1570/2909/2857 1571/2910/2858 1572/2911/2859 1573/2912/2860 1574/2913/2861 1575/2914/2862 1576/2915/2863 1577/2916/2864 1578/2917/2865 1579/2918/2866 1580/2919/2867 1581/2920/2868 1582/2921/2869 1583/2922/2870 1584/2923/2871 1585/2924/2872 1586/2925/2873 1587/2926/2874 1588/2927/2875 1589/2928/2876 1590/2929/2877 1591/2930/2878 1592/2931/2879 1593/2932/2880 1594/2933/2881 1595/2934/2882 1596/2935/2883 1597/2936/2884 1598/2937/2885
f 1599/2938/2886 1600/2939/2887 1657/2940/2888 1656/2941/2889
f 1600/2939/2890 1601/2942/2891 1658/2943/2892 1657/2940/2893
s 9
f 1601/2942/2894 1602/2944/2895 1659/2945/2896 1658/2943/2897
f 1602/2944/2895 1603/2946/2898 1660/2947/2899 1659/2945/2896
f 1603/2946/2898 1604/2948/2900 1661/2949/2901 1660/2947/2899
f 1604/2948/2900 1605/2950/2902 1662/2951/2903 1661/2949/2901
f 1605/2950/2902 1606/2952/2904 1663/2953/2905 1662/2951/2903
f 1606/2952/2904 1607/2954/2906 1664/2955/2907 1663/2953/2905
f 1607/2956/2906 1608/2957/2908 1665/2958/2909 1664/2959/2907
f 1608/2957/2908 1609/2960/2910 1666/2961/2911 1665/2958/2909
f 1609/2960/2910 1610/2962/2912 1667/2963/2913 1666/2961/2911
f 1610/2962/2912 1611/2964/2914 1668/2965/2915 1667/2963/2913
f 1611/2964/2914 1612/2966/2916 1669/2967/2917 1668/2965/2915
f 1612/2966/2916 1613/2968/2918 1670/2969/2919 1669/2967/2917
f 1613/2970/2918 1614/2971/2920 1671/2972/2921 1670/2973/2919
f 1614/2971/2920 1615/2974/2922 1672/2975/2923 1671/2972/2921
f 1615/2976/2922 1616/2977/2924 1673/2978/2925 1672/2979/2923
f 1616/2977/2924 1617/2980/2926 1674/2981/2927 1673/2978/2925
f 1617/2980/2926 1618/2982/2928 1675/2983/2929 1674/2981/2927
f 1618/2982/2928 1619/2984/2930 1676/2985/2931 1675/2983/2929
f 1619/2984/2930 1620/2986/2932 1677/2987/2933 1676/2985/2931
f 1620/2986/2932 1621/2988/2934 1678/2989/2935 1677/2987/2933
f 1621/2990/2934 1622/2991/2936 1679/2992/2937 1678/2993/2935
f 1622/2991/2936 1623/2994/2938 1680/2995/2939 1679/2992/2937
f 1623/2996/2938 1624/2997/2940 1681/2998/2941 1680/2999/2939
f 1624/2997/2940 1625/3000/2942 1682/3001/2943 1681/2998/2941
f 1625/3000/2942 1626/3002/2944 1683/3003/2945 1682/3001/2943
s off
f 1626/3004/2946 1627/3005/2947 1684/3006/2948 1683/3007/2949
f 1627/3008/2950 1628/3009/2951 1685/3010/2952 1684/3011/2953
f 1628/3012/2954 1629/3013/2955 1686/3014/2956 1685/3015/2957
f 1629/3013/2958 1630/3016/2959 1687/3017/2960 1686/3014/2961
s 10
f 1630/3016/2962 1631/3018/2963 1688/3019/2964 1687/3017/2965
f 1631/3018/2963 1632/3020/2966 1689/3021/2967 1688/3019/2964
f 1632/3020/2966 1633/3022/2968 1690/3023/2969 1689/3021/2967
f 1633/3022/2968 1634/3024/2970 1691/3025/2971 1690/3023/2969
f 1634/3024/2970 1635/3026/2972 1692/3027/2973 1691/3025/2971
f 1635/3026/2972 1636/3028/2974 1693/3029/2975 1692/3027/2973
f 1636/3030/2974 1637/3031/2976 1694/3032/2977 1693/3033/2975
f 1637/3031/2976 1638/3034/2978 1695/3035/2979 1694/3032/2977
f 1638/3034/2978 1639/3036/2980 1696/3037/2981 1695/3035/2979
f 1639/3036/2980 1640/3038/2982 1697/3039/2983 1696/3037/2981
f 1640/3038/2982 1641/3040/2984 1698/3041/2985 1697/3039/2983
f 1641/3042/2984 1642/3043/2986 1699/3044/2987 1698/3045/2985
f 1642/3043/2986 1643/3046/2988 1700/3047/2989 1699/3044/2987
f 1643/3048/2988 1644/3049/2990 1701/3050/2991 1700/3051/2989
f 1644/3049/2990 1645/3052/2992 1702/3053/2993 1701/3050/2991
f 1645/3052/2992 1646/3054/2994 1703/3055/2995 1702/3053/2993
f 1646/3054/2994 1647/3056/2996 1704/3057/2997 1703/3055/2995
f 1647/3056/2996 1648/3058/2998 1705/3059/2999 1704/3057/2997
f 1648/3060/2998 1649/3061/3000 1706/3062/3001 1705/3063/2999
f 1649/3061/3000 1650/3064/3002 1707/3065/3003 1706/3062/3001
f 1650/3064/3002 1651/3066/3004 1708/3067/3005 1707/3065/3003
f 1651/3068/3004 1652/3069/3006 1709/3070/3007 1708/3071/3005
f 1652/3069/3006 1653/3072/3008 1710/3073/3009 1709/3070/3007
f 1653/3072/3008 1654/3074/3010 1711/3075/3011 1710/3073/3009
s off
f 1654/3076/3012 1655/3077/3013 1712/3078/3014 1711/3079/3015
f 1655/3080/3016 1599/3081/3017 1656/3082/3018 1712/3083/3019
f 1656/3084/3020 1657/3085/3021 1658/3086/3022 1659/3087/3023 1660/3088/3024 1661/3089/3025 1662/3090/3026 1663/3091/3027 1664/3092/3028 1665/3093/3029 1666/3094/3030 1667/3095/3031 1668/3096/3032 1669/3097/3033 1670/3098/3034 1671/3099/3035 1672/3100/3036 1673/3101/3037 1674/3102/3038 1675/3103/3039 1676/3104/3040 1677/3105/3041 1678/3106/3042 1679/3107/3043 1680/3108/3044 1681/3109/3045 1682/3110/3046 1683/3111/3047 1684/3112/3048 1685/3113/3049 1686/3114/3050 1687/3115/3051 1688/3116/3052 1689/3117/3053 1690/3118/3054 1691/3119/3055 1692/3120/3056 1693/3121/3057 1694/3122/3058 1695/3123/3059 1696/3124/3060 1697/3125/3061 1698/3126/3062 1699/3127/3063 1700/3128/3064 1701/3129/3065 1702/3130/3066 1703/3131/3067 1704/3132/3068 1705/3133/3069 1706/3134/3070 1707/3135/3071 1708/3136/3072 1709/3137/3073 1710/3138/3074 1711/3139/3075 1712/3140/3076
f 1713/3141/3077 1714/3142/3078 1777/3143/3079 1776/3144/3080
f 1714/3145/3081 1715/3146/3082 1778/3147/3083 1777/3148/3084
f 1715/3149/3085 1716/3150/3086 1779/3151/3087 1778/3152/3088
s 11
f 1716/3150/3089 1717/3153/3090 1780/3154/3091 1779/3151/3092
f 1717/3153/3090 1718/3155/3093 1781/3156/3094 1780/3154/3091
f 1718/3155/3093 1719/3157/3095 1782/3158/3096 1781/3156/3094
f 1719/3159/3095 1720/3160/3097 1783/3161/3098 1782/3162/3096
f 1720/3160/3097 1721/3163/3099 1784/3164/3100 1783/3161/3098
f 1721/3163/3099 1722/3165/3101 1785/3166/3102 1784/3164/3100
f 1722/3165/3101 1723/3167/3103 1786/3168/3104 1785/3166/3102
f 1723/3167/3103 1724/3169/3105 1787/3170/3106 1786/3168/3104
f 1724/3169/3105 1725/3171/3107 1788/3172/3108 1787/3170/3106
f 1725/3171/3107 1726/3173/3109 1789/3174/3110 1788/3172/3108
f 1726/3175/3109 1727/3176/3111 1790/3177/3112 1789/3178/3110
f 1727/3179/3111 1728/3180/3113 1791/3181/3114 1790/3182/3112
f 1728/3180/3113 1729/3183/3115 1792/3184/3116 1791/3181/3114
f 1729/3183/3115 1730/3185/3117 1793/3186/3118 1792/3184/3116
f 1730/3185/3117 1731/3187/3119 1794/3188/3120 1793/3186/3118
f 1731/3187/3119 1732/3189/3121 1795/3190/3122 1794/3188/3120
f 1732/3191/3121 1733/3192/3123 1796/3193/3124 1795/3194/3122
f 1733/3192/3123 1734/3195/3125 1797/3196/3126 1796/3193/3124
f 1734/3195/3125 1735/3197/3127 1798/3198/3128 1797/3196/3126
f 1735/3197/3127 1736/3199/3129 1799/3200/3130 1798/3198/3128
f 1736/3201/3129 1737/3202/3131 1800/3203/3132 1799/3204/3130
f 1737/3202/3131 1738/3205/3133 1801/3206/3134 1800/3203/3132
f 1738/3205/3133 1739/3207/3135 1802/3208/3136 1801/3206/3134
f 1739/3207/3135 1740/3209/3137 1803/3210/3138 1802/3208/3136
s off
f 1740/3211/3139 1741/3212/3140 1804/3213/3141 1803/3214/3142
f 1741/3215/3143 1742/3216/3144 1805/3217/3145 1804/3218/3146
f 1742/3219/3147 1743/3220/3148 1806/3221/3149 1805/3222/3150
f 1743/3223/3151 1744/3224/3152 1807/3225/3153 1806/3226/3154
f 1744/3227/3155 1745/3228/3156 1808/3229/3157 1807/3230/3158
s 12
f 1745/3228/3159 1746/3231/3160 1809/3232/3161 1808/3229/3162
f 1746/3231/3160 1747/3233/3163 1810/3234/3164 1809/3232/3161
f 1747/3233/3163 1748/3235/3165 1811/3236/3166 1810/3234/3164
f 1748/3235/3165 1749/3237/3167 1812/3238/3168 1811/3236/3166
f 1749/3237/3167 1750/3239/3169 1813/3240/3170 1812/3238/3168
f 1750/3239/3169 1751/3241/3171 1814/3242/3172 1813/3240/3170
f 1751/3241/3171 1752/3243/3173 1815/3244/3174 1814/3242/3172
f 1752/3243/3173 1753/3245/3175 1816/3246/3176 1815/3244/3174
f 1753/3245/3175 1754/3247/3177 1817/3248/3178 1816/3246/3176
f 1754/3249/3177 1755/3250/3179 1818/3251/3180 1817/3252/3178
f 1755/3250/3179 1756/3253/3181 1819/3254/3182 1818/3251/3180
f 1756/3253/3181 1757/3255/3183 1820/3256/3184 1819/3254/3182
f 1757/3255/3183 1758/3257/3185 1821/3258/3186 1820/3256/3184
f 1758/3257/3185 1759/3259/3187 1822/3260/3188 1821/3258/3186
f 1759/3259/3187 1760/3261/3189 1823/3262/3190 1822/3260/3188
f 1760/3263/3189 1761/3264/3191 1824/3265/3192 1823/3266/3190
f 1761/3264/3191 1762/3267/3193 1825/3268/3194 1824/3265/3192
f 1762/3269/3193 1763/3270/3195 1826/3271/3196 1825/3272/3194
f 1763/3270/3195 1764/3273/3197 1827/3274/3198 1826/3271/3196
f 1764/3273/3197 1765/3275/3199 1828/3276/3200 1827/3274/3198
f 1765/3275/3199 1766/3277/3201 1829/3278/3202 1828/3276/3200
f 1766/3277/3201 1767/3279/3203 1830/3280/3204 1829/3278/3202
f 1767/3279/3203 1768/3281/3205 1831/3282/3206 1830/3280/3204
f 1768/3283/3205 1769/3284/3207 1832/3285/3208 1831/3286/3206
f 1769/3284/3207 1770/3287/3209 1833/3288/3210 1832/3285/3208
f 1770/3287/3209 1771/3289/3211 1834/3290/3212 1833/3288/3210
f 1771/3291/3211 1772/3292/3213 1835/3293/3214 1834/3294/3212
f 1772/3292/3213 1773/3295/3215 1836/3296/3216 1835/3293/3214
f 1773/3295/3215 1774/3297/3217 1837/3298/3218 1836/3296/3216
s off
f 1774/3299/3219 1775/3300/3220 1838/3301/3221 1837/3302/3222
f 1775/3303/3223 1713/3304/3224 1776/3305/3225 1838/3306/3226
f 1776/3307/3227 1777/3308/3228 1778/3309/3229 1779/3310/3230 1780/3311/3231 1781/3312/3232 1782/3313/3233 1783/3314/3234 1784/3315/3235 1785/3316/3236 1786/3317/3237 1787/3318/3238 1788/3319/3239 1789/3320/3240 1790/3321/3241 1791/3322/3242 1792/3323/3243 1793/3324/3244 1794/3325/3245 1795/3326/3246 1796/3327/3247 1797/3328/3248 1798/3329/3249 1799/3330/3250 1800/3331/3251 1801/3332/3252 1802/3333/3253 1803/3334/3254 1804/3335/3255 1805/3336/3256 1806/3337/3257 1807/3338/3258 1808/3339/3259 1809/3340/3260 1810/3341/3261 1811/3342/3262 1812/3343/3263 1813/3344/3264 1814/3345/3265 1815/3346/3266 1816/3347/3267 1817/3348/3268 1818/3349/3269 1819/3350/3270 1820/3351/3271 1821/3352/3272 1822/3353/3273 1823/3354/3274 1824/3355/3275 1825/3356/3276 1826/3357/3277 1827/3358/3278 1828/3359/3279 1829/3360/3280 1830/3361/3281 1831/3362/3282 1832/3363/3283 1833/3364/3284 1834/3365/3285 1835/3366/3286 1836/3367/3287 1837/3368/3288 1838/3369/3289
f 1839/3370/3290 1840/3371/3291 1878/3372/3292 1877/3373/3293
f 1840/3374/3294 1841/3375/3295 1879/3376/3296 1878/3377/3297
s 13
f 1841/3378/3298 1842/3379/3299 1880/3380/3300 1879/3381/3301
f 1842/3379/3299 1843/3382/3302 1881/3383/3303 1880/3380/3300
f 1843/3382/3302 1844/3384/3304 1882/3385/3305 1881/3383/3303
s 14
f 1844/3386/3306 1845/3387/3307 1883/3388/3308 1882/3389/3309
f 1845/3387/3307 1846/3390/3310 1884/3391/3311 1883/3388/3308
f 1846/3390/3310 1847/3392/3312 1885/3393/3313 1884/3391/3311
f 1847/3392/3312 1848/3394/3314 1886/3395/3315 1885/3393/3313
f 1848/3394/3314 1849/3396/3316 1887/3397/3317 1886/3395/3315
s off
f 1849/3398/3318 1850/3399/3319 1888/3400/3320 1887/3401/3321
s 15
f 1850/3399/3322 1851/3402/3323 1889/3403/3324 1888/3400/3325
f 1851/3402/3323 1852/3404/3326 1890/3405/3327 1889/3403/3324
s off
f 1852/3406/3328 1853/3407/3329 1891/3408/3330 1890/3409/3331
s 16
f 1853/3410/3332 1854/3411/3333 1892/3412/3334 1891/3413/3335
f 1854/3411/3333 1855/3414/3336 1893/3415/3337 1892/3412/3334
s off
f 1855/3416/3338 1856/3417/3339 1894/3418/3340 1893/3419/3341
f 1856/3420/3342 1857/3421/3343 1895/3422/3344 1894/3423/3345
f 1857/3421/3346 1858/3424/3347 1896/3425/3348 1895/3422/3349
s 17
f 1858/3426/3350 1859/3427/3351 1897/3428/3352 1896/3429/3353
f 1859/3427/3351 1860/3430/3354 1898/3431/3355 1897/3428/3352
f 1860/3430/3354 1861/3432/3356 1899/3433/3357 1898/3431/3355
s off
f 1861/3434/3358 1862/3435/3359 1900/3436/3360 1899/3437/3361
f 1862/3438/3362 1863/3439/3363 1901/3440/3364 1900/3441/3365
s 18
f 1863/3442/3366 1864/3443/3367 1902/3444/3368 1901/3445/3369
f 1864/3443/3367 1865/3446/3370 1903/3447/3371 1902/3444/3368
s 19
f 1865/3448/3372 1866/3449/3373 1904/3450/3374 1903/3451/3375
f 1866/3449/3373 1867/3452/3376 1905/3453/3377 1904/3450/3374
f 1867/3452/3376 1868/3454/3378 1906/3455/3379 1905/3453/3377
s 20
f 1868/3454/3380 1869/3456/3381 1907/3457/3382 1906/3455/3383
f 1869/3456/3381 1870/3458/3384 1908/3459/3385 1907/3457/3382
f 1870/3460/3384 1871/3461/3386 1909/3462/3387 1908/3463/3385
f 1871/3461/3386 1872/3464/3388 1910/3465/3389 1909/3462/3387
f 1872/3464/3388 1873/3466/3390 1911/3467/3391 1910/3465/3389
f 1873/3468/3390 1874/3469/3392 1912/3470/3393 1911/3471/3391
s 21
f 1874/3469/3394 1875/3472/3395 1913/3473/3396 1912/3470/3397
f 1875/3472/3395 1876/3474/3398 1914/3475/3399 1913/3473/3396
f 1876/3474/3398 1839/3476/3400 1877/3477/3401 1914/3475/3399
s off
f 1877/3478/3402 1878/3479/3403 1879/3480/3404 1880/3481/3405 1881/3482/3406 1882/3483/3407 1883/3484/3408 1884/3485/3409 1885/3486/3410 1886/3487/3411 1887/3488/3412 1888/3489/3413 1889/3490/3414 1890/3491/3415 1891/3492/3416 1892/3493/3417 1893/3494/3418 1894/3495/3419 1895/3496/3420 1896/3497/3421 1897/3498/3422 1898/3499/3423 1899/3500/3424 1900/3501/3425 1901/3502/3426 1902/3503/3427 1903/3504/3428 1904/3505/3429 1905/3506/3430 1906/3507/3431 1907/3508/3432 1908/3509/3433 1909/3510/3434 1910/3511/3435 1911/3512/3436 1912/3513/3437 1913/3514/3438 1914/3515/3439
s 22
f 1915/3516/3440 1916/3517/3441 1951/3518/3442 1950/3519/3443
f 1916/3517/3441 1917/3520/3444 1952/3521/3445 1951/3518/3442
s off
f 1917/3522/3446 1918/3523/3447 1953/3524/3448 1952/3525/3449
f 1918/3526/3450 1919/3527/3451 1954/3528/3452 1953/3529/3453
f 1919/3530/3454 1920/3531/3455 1955/3532/3456 1954/3533/3457
s 23
f 1920/3531/3458 1921/3534/3459 1956/3535/3460 1955/3532/3461
f 1921/3534/3459 1922/3536/3462 1957/3537/3463 1956/3535/3460
f 1922/3536/3462 1923/3538/3464 1958/3539/3465 1957/3537/3463
f 1923/3538/3464 1924/3540/3466 1959/3541/3467 1958/3539/3465
s 24
f 1924/3542/3468 1925/3543/3469 1960/3544/3470 1959/3545/3471
f 1925/3543/3469 1926/3546/3472 1961/3547/3473 1960/3544/3470
s off
f 1926/3548/3474 1927/3549/3475 1962/3550/3476 1961/3551/3477
f 1927/3552/3478 1928/3553/3479 1963/3554/3480 1962/3555/3481
f 1928/3556/3482 1929/3557/3483 1964/3558/3484 1963/3559/3485
s 25
f 1929/3560/3486 1930/3561/3487 1965/3562/3488 1964/3563/3489
f 1930/3564/3487 1931/3565/3490 1966/3566/3491 1965/3567/3488
s 26
f 1931/3565/3492 1932/3568/3493 1967/3569/3494 1966/3566/3495
f 1932/3568/3493 1933/3570/3496 1968/3571/3497 1967/3569/3494
f 1933/3570/3496 1934/3572/3498 1969/3573/3499 1968/3571/3497
f 1934/3572/3498 1935/3574/3500 1970/3575/3501 1969/3573/3499
f 1935/3574/3500 1936/3576/3502 1971/3577/3503 1970/3575/3501
f 1936/3576/3502 1937/3578/3504 1972/3579/3505 1971/3577/3503
f 1937/3580/3504 1938/3581/3506 1973/3582/3507 1972/3583/3505
s 27
f 1938/3581/3508 1939/3584/3509 1974/3585/3510 1973/3582/3511
f 1939/3584/3509 1940/3586/3512 1975/3587/3513 1974/3585/3510
f 1940/3586/3512 1941/3588/3514 1976/3589/3515 1975/3587/3513
f 1941/3588/3514 1942/3590/3516 1977/3591/3517 1976/3589/3515
s off
f 1942/3590/3518 1943/3592/3519 1978/3593/3520 1977/3591/3521
f 1943/3594/3522 1944/3595/3523 1979/3596/3524 1978/3597/3525
s 28
f 1944/3595/3526 1945/3598/3527 1980/3599/3528 1979/3596/3529
f 1945/3598/3527 1946/3600/3530 1981/3601/3531 1980/3599/3528
f 1946/3600/3530 1947/3602/3532 1982/3603/3533 1981/3601/3531
f 1947/3604/3532 1948/3605/3534 1983/3606/3535 1982/3607/3533
s off
f 1948/3605/3536 1949/3608/3537 1984/3609/3538 1983/3606/3539
f 1949/3610/3540 1915/3611/3541 1950/3612/3542 1984/3613/3543
f 1950/3614/3544 1951/3615/3545 1952/3616/3546 1953/3617/3547 1954/3618/3548 1955/3619/3549 1956/3620/3550 1957/3621/3551 1958/3622/3552 1959/3623/3553 1960/3624/3554 1961/3625/3555 1962/3626/3556 1963/3627/3557 1964/3628/3558 1965/3629/3559 1966/3630/3560 1967/3631/3561 1968/3632/3562 1969/3633/3563 1970/3634/3564 1971/3635/3565 1972/3636/3566 1973/3637/3567 1974/3638/3568 1975/3639/3569 1976/3640/3570 1977/3641/3571 1978/3642/3572 1979/3643/3573 1980/3644/3574 1981/3645/3575 1982/3646/3576 1983/3647/3577 1984/3648/3578
s 29
f 1985/3649/3579 1986/3650/3580 2009/3651/3581 2008/3652/3582
f 1986/3650/3580 1987/3653/3583 2010/3654/3584 2009/3651/3581
s off
f 1987/3655/3585 1988/3656/3586 2011/3657/3587 2010/3658/3588
s 30
f 1988/3659/3589 1989/3660/3590 2012/3661/3591 2011/3662/3592
f 1989/3660/3590 1990/3663/3593 2013/3664/3594 2012/3661/3591
s 31
f 1990/3665/3595 1991/3666/3596 2014/3667/3597 2013/3668/3598
f 1991/3666/3596 1992/3669/3599 2015/3670/3600 2014/3667/3597
f 1992/3669/3599 1993/3671/3601 2016/3672/3602 2015/3670/3600
f 1993/3671/3601 1994/3673/3603 2017/3674/3604 2016/3672/3602
f 1994/3673/3603 1995/3675/3605 2018/3676/3606 2017/3674/3604
f 1995/3675/3605 1996/3677/3607 2019/3678/3608 2018/3676/3606
f 1996/3677/3607 1997/3679/3609 2020/3680/3610 2019/3678/3608
f 1997/3681/3609 1998/3682/3611 2021/3683/3612 2020/3684/3610
f 1998/3682/3611 1999/3685/3613 2022/3686/3614 2021/3683/3612
s off
f 1999/3687/3615 2000/3688/3616 2023/3689/3617 2022/3690/3618
f 2000/3691/3619 2001/3692/3620 2024/3693/3621 2023/3694/3622
f 2001/3695/3623 2002/3696/3624 2025/3697/3625 2024/3698/3626
s 32
f 2002/3699/3627 2003/3700/3628 2026/3701/3629 2025/3702/3630
f 2003/3703/3628 2004/3704/3631 2027/3705/3632 2026/3706/3629
f 2004/3704/3631 2005/3707/3633 2028/3708/3634 2027/3705/3632
f 2005/3707/3633 2006/3709/3635 2029/3710/3636 2028/3708/3634
f 2006/3709/3635 2007/3711/3637 2030/3712/3638 2029/3710/3636
f 2007/3711/3637 1985/3713/3639 2008/3714/3640 2030/3712/3638
s off
f 2008/3715/3641 2009/3716/3642 2010/3717/3643 2011/3718/3644 2012/3719/3645 2013/3720/3646 2014/3721/3647 2015/3722/3648 2016/3723/3649 2017/3724/3650 2018/3725/3651 2019/3726/3652 2020/3727/3653 2021/3728/3654 2022/3729/3655 2023/3730/3656 2024/3731/3657 2025/3732/3658 2026/3733/3659 2027/3734/3660 2028/3735/3661 2029/3736/3662 2030/3737/3663
f 2031/3738/3664 2032/3739/3665 2063/3740/3666 2062/3741/3667
f 2032/3742/3668 2033/3743/3669 2064/3744/3670 2063/3745/3671
s 33
f 2033/3746/3672 2034/3747/3673 2065/3748/3674 2064/3749/3675
f 2034/3747/3673 2035/3750/3676 2066/3751/3677 2065/3748/3674
s 34
f 2035/3752/3678 2036/3753/3679 2067/3754/3680 2066/3755/3681
f 2036/3753/3679 2037/3756/3682 2068/3757/3683 2067/3754/3680
f 2037/3756/3682 2038/3758/3684 2069/3759/3685 2068/3757/3683
s 35
f 2038/3760/3686 2039/3761/3687 2070/3762/3688 2069/3763/3689
f 2039/3761/3687 2040/3764/3690 2071/3765/3691 2070/3762/3688
s off
f 2040/3766/3692 2041/3767/3693 2072/3768/3694 2071/3769/3695
f 2041/3770/3696 2042/3771/3697 2073/3772/3698 2072/3773/3699
f 2042/3774/3700 2043/3775/3701 2074/3776/3702 2073/3777/3703
f 2043/3778/3704 2044/3779/3705 2075/3780/3706 2074/3781/3707
s 36
f 2044/3782/3708 2045/3783/3709 2076/3784/3710 2075/3785/3711
f 2045/3783/3709 2046/3786/3712 2077/3787/3713 2076/3784/3710
f 2046/3786/3712 2047/3788/3714 2078/3789/3715 2077/3787/3713
f 2047/3790/3714 2048/3791/3716 2079/3792/3717 2078/3793/3715
f 2048/3791/3716 2049/3794/3718 2080/3795/3719 2079/3792/3717
f 2049/3794/3718 2050/3796/3720 2081/3797/3721 2080/3795/3719
f 2050/3796/3720 2051/3798/3722 2082/3799/3723 2081/3797/3721
f 2051/3800/3722 2052/3801/3724 2083/3802/3725 2082/3803/3723
f 2052/3801/3724 2053/3804/3726 2084/3805/3727 2083/3802/3725
f 2053/3804/3726 2054/3806/3728 2085/3807/3729 2084/3805/3727
f 2054/3806/3728 2055/3808/3730 2086/3809/3731 2085/3807/3729
f 2055/3808/3730 2056/3810/3732 2087/3811/3733 2086/3809/3731
f 2056/3810/3732 2057/3812/3734 2088/3813/3735 2087/3811/3733
s 37
f 2057/3812/3736 2058/3814/3737 2089/3815/3738 2088/3813/3739
f 2058/3814/3737 2059/3816/3740 2090/3817/3741 2089/3815/3738
f 2059/3818/3740 2060/3819/3742 2091/3820/3743 2090/3821/3741
f 2060/3819/3742 2061/3822/3744 2092/3823/3745 2091/3820/3743
s off
f 2061/3824/3746 2031/3825/3747 2062/3826/3748 2092/3827/3749
f 2062/3828/3750 2063/3829/3751 2064/3830/3752 2065/3831/3753 2066/3832/3754 2067/3833/3755 2068/3834/3756 2069/3835/3757 2070/3836/3758 2071/3837/3759 2072/3838/3760 2073/3839/3761 2074/3840/3762 2075/3841/3763 2076/3842/3764 2077/3843/3765 2078/3844/3766 2079/3845/3767 2080/3846/3768 2081/3847/3769 2082/3848/3770 2083/3849/3771 2084/3850/3772 2085/3851/3773 2086/3852/3774 2087/3853/3775 2088/3854/3776 2089/3855/3777 2090/3856/3778 2091/3857/3779 2092/3858/3780
s 38
f 2093/3859/3781 2094/3860/3782 2117/3861/3783 2116/3862/3784
f 2094/3860/3782 2095/3863/3785 2118/3864/3786 2117/3861/3783
s off
f 2095/3865/3787 2096/3866/3788 2119/3867/3789 2118/3868/3790
s 39
f 2096/3869/3791 2097/3870/3792 2120/3871/3793 2119/3872/3794
f 2097/3870/3792 2098/3873/3795 2121/3874/3796 2120/3871/3793
s 40
f 2098/3875/3797 2099/3876/3798 2122/3877/3799 2121/3878/3800
f 2099/3876/3798 2100/3879/3801 2123/3880/3802 2122/3877/3799
f 2100/3879/3801 2101/3881/3803 2124/3882/3804 2123/3880/3802
f 2101/3881/3803 2102/3883/3805 2125/3884/3806 2124/3882/3804
f 2102/3883/3805 2103/3885/3807 2126/3886/3808 2125/3884/3806
f 2103/3885/3807 2104/3887/3809 2127/3888/3810 2126/3886/3808
f 2104/3887/3809 2105/3889/3811 2128/3890/3812 2127/3888/3810
f 2105/3891/3811 2106/3892/3813 2129/3893/3814 2128/3894/3812
f 2106/3892/3813 2107/3895/3815 2130/3896/3816 2129/3893/3814
s off
f 2107/3897/3817 2108/3898/3818 2131/3899/3819 2130/3900/3820
f 2108/3901/3821 2109/3902/3822 2132/3903/3823 2131/3904/3824
f 2109/3905/3825 2110/3906/3826 2133/3907/3827 2132/3908/3828
s 41
f 2110/3909/3829 2111/3910/3830 2134/3911/3831 2133/3912/3832
f 2111/3913/3830 2112/3914/3833 2135/3915/3834 2134/3916/3831
f 2112/3914/3833 2113/3917/3835 2136/3918/3836 2135/3915/3834
f 2113/3917/3835 2114/3919/3837 2137/3920/3838 2136/3918/3836
f 2114/3919/3837 2115/3921/3839 2138/3922/3840 2137/3920/3838
f 2115/3921/3839 2093/3923/3841 2116/3924/3842 2138/3922/3840
s off
f 2116/3925/3843 2117/3926/3844 2118/3927/3845 2119/3928/3846 2120/3929/3847 2121/3930/3848 2122/3931/3849 2123/3932/3850 2124/3933/3851 2125/3934/3852 2126/3935/3853 2127/3936/3854 2128/3937/3855 2129/3938/3856 2130/3939/3857 2131/3940/3858 2132/3941/3859 2133/3942/3860 2134/3943/3861 2135/3944/3862 2136/3945/3863 2137/3946/3864 2138/3947/3865
s 42
f 2139/3948/3866 2140/3949/3867 2156/3950/3868 2155/3951/3869
f 2140/3952/3867 2141/3953/3870 2157/3954/3871 2156/3955/3868
f 2141/3953/3870 2142/3956/3872 2158/3957/3873 2157/3954/3871
f 2142/3956/3872 2143/3958/3874 2159/3959/3875 2158/3957/3873
f 2143/3958/3874 2144/3960/3876 2160/3961/3877 2159/3959/3875
f 2144/3960/3876 2145/3962/3878 2161/3963/3879 2160/3961/3877
f 2145/3962/3878 2146/3964/3880 2162/3965/3881 2161/3963/3879
f 2146/3966/3880 2147/3967/3882 2163/3968/3883 2162/3969/3881
f 2147/3967/3882 2148/3970/3884 2164/3971/3885 2163/3968/3883
f 2148/3972/3884 2149/3973/3886 2165/3974/3887 2164/3975/3885
f 2149/3973/3886 2150/3976/3888 2166/3977/3889 2165/3974/3887
f 2150/3976/3888 2151/3978/3890 2167/3979/3891 2166/3977/3889
f 2151/3978/3890 2152/3980/3892 2168/3981/3893 2167/3979/3891
f 2152/3980/3892 2153/3982/3894 2169/3983/3895 2168/3981/3893
f 2153/3982/3894 2154/3984/3896 2170/3985/3897 2169/3983/3895
f 2154/3986/3896 2139/3948/3866 2155/3951/3869 2170/3987/3897
s off
f 2155/3988/3898 2156/3989/3899 2157/3990/3900 2158/3991/3901 2159/3992/3902 2160/3993/3903 2161/3994/3904 2162/3995/3905 2163/3996/3906 2164/3997/3907 2165/3998/3908 2166/3999/3909 2167/4000/3910 2168/4001/3911 2169/4002/3912 2170/4003/3913
f 2171/4004/3914 2172/4005/3915 2174/4006/3916 2173/4007/3917
f 2173/4008/3918 2174/4009/3919 2176/4010/3920 2175/4011/3921
f 2175/4012/3922 2176/4013/3923 2178/4014/3924 2177/4015/3925
f 2177/4016/3926 2178/4017/3927 2172/4018/3928 2171/4019/3929
f 2172/4020/3930 2178/4021/3931 2176/4022/3932 2174/4023/3933
f 2177/4024/3934 2171/4025/3935 2173/4026/3936 2175/4027/3937
f 2179/4028/3938 2180/4029/3939 2182/4030/3940 2181/4031/3941
f 2181/4032/3942 2182/4033/3943 2184/4034/3944 2183/4035/3945
f 2183/4036/3946 2184/4037/3947 2186/4038/3948 2185/4039/3949
f 2185/4040/3950 2186/4041/3951 2180/4042/3952 2179/4043/3953
f 2180/4044/3954 2186/4045/3955 2184/4046/3956 2182/4047/3957
f 2185/4048/3958 2179/4049/3959 2181/4050/3960 2183/4051/3961
s 43
f 2187/4052/3962 2188/4053/3963 2190/4054/3964 2189/4055/3965
f 2189/4056/3965 2190/4057/3964 2192/4058/3966 2191/4059/3967
f 2191/4060/3967 2192/4061/3966 2194/4062/3968 2193/4063/3969
f 2193/4064/3969 2194/4065/3968 2188/4066/3963 2187/4067/3962
f 2188/4068/3963 2194/4069/3968 2192/4070/3966 2190/4071/3964
f 2193/4072/3969 2187/4073/3962 2189/4074/3965 2191/4075/3967
s off
f 2195/4076/3970 2196/4077/3971 2198/4078/3972 2197/4079/3973
f 2199/4080/3974 2200/4081/3975 2202/4082/3976 2201/4083/3977
f 2201/4084/3978 2202/4085/3979 2196/4086/3980 2195/4087/3981
f 2196/4088/3982 2202/4089/3983 2200/4090/3984 2198/4091/3985
f 2201/4092/3986 2195/4093/3987 2197/4094/3988 2199/4095/3989
f 2203/4096/3990 2204/4097/3991 2205/4098/3992 2206/4099/3993
f 2204/4100/3994 2203/4101/3995 2207/4102/3996 2208/4103/3997
f 2205/4098/3998 2204/4097/3999 2208/4104/4000 2209/4105/4001
f 2206/4106/4002 2205/4107/4003 2209/4108/4004 2210/4109/4005
f 2203/4096/4006 2206/4099/4007 2210/4110/4008 2207/4111/4009
g default
v -1.476789 1.984459 0.000000
v 2.000000 1.984459 0.000000
v 2.000000 1.984459 -2.055552
v -1.476789 1.984459 -2.055552
v -1.836192 1.459937 0.212487
v 2.359404 1.459937 0.212487
v 2.359404 1.459937 -2.268039
v -1.836192 1.459937 -2.268039
v -1.476789 0.000000 0.000000
v 2.000000 0.000000 0.000000
v -1.476789 1.907694 0.000000
v 2.000000 1.907694 0.000000
v -1.476789 1.907694 -2.055552
v 2.000000 1.907694 -2.055552
v -1.476789 0.000000 -2.055552
v 2.000000 0.000000 -2.055552
vt 0.015052 0.237729
vt 0.015052 0.024035
vt 0.141393 0.024035
vt 0.141393 0.237729
vt 0.194240 0.024035
vt 0.194240 0.237729
vt 0.162001 0.259819
vt 0.162001 0.001945
vt 0.001992 0.001945
vt 0.154453 0.001945
vt 0.200980 0.237729
vt 0.200980 0.024035
vt 0.233219 0.001945
vt 0.233219 0.259819
vt 0.154453 0.259819
vt 0.001992 0.259819
vt 0.715504 0.215639
vt 0.715504 0.001945
vt 0.832756 0.001945
vt 0.832756 0.215639
vt 0.840236 0.215639
vt 0.840236 0.001945
vt 0.957489 0.001945
vt 0.957489 0.215639
vt 0.871668 0.433325
vt 0.871668 0.219631
vt 0.998008 0.219631
vt 0.998008 0.433325
vt 0.498676 0.771187
vt 0.498676 0.644847
vt 0.615928 0.644847
vt 0.615928 0.771187
vt 0.375288 0.776626
vt 0.375288 0.650286
vt 0.492541 0.650286
vt 0.492541 0.776626
vn 0.000000 1.000000 0.000000
vn 0.000000 1.000000 0.000000
vn 0.000000 1.000000 0.000000
vn 0.000000 1.000000 0.000000
vn 0.000000 0.375467 0.926836
vn 0.000000 0.375467 0.926836
vn 0.000000 0.375467 0.926836
vn 0.000000 0.375467 0.926836
vn 0.824925 0.565242 0.000000
vn 0.824925 0.565242 0.000000
vn 0.824925 0.565242 0.000000
vn 0.824925 0.565242 0.000000
vn 0.000000 0.375467 -0.926836
vn 0.000000 0.375467 -0.926836
vn 0.000000 0.375467 -0.926836
vn 0.000000 0.375467 -0.926836
vn -0.824926 0.565241 0.000000
vn -0.824926 0.565241 0.000000
vn -0.824926 0.565241 0.000000
vn -0.824926 0.565241 0.000000
vn 0.000000 0.000000 1.000000
vn 0.000000 0.000000 1.000000
vn 0.000000 0.000000 1.000000
vn 0.000000 0.000000 1.000000
vn 0.000000 0.000000 -1.000000
vn 0.000000 0.000000 -1.000000
vn 0.000000 0.000000 -1.000000
vn 0.000000 0.000000 -1.000000
vn 0.000000 -1.000000 0.000000
vn 0.000000 -1.000000 0.000000
vn 0.000000 -1.000000 0.000000
vn 0.000000 -1.000000 0.000000
vn 1.000000 0.000000 0.000000
vn 1.000000 0.000000 0.000000
vn 1.000000 0.000000 0.000000
vn 1.000000 0.000000 0.000000
vn -1.000000 0.000000 0.000000
vn -1.000000 0.000000 0.000000
vn -1.000000 0.000000 0.000000
vn -1.000000 0.000000 0.000000
s off
g group1 BK
usemtl lambert4SG
f 2211/4112/4010 2212/4113/4011 2213/4114/4012 2214/4115/4013
f 2212/4116/4014 2211/4117/4015 2215/4118/4016 2216/4119/4017
f 2213/4114/4018 2212/4113/4019 2216/4120/4020 2217/4121/4021
f 2214/4122/4022 2213/4123/4023 2217/4124/4024 2218/4125/4025
f 2211/4112/4026 2214/4115/4027 2218/4126/4028 2215/4127/4029
f 2219/4128/4030 2220/4129/4031 2222/4130/4032 2221/4131/4033
f 2223/4132/4034 2224/4133/4035 2226/4134/4036 2225/4135/4037
f 2225/4136/4038 2226/4137/4039 2220/4138/4040 2219/4139/4041
f 2220/4140/4042 2226/4141/4043 2224/4142/4044 2222/4143/4045
f 2225/4144/4046 2219/4145/4047 2221/4146/4048 2223/4147/4049
g default
v -0.778260 0.180224 0.323889
v -0.452546 0.180224 0.323889
v -0.778260 0.582594 0.323889
v -0.452546 0.582594 0.323889
v 0.293341 0.815700 0.998401
v 0.837412 0.815700 0.998401
v 0.293341 0.980031 0.998401
v 0.837412 0.980031 0.998401
v -0.778260 0.615076 0.323889
v -0.452546 0.615076 0.323889
v -0.778260 1.017446 0.323889
v -0.452546 1.017446 0.323889
v -0.841950 0.000000 -1.307789
v 0.841950 0.000000 -1.307789
v 0.841950 2.116524 0.942425
v -0.841950 2.116524 0.942425
v -0.841950 2.116524 -1.307789
v 0.841950 2.116524 -1.307789
v -0.931951 2.421821 1.020823
v 0.931951 2.421821 1.020823
v 0.931951 2.421821 -1.386188
v -0.931951 2.421821 -1.386188
v 0.931951 2.116524 1.020823
v -0.931951 2.116524 1.020823
v -0.931951 2.116524 -1.386188
v 0.931951 2.116524 -1.386188
v -0.841950 1.058262 0.942425
v -0.841950 1.058262 -1.307789
v 0.841950 1.058262 -1.307789
v 0.841950 1.058262 0.942425
v -0.841950 1.058262 0.320875
v -0.841950 0.000000 0.320875
v 0.841950 0.000000 0.320875
v 0.841950 1.058262 0.320875
v 0.841950 2.116524 0.320875
v 0.931951 2.116524 0.320875
v 0.931951 2.421821 0.320875
v -0.931951 2.421821 0.320875
v -0.931951 2.116524 0.320875
v -0.841950 2.116524 0.320875
v 0.798579 1.435235 0.841232
v 0.798578 1.370809 0.841232
v 0.798579 1.435235 1.308069
v 0.798578 1.370809 1.308069
v -0.101232 2.412157 1.017565
v -0.112979 2.411752 1.017565
v -0.124557 2.410528 1.017565
v -0.135961 2.408491 1.017565
v -0.147027 2.405653 1.017565
v -0.157579 2.402042 1.017565
v -0.167621 2.397652 1.017565
v -0.177133 2.392504 1.017565
v -0.186090 2.386614 1.017565
v -0.194503 2.379987 1.017565
v -0.202277 2.372619 1.017565
v -0.209331 2.364513 1.017565
v -0.215663 2.355667 1.017565
v -0.221183 2.346128 1.017565
v -0.225789 2.335947 1.017565
v -0.229487 2.325118 1.017565
v -0.232188 2.313647 1.017565
v -0.233811 2.301529 1.017565
v -0.234353 2.288767 1.017565
v -0.233888 2.277513 1.017565
v -0.232493 2.266502 1.017565
v -0.230172 2.255741 1.017565
v -0.227014 2.245388 1.017565
v -0.223115 2.235604 1.017565
v -0.218481 2.226387 1.017565
v -0.213084 2.217722 1.017565
v -0.206912 2.209586 1.017565
v -0.199962 2.201980 1.017565
v -0.192273 2.194986 1.017565
v -0.183881 2.188670 1.017565
v -0.174790 2.183039 1.017565
v -0.165051 2.178163 1.017565
v -0.154727 2.174126 1.017565
v -0.143815 2.170924 1.017565
v -0.132350 2.168600 1.017565
v -0.120376 2.167205 1.017565
v -0.107887 2.166740 1.017565
v -0.100379 2.166845 1.017565
v -0.093326 2.167160 1.017565
v -0.086726 2.167681 1.017565
v -0.080495 2.168355 1.017565
v -0.074552 2.169121 1.017565
v -0.068891 2.169984 1.017565
v -0.063514 2.170914 1.017565
v -0.058421 2.171879 1.017565
v -0.053617 2.172882 1.017565
v -0.049083 2.173906 1.017565
v -0.044818 2.174930 1.017565
v -0.040816 2.175954 1.017565
v -0.039771 2.176447 1.017565
v -0.039145 2.177017 1.017565
v -0.038939 2.177660 1.017565
v -0.038939 2.230396 1.017565
v -0.039145 2.231347 1.017565
v -0.039771 2.231913 1.017565
v -0.040816 2.232105 1.017565
v -0.054297 2.232105 1.017565
v -0.054830 2.232046 1.017565
v -0.055284 2.231878 1.017565
v -0.055665 2.231592 1.017565
v -0.055947 2.231270 1.017565
v -0.056119 2.230987 1.017565
v -0.056174 2.230739 1.017565
v -0.063172 2.191316 1.017565
v -0.063325 2.190652 1.017565
v -0.063781 2.190026 1.017565
v -0.064538 2.189439 1.017565
v -0.067212 2.188188 1.017565
v -0.070230 2.187163 1.017565
v -0.073585 2.186367 1.017565
v -0.077121 2.185720 1.017565
v -0.080676 2.185150 1.017565
v -0.084252 2.184657 1.017565
v -0.087846 2.184241 1.017565
v -0.091456 2.183899 1.017565
v -0.095088 2.183633 1.017565
v -0.098539 2.183444 1.017565
v -0.101609 2.183332 1.017565
v -0.104304 2.183294 1.017565
v -0.118327 2.184297 1.017565
v -0.131497 2.187314 1.017565
v -0.143815 2.192340 1.017565
v -0.155126 2.199110 1.017565
v -0.165280 2.207359 1.017565
v -0.174275 2.217086 1.017565
v -0.182053 2.228103 1.017565
v -0.188537 2.240222 1.017565
v -0.193734 2.253437 1.017565
v -0.197527 2.267471 1.017565
v -0.199802 2.282036 1.017565
v -0.200561 2.297128 1.017565
v -0.199840 2.311399 1.017565
v -0.197677 2.324852 1.017565
v -0.194074 2.337492 1.017565
v -0.189089 2.349144 1.017565
v -0.182773 2.359641 1.017565
v -0.175132 2.368980 1.017565
v -0.166188 2.377075 1.017565
v -0.155978 2.383846 1.017565
v -0.144496 2.389288 1.017565
v -0.131802 2.393272 1.017565
v -0.117947 2.395660 1.017565
v -0.102937 2.396457 1.017565
v -0.099592 2.396380 1.017565
v -0.096150 2.396152 1.017565
v -0.092612 2.395775 1.017565
v -0.089068 2.395272 1.017565
v -0.085597 2.394674 1.017565
v -0.082204 2.393982 1.017565
v -0.078872 2.393234 1.017565
v -0.075604 2.392465 1.017565
v -0.072389 2.391679 1.017565
v -0.069394 2.390938 1.017565
v -0.066775 2.390312 1.017565
v -0.064538 2.389802 1.017565
v -0.063781 2.389309 1.017565
v -0.063325 2.388739 1.017565
v -0.063172 2.388096 1.017565
v -0.056174 2.348841 1.017565
v -0.056119 2.348424 1.017565
v -0.055947 2.348082 1.017565
v -0.055665 2.347816 1.017565
v -0.055284 2.347628 1.017565
v -0.054830 2.347512 1.017565
v -0.054297 2.347474 1.017565
v -0.040816 2.347474 1.017565
v -0.039771 2.347666 1.017565
v -0.039145 2.348232 1.017565
v -0.038939 2.349183 1.017565
v -0.038939 2.402088 1.017565
v -0.039145 2.402884 1.017565
v -0.039771 2.403454 1.017565
v -0.040816 2.403797 1.017565
v -0.044919 2.404534 1.017565
v -0.049502 2.405387 1.017565
v -0.054553 2.406355 1.017565
v -0.059871 2.407351 1.017565
v -0.065248 2.408292 1.017565
v -0.070683 2.409172 1.017565
v -0.076125 2.409976 1.017565
v -0.081529 2.410689 1.017565
v -0.086894 2.411304 1.017565
v -0.092053 2.411780 1.017565
v -0.096831 2.412063 1.017565
v -0.101232 2.412157 1.074364
v -0.112979 2.411752 1.074364
v -0.124557 2.410528 1.074364
v -0.135961 2.408491 1.074364
v -0.147027 2.405653 1.074364
v -0.157579 2.402042 1.074364
v -0.167621 2.397652 1.074364
v -0.177133 2.392504 1.074364
v -0.186090 2.386614 1.074364
v -0.194503 2.379987 1.074364
v -0.202277 2.372619 1.074364
v -0.209331 2.364513 1.074364
v -0.215663 2.355667 1.074364
v -0.221183 2.346128 1.074364
v -0.225789 2.335947 1.074364
v -0.229487 2.325118 1.074364
v -0.232188 2.313647 1.074364
v -0.233811 2.301529 1.074364
v -0.234353 2.288767 1.074364
v -0.233888 2.277513 1.074364
v -0.232493 2.266502 1.074364
v -0.230172 2.255741 1.074364
v -0.227014 2.245388 1.074364
v -0.223115 2.235604 1.074364
v -0.218481 2.226387 1.074364
v -0.213084 2.217722 1.074364
v -0.206912 2.209586 1.074364
v -0.199962 2.201980 1.074364
v -0.192273 2.194986 1.074364
v -0.183881 2.188670 1.074364
v -0.174790 2.183039 1.074364
v -0.165051 2.178163 1.074364
v -0.154727 2.174126 1.074364
v -0.143815 2.170924 1.074364
v -0.132350 2.168600 1.074364
v -0.120376 2.167205 1.074364
v -0.107887 2.166740 1.074364
v -0.100379 2.166845 1.074364
v -0.093326 2.167160 1.074364
v -0.086726 2.167681 1.074364
v -0.080495 2.168355 1.074364
v -0.074552 2.169121 1.074364
v -0.068891 2.169984 1.074364
v -0.063514 2.170914 1.074364
v -0.058421 2.171879 1.074364
v -0.053617 2.172882 1.074364
v -0.049083 2.173906 1.074364
v -0.044818 2.174930 1.074364
v -0.040816 2.175954 1.074364
v -0.039771 2.176447 1.074364
v -0.039145 2.177017 1.074364
v -0.038939 2.177660 1.074364
v -0.038939 2.230396 1.074364
v -0.039145 2.231347 1.074364
v -0.039771 2.231913 1.074364
v -0.040816 2.232105 1.074364
v -0.054297 2.232105 1.074364
v -0.054830 2.232046 1.074364
v -0.055284 2.231878 1.074364
v -0.055665 2.231592 1.074364
v -0.055947 2.231270 1.074364
v -0.056119 2.230987 1.074364
v -0.056174 2.230739 1.074364
v -0.063172 2.191316 1.074364
v -0.063325 2.190652 1.074364
v -0.063781 2.190026 1.074364
v -0.064538 2.189439 1.074364
v -0.067212 2.188188 1.074364
v -0.070230 2.187163 1.074364
v -0.073585 2.186367 1.074364
v -0.077121 2.185720 1.074364
v -0.080676 2.185150 1.074364
v -0.084252 2.184657 1.074364
v -0.087846 2.184241 1.074364
v -0.091456 2.183899 1.074364
v -0.095088 2.183633 1.074364
v -0.098539 2.183444 1.074364
v -0.101609 2.183332 1.074364
v -0.104304 2.183294 1.074364
v -0.118327 2.184297 1.074364
v -0.131497 2.187314 1.074364
v -0.143815 2.192340 1.074364
v -0.155126 2.199110 1.074364
v -0.165280 2.207359 1.074364
v -0.174275 2.217086 1.074364
v -0.182053 2.228103 1.074364
v -0.188537 2.240222 1.074364
v -0.193734 2.253437 1.074364
v -0.197527 2.267471 1.074364
v -0.199802 2.282036 1.074364
v -0.200561 2.297128 1.074364
v -0.199840 2.311399 1.074364
v -0.197677 2.324852 1.074364
v -0.194074 2.337492 1.074364
v -0.189089 2.349144 1.074364
v -0.182773 2.359641 1.074364
v -0.175132 2.368980 1.074364
v -0.166188 2.377075 1.074364
v -0.155978 2.383846 1.074364
v -0.144496 2.389288 1.074364
v -0.131802 2.393272 1.074364
v -0.117947 2.395660 1.074364
v -0.102937 2.396457 1.074364
v -0.099592 2.396380 1.074364
v -0.096150 2.396152 1.074364
v -0.092612 2.395775 1.074364
v -0.089068 2.395272 1.074364
v -0.085597 2.394674 1.074364
v -0.082204 2.393982 1.074364
v -0.078872 2.393234 1.074364
v -0.075604 2.392465 1.074364
v -0.072389 2.391679 1.074364
v -0.069394 2.390938 1.074364
v -0.066775 2.390312 1.074364
v -0.064538 2.389802 1.074364
v -0.063781 2.389309 1.074364
v -0.063325 2.388739 1.074364
v -0.063172 2.388096 1.074364
v -0.056174 2.348841 1.074364
v -0.056119 2.348424 1.074364
v -0.055947 2.348082 1.074364
v -0.055665 2.347816 1.074364
v -0.055284 2.347628 1.074364
v -0.054830 2.347512 1.074364
v -0.054297 2.347474 1.074364
v -0.040816 2.347474 1.074364
v -0.039771 2.347666 1.074364
v -0.039145 2.348232 1.074364
v -0.038939 2.349183 1.074364
v -0.038939 2.402088 1.074364
v -0.039145 2.402884 1.074364
v -0.039771 2.403454 1.074364
v -0.040816 2.403797 1.074364
v -0.044919 2.404534 1.074364
v -0.049502 2.405387 1.074364
v -0.054553 2.406355 1.074364
v -0.059871 2.407351 1.074364
v -0.065248 2.408292 1.074364
v -0.070683 2.409172 1.074364
v -0.076125 2.409976 1.074364
v -0.081529 2.410689 1.074364
v -0.086894 2.411304 1.074364
v -0.092053 2.411780 1.074364
v -0.096831 2.412063 1.074364
v 0.364772 2.328362 1.017565
v 0.343535 2.325422 1.017565
v 0.325332 2.316604 1.017565
v 0.310157 2.301906 1.017565
v 0.299727 2.284632 1.017565
v 0.293471 2.264891 1.017565
v 0.291385 2.242686 1.017565
v 0.293527 2.221351 1.017565
v 0.299954 2.203091 1.017565
v 0.310672 2.187901 1.017565
v 0.325364 2.176143 1.017565
v 0.343286 2.169093 1.017565
v 0.364432 2.166740 1.017565
v 0.384723 2.168960 1.017565
v 0.404857 2.175615 1.017565
v 0.424848 2.186706 1.017565
v 0.425569 2.187352 1.017565
v 0.425910 2.188149 1.017565
v 0.425872 2.189096 1.017565
v 0.420924 2.197628 1.017565
v 0.420598 2.197971 1.017565
v 0.420316 2.198313 1.017565
v 0.420068 2.198652 1.017565
v 0.419707 2.198768 1.017565
v 0.419311 2.198652 1.017565
v 0.418876 2.198313 1.017565
v 0.405828 2.191676 1.017565
v 0.392173 2.187691 1.017565
v 0.377913 2.186367 1.017565
v 0.361131 2.188509 1.017565
v 0.347194 2.194937 1.017565
v 0.336099 2.205650 1.017565
v 0.329009 2.218205 1.017565
v 0.324571 2.233336 1.017565
v 0.322791 2.251050 1.017565
v 0.423482 2.251050 1.017565
v 0.424430 2.251239 1.017565
v 0.424996 2.251808 1.017565
v 0.425187 2.252756 1.017565
v 0.425569 2.256587 1.017565
v 0.425796 2.260340 1.017565
v 0.425872 2.264021 1.017565
v 0.424182 2.282756 1.017565
v 0.419120 2.298456 1.017565
v 0.410680 2.311123 1.017565
v 0.398602 2.320700 1.017565
v 0.383298 2.326447 1.017565
v 0.361516 2.312709 1.017565
v 0.380403 2.307388 1.017565
v 0.391328 2.291428 1.017565
v 0.394288 2.264823 1.017565
v 0.323306 2.264823 1.017565
v 0.323951 2.270634 1.017565
v 0.324967 2.276522 1.017565
v 0.326364 2.282483 1.017565
v 0.333817 2.299277 1.017565
v 0.345532 2.309352 1.017565
v 0.364772 2.328362 1.074364
v 0.343535 2.325422 1.074364
v 0.325332 2.316604 1.074364
v 0.310157 2.301906 1.074364
v 0.299727 2.284632 1.074364
v 0.293471 2.264891 1.074364
v 0.291385 2.242686 1.074364
v 0.293527 2.221351 1.074364
v 0.299954 2.203091 1.074364
v 0.310672 2.187901 1.074364
v 0.325364 2.176143 1.074364
v 0.343286 2.169093 1.074364
v 0.364432 2.166740 1.074364
v 0.384723 2.168960 1.074364
v 0.404857 2.175615 1.074364
v 0.424848 2.186706 1.074364
v 0.425569 2.187352 1.074364
v 0.425910 2.188149 1.074364
v 0.425872 2.189096 1.074364
v 0.420924 2.197628 1.074364
v 0.420598 2.197971 1.074364
v 0.420316 2.198313 1.074364
v 0.420068 2.198652 1.074364
v 0.419707 2.198768 1.074364
v 0.419311 2.198652 1.074364
v 0.418876 2.198313 1.074364
v 0.405828 2.191676 1.074364
v 0.392173 2.187691 1.074364
v 0.377913 2.186367 1.074364
v 0.361131 2.188509 1.074364
v 0.347194 2.194937 1.074364
v 0.336099 2.205650 1.074364
v 0.329009 2.218205 1.074364
v 0.324571 2.233336 1.074364
v 0.322791 2.251050 1.074364
v 0.423482 2.251050 1.074364
v 0.424430 2.251239 1.074364
v 0.424996 2.251808 1.074364
v 0.425187 2.252756 1.074364
v 0.425569 2.256587 1.074364
v 0.425796 2.260340 1.074364
v 0.425872 2.264021 1.074364
v 0.424182 2.282756 1.074364
v 0.419120 2.298456 1.074364
v 0.410680 2.311123 1.074364
v 0.398602 2.320700 1.074364
v 0.383298 2.326447 1.074364
v 0.361516 2.312709 1.074364
v 0.380403 2.307388 1.074364
v 0.391328 2.291428 1.074364
v 0.394288 2.264823 1.074364
v 0.323306 2.264823 1.074364
v 0.323951 2.270634 1.074364
v 0.324967 2.276522 1.074364
v 0.326364 2.282483 1.074364
v 0.333817 2.299277 1.074364
v 0.345532 2.309352 1.074364
v 0.798579 1.873519 0.841232
v 0.798578 1.809093 0.841232
v 0.798579 1.873519 1.308069
v 0.798578 1.809093 1.308069
v 0.043529 2.326824 1.017565
v 0.033629 2.326824 1.017565
v 0.032794 2.326712 1.017565
v 0.032113 2.326597 1.017565
v 0.031581 2.326485 1.017565
v -0.010404 2.319487 1.017565
v -0.011163 2.319295 1.017565
v -0.011617 2.318729 1.017565
v -0.011767 2.317778 1.017565
v -0.011767 2.309757 1.017565
v -0.011579 2.308809 1.017565
v -0.011008 2.308239 1.017565
v -0.010060 2.308051 1.017565
v 0.015199 2.305150 1.017565
v 0.016147 2.304961 1.017565
v 0.016717 2.304391 1.017565
v 0.016904 2.303444 1.017565
v 0.016904 2.188072 1.017565
v 0.016717 2.187125 1.017565
v 0.016147 2.186555 1.017565
v 0.015199 2.186367 1.017565
v -0.009208 2.183976 1.017565
v -0.010251 2.183766 1.017565
v -0.010877 2.183140 1.017565
v -0.011085 2.182099 1.017565
v -0.011085 2.173395 1.017565
v -0.010877 2.172448 1.017565
v -0.010251 2.171879 1.017565
v -0.009208 2.171690 1.017565
v 0.069642 2.171690 1.017565
v 0.070682 2.171879 1.017565
v 0.071309 2.172448 1.017565
v 0.071517 2.173395 1.017565
v 0.071517 2.182099 1.017565
v 0.071309 2.183140 1.017565
v 0.070682 2.183766 1.017565
v 0.069642 2.183976 1.017565
v 0.046943 2.186367 1.017565
v 0.045991 2.186555 1.017565
v 0.045426 2.187125 1.017565
v 0.045234 2.188072 1.017565
v 0.045234 2.325118 1.017565
v 0.045045 2.326066 1.017565
v 0.044475 2.326635 1.017565
v 0.043529 2.326824 1.074364
v 0.033629 2.326824 1.074364
v 0.032794 2.326712 1.074364
v 0.032113 2.326597 1.074364
v 0.031581 2.326485 1.074364
v -0.010404 2.319487 1.074364
v -0.011163 2.319295 1.074364
v -0.011617 2.318729 1.074364
v -0.011767 2.317778 1.074364
v -0.011767 2.309757 1.074364
v -0.011579 2.308809 1.074364
v -0.011008 2.308239 1.074364
v -0.010060 2.308051 1.074364
v 0.015199 2.305150 1.074364
v 0.016147 2.304961 1.074364
v 0.016717 2.304391 1.074364
v 0.016904 2.303444 1.074364
v 0.016904 2.188072 1.074364
v 0.016717 2.187125 1.074364
v 0.016147 2.186555 1.074364
v 0.015199 2.186367 1.074364
v -0.009208 2.183976 1.074364
v -0.010251 2.183766 1.074364
v -0.010877 2.183140 1.074364
v -0.011085 2.182099 1.074364
v -0.011085 2.173395 1.074364
v -0.010877 2.172448 1.074364
v -0.010251 2.171879 1.074364
v -0.009208 2.171690 1.074364
v 0.069642 2.171690 1.074364
v 0.070682 2.171879 1.074364
v 0.071309 2.172448 1.074364
v 0.071517 2.173395 1.074364
v 0.071517 2.182099 1.074364
v 0.071309 2.183140 1.074364
v 0.070682 2.183766 1.074364
v 0.069642 2.183976 1.074364
v 0.046943 2.186367 1.074364
v 0.045991 2.186555 1.074364
v 0.045426 2.187125 1.074364
v 0.045234 2.188072 1.074364
v 0.045234 2.325118 1.074364
v 0.045045 2.326066 1.074364
v 0.044475 2.326635 1.074364
v 0.802608 2.328362 1.017565
v 0.785789 2.327261 1.017565
v 0.768325 2.323961 1.017565
v 0.750216 2.318463 1.017565
v 0.749263 2.317970 1.017565
v 0.748698 2.317400 1.017565
v 0.748507 2.316754 1.017565
v 0.748507 2.278013 1.017565
v 0.748698 2.277160 1.017565
v 0.749263 2.276649 1.017565
v 0.750216 2.276478 1.017565
v 0.761138 2.276478 1.017565
v 0.762084 2.276649 1.017565
v 0.762656 2.277160 1.017565
v 0.762843 2.278013 1.017565
v 0.767795 2.303783 1.017565
v 0.768287 2.305017 1.017565
v 0.768855 2.305985 1.017565
v 0.769500 2.306688 1.017565
v 0.777442 2.309721 1.017565
v 0.786262 2.311539 1.017565
v 0.795955 2.312147 1.017565
v 0.810744 2.309131 1.017565
v 0.819617 2.300089 1.017565
v 0.822577 2.285010 1.017565
v 0.822577 2.258048 1.017565
v 0.811007 2.256814 1.017565
v 0.798606 2.254937 1.017565
v 0.785369 2.252413 1.017565
v 0.779265 2.250917 1.017565
v 0.773234 2.248925 1.017565
v 0.767280 2.246440 1.017565
v 0.750976 2.235744 1.017565
v 0.741187 2.221637 1.017565
v 0.737926 2.204115 1.017565
v 0.738269 2.198768 1.017565
v 0.739291 2.193647 1.017565
v 0.740996 2.188754 1.017565
v 0.749190 2.176524 1.017565
v 0.761249 2.169187 1.017565
v 0.777179 2.166740 1.017565
v 0.793941 2.168998 1.017565
v 0.809871 2.175765 1.017565
v 0.824965 2.187048 1.017565
v 0.827865 2.170669 1.017565
v 0.828059 2.169718 1.017565
v 0.828624 2.169152 1.017565
v 0.829574 2.168960 1.017565
v 0.875655 2.175101 1.017565
v 0.876204 2.175311 1.017565
v 0.876716 2.175936 1.017565
v 0.877192 2.176978 1.017565
v 0.877192 2.182952 1.017565
v 0.876906 2.183444 1.017565
v 0.876281 2.184014 1.017565
v 0.875316 2.184657 1.017565
v 0.853297 2.190973 1.017565
v 0.852538 2.191504 1.017565
v 0.852084 2.192186 1.017565
v 0.851932 2.193021 1.017565
v 0.851932 2.287401 1.017565
v 0.851493 2.295007 1.017565
v 0.850188 2.301661 1.017565
v 0.848006 2.307369 1.017565
v 0.838336 2.319029 1.017565
v 0.823203 2.326027 1.017565
v 0.822444 2.244251 1.017565
v 0.822444 2.200101 1.017565
v 0.822257 2.199496 1.017565
v 0.821689 2.198818 1.017565
v 0.820743 2.198063 1.017565
v 0.815234 2.195326 1.017565
v 0.810706 2.193232 1.017565
v 0.807158 2.191779 1.017565
v 0.801349 2.189987 1.017565
v 0.796142 2.188913 1.017565
v 0.791537 2.188555 1.017565
v 0.779178 2.191024 1.017565
v 0.771762 2.198442 1.017565
v 0.769294 2.210799 1.017565
v 0.771293 2.222988 1.017565
v 0.777293 2.231933 1.017565
v 0.787292 2.237630 1.017565
v 0.790858 2.238837 1.017565
v 0.793632 2.239744 1.017565
v 0.795611 2.240346 1.017565
v 0.802592 2.242064 1.017565
v 0.811538 2.243365 1.017565
v 0.802608 2.328362 1.074364
v 0.785789 2.327261 1.074364
v 0.768325 2.323961 1.074364
v 0.750216 2.318463 1.074364
v 0.749263 2.317970 1.074364
v 0.748698 2.317400 1.074364
v 0.748507 2.316754 1.074364
v 0.748507 2.278013 1.074364
v 0.748698 2.277160 1.074364
v 0.749263 2.276649 1.074364
v 0.750216 2.276478 1.074364
v 0.761138 2.276478 1.074364
v 0.762084 2.276649 1.074364
v 0.762656 2.277160 1.074364
v 0.762843 2.278013 1.074364
v 0.767795 2.303783 1.074364
v 0.768287 2.305017 1.074364
v 0.768855 2.305985 1.074364
v 0.769500 2.306688 1.074364
v 0.777442 2.309721 1.074364
v 0.786262 2.311539 1.074364
v 0.795955 2.312147 1.074364
v 0.810744 2.309131 1.074364
v 0.819617 2.300089 1.074364
v 0.822577 2.285010 1.074364
v 0.822577 2.258048 1.074364
v 0.811007 2.256814 1.074364
v 0.798606 2.254937 1.074364
v 0.785369 2.252413 1.074364
v 0.779265 2.250917 1.074364
v 0.773234 2.248925 1.074364
v 0.767280 2.246440 1.074364
v 0.750976 2.235744 1.074364
v 0.741187 2.221637 1.074364
v 0.737926 2.204115 1.074364
v 0.738269 2.198768 1.074364
v 0.739291 2.193647 1.074364
v 0.740996 2.188754 1.074364
v 0.749190 2.176524 1.074364
v 0.761249 2.169187 1.074364
v 0.777179 2.166740 1.074364
v 0.793941 2.168998 1.074364
v 0.809871 2.175765 1.074364
v 0.824965 2.187048 1.074364
v 0.827865 2.170669 1.074364
v 0.828059 2.169718 1.074364
v 0.828624 2.169152 1.074364
v 0.829574 2.168960 1.074364
v 0.875655 2.175101 1.074364
v 0.876204 2.175311 1.074364
v 0.876716 2.175936 1.074364
v 0.877192 2.176978 1.074364
v 0.877192 2.182952 1.074364
v 0.876906 2.183444 1.074364
v 0.876281 2.184014 1.074364
v 0.875316 2.184657 1.074364
v 0.853297 2.190973 1.074364
v 0.852538 2.191504 1.074364
v 0.852084 2.192186 1.074364
v 0.851932 2.193021 1.074364
v 0.851932 2.287401 1.074364
v 0.851493 2.295007 1.074364
v 0.850188 2.301661 1.074364
v 0.848006 2.307369 1.074364
v 0.838336 2.319029 1.074364
v 0.823203 2.326027 1.074364
v 0.822444 2.244251 1.074364
v 0.822444 2.200101 1.074364
v 0.822257 2.199496 1.074364
v 0.821689 2.198818 1.074364
v 0.820743 2.198063 1.074364
v 0.815234 2.195326 1.074364
v 0.810706 2.193232 1.074364
v 0.807158 2.191779 1.074364
v 0.801349 2.189987 1.074364
v 0.796142 2.188913 1.074364
v 0.791537 2.188555 1.074364
v 0.779178 2.191024 1.074364
v 0.771762 2.198442 1.074364
v 0.769294 2.210799 1.074364
v 0.771293 2.222988 1.074364
v 0.777293 2.231933 1.074364
v 0.787292 2.237630 1.074364
v 0.790858 2.238837 1.074364
v 0.793632 2.239744 1.074364
v 0.795611 2.240346 1.074364
v 0.802592 2.242064 1.074364
v 0.811538 2.243365 1.074364
v -0.695474 1.210202 1.063521
v 0.695474 1.210202 1.063521
v -0.695474 1.695740 1.063521
v 0.695474 1.695740 1.063521
v -0.695474 1.695740 0.942425
v 0.695474 1.695740 0.942425
v -0.695474 1.210202 0.942425
v 0.695474 1.210202 0.942425
v 0.557982 2.329043 1.017565
v 0.541049 2.326939 1.017565
v 0.524150 2.320623 1.017565
v 0.507293 2.310099 1.017565
v 0.507293 2.325118 1.017565
v 0.507102 2.326066 1.017565
v 0.506537 2.326635 1.017565
v 0.505584 2.326824 1.017565
v 0.497226 2.326824 1.017565
v 0.496142 2.326786 1.017565
v 0.494948 2.326674 1.017565
v 0.493636 2.326485 1.017565
v 0.451657 2.319487 1.017565
v 0.450898 2.319295 1.017565
v 0.450440 2.318729 1.017565
v 0.450288 2.317778 1.017565
v 0.450288 2.309757 1.017565
v 0.450500 2.308809 1.017565
v 0.451125 2.308239 1.017565
v 0.452168 2.308051 1.017565
v 0.477256 2.305150 1.017565
v 0.478204 2.304961 1.017565
v 0.478772 2.304391 1.017565
v 0.478961 2.303444 1.017565
v 0.478961 2.188072 1.017565
v 0.478772 2.187125 1.017565
v 0.478204 2.186555 1.017565
v 0.477256 2.186367 1.017565
v 0.452849 2.183976 1.017565
v 0.451806 2.183766 1.017565
v 0.451180 2.183140 1.017565
v 0.450971 2.182099 1.017565
v 0.450971 2.173395 1.017565
v 0.451180 2.172448 1.017565
v 0.451806 2.171879 1.017565
v 0.452849 2.171690 1.017565
v 0.529307 2.171690 1.017565
v 0.530257 2.171879 1.017565
v 0.530826 2.172448 1.017565
v 0.531016 2.173395 1.017565
v 0.531016 2.182099 1.017565
v 0.530826 2.183140 1.017565
v 0.530257 2.183766 1.017565
v 0.529307 2.183976 1.017565
v 0.508998 2.186367 1.017565
v 0.508052 2.186555 1.017565
v 0.507483 2.187125 1.017565
v 0.507293 2.188072 1.017565
v 0.507293 2.296447 1.017565
v 0.507937 2.297051 1.017565
v 0.508506 2.297509 1.017565
v 0.508998 2.297810 1.017565
v 0.519828 2.302266 1.017565
v 0.530921 2.304940 1.017565
v 0.542277 2.305831 1.017565
v 0.559344 2.301641 1.017565
v 0.569587 2.289068 1.017565
v 0.572997 2.268114 1.017565
v 0.572997 2.188072 1.017565
v 0.572810 2.187125 1.017565
v 0.572238 2.186555 1.017565
v 0.571292 2.186367 1.017565
v 0.550986 2.183976 1.017565
v 0.550033 2.183766 1.017565
v 0.549468 2.183140 1.017565
v 0.549277 2.182099 1.017565
v 0.549277 2.173395 1.017565
v 0.549468 2.172448 1.017565
v 0.550033 2.171879 1.017565
v 0.550986 2.171690 1.017565
v 0.623347 2.171690 1.017565
v 0.624293 2.171879 1.017565
v 0.624866 2.172448 1.017565
v 0.625052 2.173395 1.017565
v 0.625052 2.182099 1.017565
v 0.624866 2.183140 1.017565
v 0.624293 2.183766 1.017565
v 0.623347 2.183976 1.017565
v 0.603038 2.186367 1.017565
v 0.602088 2.186555 1.017565
v 0.601520 2.187125 1.017565
v 0.601333 2.188072 1.017565
v 0.601333 2.279037 1.017565
v 0.601180 2.285335 1.017565
v 0.600722 2.290567 1.017565
v 0.599963 2.294741 1.017565
v 0.610454 2.299956 1.017565
v 0.622115 2.303084 1.017565
v 0.634952 2.304126 1.017565
v 0.652778 2.299935 1.017565
v 0.663474 2.287362 1.017565
v 0.667037 2.266408 1.017565
v 0.667037 2.188072 1.017565
v 0.666850 2.187125 1.017565
v 0.666282 2.186555 1.017565
v 0.665328 2.186367 1.017565
v 0.645022 2.183976 1.017565
v 0.644076 2.183766 1.017565
v 0.643504 2.183140 1.017565
v 0.643317 2.182099 1.017565
v 0.643317 2.173395 1.017565
v 0.643504 2.172448 1.017565
v 0.644076 2.171879 1.017565
v 0.645022 2.171690 1.017565
v 0.719775 2.171690 1.017565
v 0.720817 2.171879 1.017565
v 0.721442 2.172448 1.017565
v 0.721652 2.173395 1.017565
v 0.721652 2.182099 1.017565
v 0.721442 2.183140 1.017565
v 0.720817 2.183766 1.017565
v 0.719775 2.183976 1.017565
v 0.697078 2.186367 1.017565
v 0.696128 2.186555 1.017565
v 0.695556 2.187125 1.017565
v 0.695369 2.188072 1.017565
v 0.695369 2.276821 1.017565
v 0.690402 2.304978 1.017565
v 0.675494 2.321875 1.017565
v 0.650653 2.327509 1.017565
v 0.631541 2.325195 1.017565
v 0.613334 2.318254 1.017565
v 0.596038 2.306688 1.017565
v 0.586349 2.319106 1.017565
v 0.573661 2.326558 1.017565
v 0.557982 2.329043 1.074364
v 0.541049 2.326939 1.074364
v 0.524150 2.320623 1.074364
v 0.507293 2.310099 1.074364
v 0.507293 2.325118 1.074364
v 0.507102 2.326066 1.074364
v 0.506537 2.326635 1.074364
v 0.505584 2.326824 1.074364
v 0.497226 2.326824 1.074364
v 0.496142 2.326786 1.074364
v 0.494948 2.326674 1.074364
v 0.493636 2.326485 1.074364
v 0.451657 2.319487 1.074364
v 0.450898 2.319295 1.074364
v 0.450440 2.318729 1.074364
v 0.450288 2.317778 1.074364
v 0.450288 2.309757 1.074364
v 0.450500 2.308809 1.074364
v 0.451125 2.308239 1.074364
v 0.452168 2.308051 1.074364
v 0.477256 2.305150 1.074364
v 0.478204 2.304961 1.074364
v 0.478772 2.304391 1.074364
v 0.478961 2.303444 1.074364
v 0.478961 2.188072 1.074364
v 0.478772 2.187125 1.074364
v 0.478204 2.186555 1.074364
v 0.477256 2.186367 1.074364
v 0.452849 2.183976 1.074364
v 0.451806 2.183766 1.074364
v 0.451180 2.183140 1.074364
v 0.450971 2.182099 1.074364
v 0.450971 2.173395 1.074364
v 0.451180 2.172448 1.074364
v 0.451806 2.171879 1.074364
v 0.452849 2.171690 1.074364
v 0.529307 2.171690 1.074364
v 0.530257 2.171879 1.074364
v 0.530826 2.172448 1.074364
v 0.531016 2.173395 1.074364
v 0.531016 2.182099 1.074364
v 0.530826 2.183140 1.074364
v 0.530257 2.183766 1.074364
v 0.529307 2.183976 1.074364
v 0.508998 2.186367 1.074364
v 0.508052 2.186555 1.074364
v 0.507483 2.187125 1.074364
v 0.507293 2.188072 1.074364
v 0.507293 2.296447 1.074364
v 0.507937 2.297051 1.074364
v 0.508506 2.297509 1.074364
v 0.508998 2.297810 1.074364
v 0.519828 2.302266 1.074364
v 0.530921 2.304940 1.074364
v 0.542277 2.305831 1.074364
v 0.559344 2.301641 1.074364
v 0.569587 2.289068 1.074364
v 0.572997 2.268114 1.074364
v 0.572997 2.188072 1.074364
v 0.572810 2.187125 1.074364
v 0.572238 2.186555 1.074364
v 0.571292 2.186367 1.074364
v 0.550986 2.183976 1.074364
v 0.550033 2.183766 1.074364
v 0.549468 2.183140 1.074364
v 0.549277 2.182099 1.074364
v 0.549277 2.173395 1.074364
v 0.549468 2.172448 1.074364
v 0.550033 2.171879 1.074364
v 0.550986 2.171690 1.074364
v 0.623347 2.171690 1.074364
v 0.624293 2.171879 1.074364
v 0.624866 2.172448 1.074364
v 0.625052 2.173395 1.074364
v 0.625052 2.182099 1.074364
v 0.624866 2.183140 1.074364
v 0.624293 2.183766 1.074364
v 0.623347 2.183976 1.074364
v 0.603038 2.186367 1.074364
v 0.602088 2.186555 1.074364
v 0.601520 2.187125 1.074364
v 0.601333 2.188072 1.074364
v 0.601333 2.279037 1.074364
v 0.601180 2.285335 1.074364
v 0.600722 2.290567 1.074364
v 0.599963 2.294741 1.074364
v 0.610454 2.299956 1.074364
v 0.622115 2.303084 1.074364
v 0.634952 2.304126 1.074364
v 0.652778 2.299935 1.074364
v 0.663474 2.287362 1.074364
v 0.667037 2.266408 1.074364
v 0.667037 2.188072 1.074364
v 0.666850 2.187125 1.074364
v 0.666282 2.186555 1.074364
v 0.665328 2.186367 1.074364
v 0.645022 2.183976 1.074364
v 0.644076 2.183766 1.074364
v 0.643504 2.183140 1.074364
v 0.643317 2.182099 1.074364
v 0.643317 2.173395 1.074364
v 0.643504 2.172448 1.074364
v 0.644076 2.171879 1.074364
v 0.645022 2.171690 1.074364
v 0.719775 2.171690 1.074364
v 0.720817 2.171879 1.074364
v 0.721442 2.172448 1.074364
v 0.721652 2.173395 1.074364
v 0.721652 2.182099 1.074364
v 0.721442 2.183140 1.074364
v 0.720817 2.183766 1.074364
v 0.719775 2.183976 1.074364
v 0.697078 2.186367 1.074364
v 0.696128 2.186555 1.074364
v 0.695556 2.187125 1.074364
v 0.695369 2.188072 1.074364
v 0.695369 2.276821 1.074364
v 0.690402 2.304978 1.074364
v 0.675494 2.321875 1.074364
v 0.650653 2.327509 1.074364
v 0.631541 2.325195 1.074364
v 0.613334 2.318254 1.074364
v 0.596038 2.306688 1.074364
v 0.586349 2.319106 1.074364
v 0.573661 2.326558 1.074364
v 0.336219 0.000000 0.982899
v 0.771359 0.000000 0.982899
v 0.336219 1.000000 0.982899
v 0.771359 1.000000 0.982899
v 0.336219 1.000000 0.423374
v 0.771359 1.000000 0.423374
v 0.336219 0.000000 0.423374
v 0.771359 0.000000 0.423374
v 0.745153 1.146108 1.154322
v 0.745153 1.146108 1.386188
v 0.745153 2.146108 1.154322
v 0.745153 2.146108 1.386188
v 0.876220 2.146108 1.154322
v 0.876220 2.146108 1.386188
v 0.876220 1.146108 1.154322
v 0.876220 1.146108 1.386188
v 0.029191 2.408746 1.017565
v 0.024045 2.408166 1.017565
v 0.019523 2.406432 1.017565
v 0.015626 2.403542 1.017565
v 0.012637 2.399739 1.017565
v 0.010844 2.395272 1.017565
v 0.010249 2.390144 1.017565
v 0.010844 2.385013 1.017565
v 0.012637 2.380546 1.017565
v 0.015626 2.376743 1.017565
v 0.019523 2.373853 1.017565
v 0.024045 2.372119 1.017565
v 0.029191 2.371539 1.017565
v 0.034333 2.372119 1.017565
v 0.038827 2.373853 1.017565
v 0.042674 2.376743 1.017565
v 0.045615 2.380546 1.017565
v 0.047378 2.385013 1.017565
v 0.047967 2.390144 1.017565
v 0.047378 2.395272 1.017565
v 0.045615 2.399739 1.017565
v 0.042674 2.403542 1.017565
v 0.038827 2.406432 1.017565
v 0.034333 2.408166 1.017565
v 0.029191 2.408746 1.074364
v 0.024045 2.408166 1.074364
v 0.019523 2.406432 1.074364
v 0.015626 2.403542 1.074364
v 0.012637 2.399739 1.074364
v 0.010844 2.395272 1.074364
v 0.010249 2.390144 1.074364
v 0.010844 2.385013 1.074364
v 0.012637 2.380546 1.074364
v 0.015626 2.376743 1.074364
v 0.019523 2.373853 1.074364
v 0.024045 2.372119 1.074364
v 0.029191 2.371539 1.074364
v 0.034333 2.372119 1.074364
v 0.038827 2.373853 1.074364
v 0.042674 2.376743 1.074364
v 0.045615 2.380546 1.074364
v 0.047378 2.385013 1.074364
v 0.047967 2.390144 1.074364
v 0.047378 2.395272 1.074364
v 0.045615 2.399739 1.074364
v 0.042674 2.403542 1.074364
v 0.038827 2.406432 1.074364
v 0.034333 2.408166 1.074364
v 0.201209 2.329043 1.017565
v 0.195788 2.328872 1.017565
v 0.190667 2.328362 1.017565
v 0.185851 2.327509 1.017565
v 0.171403 2.323374 1.017565
v 0.158544 2.317572 1.017565
v 0.147281 2.310099 1.017565
v 0.147281 2.325118 1.017565
v 0.147090 2.326066 1.017565
v 0.146523 2.326635 1.017565
v 0.145572 2.326824 1.017565
v 0.135844 2.326824 1.017565
v 0.135446 2.326786 1.017565
v 0.134709 2.326674 1.017565
v 0.133626 2.326485 1.017565
v 0.091645 2.319487 1.017565
v 0.090884 2.319295 1.017565
v 0.090428 2.318729 1.017565
v 0.090278 2.317778 1.017565
v 0.090278 2.309757 1.017565
v 0.090487 2.308809 1.017565
v 0.091113 2.308239 1.017565
v 0.092155 2.308051 1.017565
v 0.117244 2.305150 1.017565
v 0.118190 2.304961 1.017565
v 0.118760 2.304391 1.017565
v 0.118949 2.303444 1.017565
v 0.118949 2.188072 1.017565
v 0.118760 2.187125 1.017565
v 0.118190 2.186555 1.017565
v 0.117244 2.186367 1.017565
v 0.092835 2.183976 1.017565
v 0.091794 2.183766 1.017565
v 0.091168 2.183140 1.017565
v 0.090959 2.182099 1.017565
v 0.090959 2.173395 1.017565
v 0.091168 2.172448 1.017565
v 0.091794 2.171879 1.017565
v 0.092835 2.171690 1.017565
v 0.171004 2.171690 1.017565
v 0.172046 2.171879 1.017565
v 0.172671 2.172448 1.017565
v 0.172881 2.173395 1.017565
v 0.172881 2.182099 1.017565
v 0.172671 2.183140 1.017565
v 0.172046 2.183766 1.017565
v 0.171004 2.183976 1.017565
v 0.148988 2.186367 1.017565
v 0.148040 2.186555 1.017565
v 0.147470 2.187125 1.017565
v 0.147281 2.188072 1.017565
v 0.147281 2.296447 1.017565
v 0.147620 2.296901 1.017565
v 0.148190 2.297355 1.017565
v 0.148988 2.297810 1.017565
v 0.160005 2.302266 1.017565
v 0.172122 2.304940 1.017565
v 0.185338 2.305831 1.017565
v 0.196338 2.304713 1.017565
v 0.204986 2.301357 1.017565
v 0.211280 2.295765 1.017565
v 0.214978 2.288746 1.017565
v 0.217196 2.279529 1.017565
v 0.217935 2.268114 1.017565
v 0.217935 2.188072 1.017565
v 0.217746 2.187125 1.017565
v 0.217175 2.186555 1.017565
v 0.216229 2.186367 1.017565
v 0.194213 2.183976 1.017565
v 0.193172 2.183766 1.017565
v 0.192546 2.183140 1.017565
v 0.192336 2.182099 1.017565
v 0.192336 2.173395 1.017565
v 0.192546 2.172448 1.017565
v 0.193172 2.171879 1.017565
v 0.194213 2.171690 1.017565
v 0.270671 2.171690 1.017565
v 0.271623 2.171879 1.017565
v 0.272189 2.172448 1.017565
v 0.272380 2.173395 1.017565
v 0.272380 2.182099 1.017565
v 0.272189 2.183140 1.017565
v 0.271623 2.183766 1.017565
v 0.270671 2.183976 1.017565
v 0.247973 2.186367 1.017565
v 0.247025 2.186555 1.017565
v 0.246455 2.187125 1.017565
v 0.246268 2.188072 1.017565
v 0.246268 2.278355 1.017565
v 0.241261 2.306516 1.017565
v 0.226243 2.323412 1.017565
v 0.201209 2.329043 1.074364
v 0.195788 2.328872 1.074364
v 0.190667 2.328362 1.074364
v 0.185851 2.327509 1.074364
v 0.171403 2.323374 1.074364
v 0.158544 2.317572 1.074364
v 0.147281 2.310099 1.074364
v 0.147281 2.325118 1.074364
v 0.147090 2.326066 1.074364
v 0.146523 2.326635 1.074364
v 0.145572 2.326824 1.074364
v 0.135844 2.326824 1.074364
v 0.135446 2.326786 1.074364
v 0.134709 2.326674 1.074364
v 0.133626 2.326485 1.074364
v 0.091645 2.319487 1.074364
v 0.090884 2.319295 1.074364
v 0.090428 2.318729 1.074364
v 0.090278 2.317778 1.074364
v 0.090278 2.309757 1.074364
v 0.090487 2.308809 1.074364
v 0.091113 2.308239 1.074364
v 0.092155 2.308051 1.074364
v 0.117244 2.305150 1.074364
v 0.118190 2.304961 1.074364
v 0.118760 2.304391 1.074364
v 0.118949 2.303444 1.074364
v 0.118949 2.188072 1.074364
v 0.118760 2.187125 1.074364
v 0.118190 2.186555 1.074364
v 0.117244 2.186367 1.074364
v 0.092835 2.183976 1.074364
v 0.091794 2.183766 1.074364
v 0.091168 2.183140 1.074364
v 0.090959 2.182099 1.074364
v 0.090959 2.173395 1.074364
v 0.091168 2.172448 1.074364
v 0.091794 2.171879 1.074364
v 0.092835 2.171690 1.074364
v 0.171004 2.171690 1.074364
v 0.172046 2.171879 1.074364
v 0.172671 2.172448 1.074364
v 0.172881 2.173395 1.074364
v 0.172881 2.182099 1.074364
v 0.172671 2.183140 1.074364
v 0.172046 2.183766 1.074364
v 0.171004 2.183976 1.074364
v 0.148988 2.186367 1.074364
v 0.148040 2.186555 1.074364
v 0.147470 2.187125 1.074364
v 0.147281 2.188072 1.074364
v 0.147281 2.296447 1.074364
v 0.147620 2.296901 1.074364
v 0.148190 2.297355 1.074364
v 0.148988 2.297810 1.074364
v 0.160005 2.302266 1.074364
v 0.172122 2.304940 1.074364
v 0.185338 2.305831 1.074364
v 0.196338 2.304713 1.074364
v 0.204986 2.301357 1.074364
v 0.211280 2.295765 1.074364
v 0.214978 2.288746 1.074364
v 0.217196 2.279529 1.074364
v 0.217935 2.268114 1.074364
v 0.217935 2.188072 1.074364
v 0.217746 2.187125 1.074364
v 0.217175 2.186555 1.074364
v 0.216229 2.186367 1.074364
v 0.194213 2.183976 1.074364
v 0.193172 2.183766 1.074364
v 0.192546 2.183140 1.074364
v 0.192336 2.182099 1.074364
v 0.192336 2.173395 1.074364
v 0.192546 2.172448 1.074364
v 0.193172 2.171879 1.074364
v 0.194213 2.171690 1.074364
v 0.270671 2.171690 1.074364
v 0.271623 2.171879 1.074364
v 0.272189 2.172448 1.074364
v 0.272380 2.173395 1.074364
v 0.272380 2.182099 1.074364
v 0.272189 2.183140 1.074364
v 0.271623 2.183766 1.074364
v 0.270671 2.183976 1.074364
v 0.247973 2.186367 1.074364
v 0.247025 2.186555 1.074364
v 0.246455 2.187125 1.074364
v 0.246268 2.188072 1.074364
v 0.246268 2.278355 1.074364
v 0.241261 2.306516 1.074364
v 0.226243 2.323412 1.074364
vt 0.097123 0.910950
vt 0.117142 0.910950
vt 0.117142 0.935681
vt 0.097123 0.935681
vt 0.329764 0.921547
vt 0.329764 0.888107
vt 0.339864 0.888107
vt 0.339864 0.921547
vt 0.123277 0.910950
vt 0.143297 0.910950
vt 0.143297 0.935681
vt 0.123277 0.935681
vt 0.639494 0.524517
vt 0.639494 0.481496
vt 0.754055 0.481496
vt 0.754055 0.524517
vt 0.725561 0.774935
vt 0.622064 0.774935
vt 0.622064 0.709891
vt 0.725561 0.709891
vt 0.145684 0.780618
vt 0.145684 0.895179
vt 0.126920 0.895179
vt 0.126920 0.780618
vt 0.760329 0.480337
vt 0.760329 0.437316
vt 0.779094 0.437316
vt 0.779094 0.480337
vt 0.171021 0.895179
vt 0.152256 0.895179
vt 0.152256 0.780618
vt 0.171021 0.780618
vt 0.785666 0.585258
vt 0.785666 0.542237
vt 0.804430 0.542237
vt 0.804430 0.585258
vt 0.811002 0.585258
vt 0.816534 0.580440
vt 0.920031 0.580440
vt 0.925563 0.585258
vt 0.816534 0.542237
vt 0.811002 0.542237
vt 0.816534 0.442135
vt 0.811002 0.437316
vt 0.925563 0.437316
vt 0.920031 0.442135
vt 0.920031 0.542237
vt 0.925563 0.542237
vt 0.998008 0.627452
vt 0.932964 0.627452
vt 0.932964 0.589250
vt 0.998008 0.589250
vt 0.622064 0.644847
vt 0.725561 0.644847
vt 0.796741 0.771735
vt 0.796741 0.733533
vt 0.861785 0.733533
vt 0.861785 0.771735
vt 0.242637 0.884115
vt 0.177593 0.884115
vt 0.177593 0.780618
vt 0.242637 0.780618
vt 0.867920 0.727555
vt 0.867920 0.627452
vt 0.932964 0.727555
vt 0.731697 0.733533
vt 0.731697 0.633430
vt 0.796741 0.633430
vt 0.861785 0.633430
vt 0.785666 0.437316
vt 0.804430 0.437316
vt 0.639494 0.629438
vt 0.754055 0.629438
vt 0.760329 0.585258
vt 0.779094 0.585258
vt 0.998008 0.727555
vt 0.314748 0.884116
vt 0.249704 0.884116
vt 0.249704 0.780618
vt 0.314748 0.780618
vt 0.360017 0.884116
vt 0.321815 0.884116
vt 0.321815 0.780618
vt 0.360017 0.780618
vt 0.177043 0.927863
vt 0.173083 0.927863
vt 0.173083 0.899170
vt 0.177043 0.899170
vt 0.645693 0.949815
vt 0.645693 0.950537
vt 0.642202 0.950537
vt 0.642202 0.949815
vt 0.645693 0.951248
vt 0.642202 0.951248
vt 0.645693 0.951949
vt 0.642202 0.951949
vt 0.645693 0.952629
vt 0.642202 0.952629
vt 0.645693 0.953278
vt 0.642202 0.953278
vt 0.645693 0.953895
vt 0.642202 0.953895
vt 0.645693 0.954480
vt 0.642202 0.954480
vt 0.682371 0.917594
vt 0.682371 0.917232
vt 0.685862 0.917232
vt 0.685862 0.917594
vt 0.682371 0.916825
vt 0.685862 0.916825
vt 0.682371 0.916372
vt 0.685862 0.916372
vt 0.682371 0.915873
vt 0.685862 0.915873
vt 0.682371 0.915330
vt 0.685862 0.915330
vt 0.682371 0.914743
vt 0.685862 0.914743
vt 0.682371 0.914118
vt 0.685862 0.914118
vt 0.682371 0.913452
vt 0.685862 0.913452
vt 0.682371 0.912747
vt 0.685862 0.912747
vt 0.682371 0.912002
vt 0.685862 0.912002
vt 0.682371 0.911218
vt 0.685862 0.911218
vt 0.682371 0.910526
vt 0.685862 0.910526
vt 0.682371 0.909849
vt 0.685862 0.909849
vt 0.682371 0.909188
vt 0.685862 0.909188
vt 0.682371 0.908552
vt 0.685862 0.908552
vt 0.682371 0.907950
vt 0.685862 0.907950
vt 0.682371 0.907384
vt 0.685862 0.907384
vt 0.682371 0.906851
vt 0.685862 0.906851
vt 0.682371 0.906351
vt 0.685862 0.906351
vt 0.682371 0.905884
vt 0.685862 0.905884
vt 0.682371 0.905454
vt 0.685862 0.905454
vt 0.682371 0.905066
vt 0.685862 0.905066
vt 0.682371 0.904720
vt 0.685862 0.904720
vt 0.613323 0.954731
vt 0.613323 0.954132
vt 0.616814 0.954132
vt 0.616814 0.954731
vt 0.613323 0.953498
vt 0.616814 0.953498
vt 0.613323 0.952827
vt 0.616814 0.952827
vt 0.613323 0.952122
vt 0.616814 0.952122
vt 0.613323 0.951386
vt 0.616814 0.951386
vt 0.613323 0.950619
vt 0.616814 0.950619
vt 0.613323 0.950157
vt 0.616814 0.950157
vt 0.613323 0.949724
vt 0.616814 0.949724
vt 0.613323 0.949318
vt 0.616814 0.949318
vt 0.613323 0.948935
vt 0.616814 0.948935
vt 0.613323 0.948570
vt 0.616814 0.948570
vt 0.613323 0.948222
vt 0.616814 0.948222
vt 0.613323 0.947891
vt 0.616814 0.947891
vt 0.613323 0.947578
vt 0.616814 0.947578
vt 0.613323 0.947283
vt 0.616814 0.947283
vt 0.613323 0.947004
vt 0.616814 0.947004
vt 0.613323 0.946742
vt 0.616814 0.946742
vt 0.613323 0.946496
vt 0.616814 0.946496
vt 0.613323 0.946432
vt 0.616814 0.946432
vt 0.954383 0.898907
vt 0.954418 0.898907
vt 0.954418 0.902398
vt 0.954383 0.902398
vt 0.954457 0.898907
vt 0.954457 0.902398
vt 0.957699 0.898907
vt 0.957699 0.902398
vt 0.957757 0.898907
vt 0.957757 0.902398
vt 0.957792 0.898907
vt 0.957792 0.902398
vt 0.948247 0.902292
vt 0.948183 0.902292
vt 0.948183 0.898801
vt 0.948247 0.898801
vt 0.947354 0.902292
vt 0.947354 0.898801
vt 0.947322 0.902292
vt 0.947322 0.898801
vt 0.947294 0.902292
vt 0.947294 0.898801
vt 0.941159 0.902350
vt 0.941141 0.902350
vt 0.941141 0.898859
vt 0.941159 0.898859
vt 0.941121 0.902350
vt 0.941121 0.898859
vt 0.941104 0.902350
vt 0.941104 0.898859
vt 0.941088 0.902350
vt 0.941088 0.898859
vt 0.938665 0.902350
vt 0.938665 0.898859
vt 0.938625 0.902350
vt 0.938625 0.898859
vt 0.938586 0.902350
vt 0.938586 0.898859
vt 0.938550 0.902350
vt 0.938550 0.898859
vt 0.030256 0.958358
vt 0.030256 0.958522
vt 0.026765 0.958522
vt 0.026765 0.958358
vt 0.030256 0.958707
vt 0.026765 0.958707
vt 0.030256 0.958914
vt 0.026765 0.958914
vt 0.030256 0.959131
vt 0.026765 0.959131
vt 0.030256 0.959349
vt 0.026765 0.959349
vt 0.030256 0.959569
vt 0.026765 0.959569
vt 0.030256 0.959790
vt 0.026765 0.959790
vt 0.030256 0.960012
vt 0.026765 0.960012
vt 0.030256 0.960235
vt 0.026765 0.960235
vt 0.030256 0.960447
vt 0.026765 0.960447
vt 0.030256 0.960636
vt 0.026765 0.960636
vt 0.030256 0.960802
vt 0.026765 0.960802
vt 0.030256 0.961664
vt 0.026765 0.961664
vt 0.030256 0.962473
vt 0.026765 0.962473
vt 0.030256 0.963230
vt 0.026765 0.963230
vt 0.802799 0.906636
vt 0.802799 0.907052
vt 0.799309 0.907052
vt 0.799309 0.906636
vt 0.802799 0.907559
vt 0.799309 0.907559
vt 0.802799 0.908157
vt 0.799309 0.908157
vt 0.802799 0.908834
vt 0.799309 0.908834
vt 0.802799 0.909578
vt 0.799309 0.909578
vt 0.802799 0.910391
vt 0.799309 0.910391
vt 0.802799 0.911253
vt 0.799309 0.911253
vt 0.802799 0.912148
vt 0.799309 0.912148
vt 0.802799 0.913076
vt 0.799309 0.913076
vt 0.802799 0.913953
vt 0.799309 0.913953
vt 0.802799 0.914780
vt 0.799309 0.914780
vt 0.802799 0.915557
vt 0.799309 0.915557
vt 0.802799 0.916273
vt 0.799309 0.916273
vt 0.802799 0.916918
vt 0.799309 0.916918
vt 0.802799 0.917492
vt 0.799309 0.917492
vt 0.802799 0.917990
vt 0.799309 0.917990
vt 0.802799 0.918406
vt 0.799309 0.918406
vt 0.162619 0.965594
vt 0.162619 0.964888
vt 0.166110 0.964888
vt 0.166110 0.965594
vt 0.162619 0.964108
vt 0.166110 0.964108
vt 0.162619 0.963256
vt 0.166110 0.963256
vt 0.162619 0.962334
vt 0.166110 0.962334
vt 0.162619 0.962128
vt 0.166110 0.962128
vt 0.162619 0.961917
vt 0.166110 0.961917
vt 0.162619 0.961699
vt 0.166110 0.961699
vt 0.162619 0.961481
vt 0.166110 0.961481
vt 0.162619 0.961268
vt 0.166110 0.961268
vt 0.162619 0.961059
vt 0.166110 0.961059
vt 0.162619 0.960854
vt 0.166110 0.960854
vt 0.162619 0.960654
vt 0.166110 0.960654
vt 0.162619 0.960456
vt 0.166110 0.960456
vt 0.162619 0.960272
vt 0.166110 0.960272
vt 0.162619 0.960111
vt 0.166110 0.960111
vt 0.162619 0.959974
vt 0.166110 0.959974
vt 0.932415 0.946531
vt 0.932385 0.946531
vt 0.932385 0.943040
vt 0.932415 0.943040
vt 0.932350 0.946531
vt 0.932350 0.943040
vt 0.932310 0.946531
vt 0.932310 0.943040
vt 0.929897 0.946531
vt 0.929897 0.943040
vt 0.929872 0.946531
vt 0.929872 0.943040
vt 0.929851 0.946531
vt 0.929851 0.943040
vt 0.929834 0.946531
vt 0.929834 0.943040
vt 0.922722 0.943040
vt 0.922745 0.943040
vt 0.922745 0.946531
vt 0.922722 0.946531
vt 0.922773 0.943040
vt 0.922773 0.946531
vt 0.922806 0.943040
vt 0.922806 0.946531
vt 0.923635 0.943040
vt 0.923635 0.946531
vt 0.923699 0.943040
vt 0.923699 0.946531
vt 0.913158 0.943109
vt 0.913192 0.943109
vt 0.913192 0.946600
vt 0.913158 0.946600
vt 0.913251 0.943109
vt 0.913251 0.946600
vt 0.916503 0.943109
vt 0.916503 0.946600
vt 0.916552 0.943109
vt 0.916552 0.946600
vt 0.916587 0.943109
vt 0.916587 0.946600
vt 0.645693 0.946037
vt 0.645693 0.946101
vt 0.642202 0.946101
vt 0.642202 0.946037
vt 0.645693 0.946354
vt 0.642202 0.946354
vt 0.645693 0.946635
vt 0.642202 0.946635
vt 0.645693 0.946946
vt 0.642202 0.946946
vt 0.645693 0.947273
vt 0.642202 0.947273
vt 0.645693 0.947603
vt 0.642202 0.947603
vt 0.645693 0.947937
vt 0.642202 0.947937
vt 0.645693 0.948272
vt 0.642202 0.948272
vt 0.645693 0.948604
vt 0.642202 0.948604
vt 0.645693 0.948934
vt 0.642202 0.948934
vt 0.645693 0.949251
vt 0.642202 0.949251
vt 0.645693 0.949544
vt 0.642202 0.949544
vt 0.238396 0.938080
vt 0.237674 0.938055
vt 0.236963 0.937980
vt 0.236262 0.937855
vt 0.235582 0.937680
vt 0.234933 0.937458
vt 0.234316 0.937188
vt 0.233731 0.936872
vt 0.233181 0.936510
vt 0.232664 0.936103
vt 0.232186 0.935650
vt 0.231752 0.935152
vt 0.231363 0.934608
vt 0.231024 0.934021
vt 0.230741 0.933396
vt 0.230513 0.932730
vt 0.230347 0.932025
vt 0.230248 0.931280
vt 0.230214 0.930496
vt 0.230243 0.929804
vt 0.230329 0.929127
vt 0.230471 0.928466
vt 0.230665 0.927830
vt 0.230905 0.927228
vt 0.231190 0.926662
vt 0.231522 0.926129
vt 0.231901 0.925629
vt 0.232328 0.925162
vt 0.232801 0.924732
vt 0.233317 0.924344
vt 0.233875 0.923998
vt 0.234474 0.923698
vt 0.235108 0.923450
vt 0.235779 0.923253
vt 0.236484 0.923110
vt 0.237220 0.923024
vt 0.237987 0.922996
vt 0.238449 0.923002
vt 0.238882 0.923021
vt 0.239288 0.923054
vt 0.239671 0.923095
vt 0.240036 0.923142
vt 0.240384 0.923195
vt 0.240715 0.923252
vt 0.241028 0.923312
vt 0.241323 0.923373
vt 0.241602 0.923436
vt 0.241864 0.923499
vt 0.242110 0.923562
vt 0.242174 0.923592
vt 0.242212 0.923627
vt 0.242225 0.923667
vt 0.242225 0.926908
vt 0.242212 0.926967
vt 0.242174 0.927001
vt 0.242110 0.927013
vt 0.241281 0.927013
vt 0.241248 0.927010
vt 0.241221 0.926999
vt 0.241197 0.926982
vt 0.241180 0.926962
vt 0.241169 0.926945
vt 0.241166 0.926929
vt 0.240736 0.924506
vt 0.240726 0.924465
vt 0.240698 0.924427
vt 0.240652 0.924391
vt 0.240487 0.924314
vt 0.240302 0.924251
vt 0.240096 0.924202
vt 0.239878 0.924162
vt 0.239660 0.924127
vt 0.239440 0.924097
vt 0.239219 0.924071
vt 0.238997 0.924050
vt 0.238774 0.924034
vt 0.238562 0.924022
vt 0.238373 0.924016
vt 0.238208 0.924013
vt 0.237346 0.924075
vt 0.236536 0.924260
vt 0.235779 0.924569
vt 0.235084 0.924985
vt 0.234460 0.925492
vt 0.233907 0.926090
vt 0.233429 0.926767
vt 0.233030 0.927512
vt 0.232711 0.928324
vt 0.232478 0.929187
vt 0.232338 0.930082
vt 0.232291 0.931010
vt 0.232336 0.931887
vt 0.232469 0.932714
vt 0.232690 0.933491
vt 0.232996 0.934207
vt 0.233385 0.934852
vt 0.233854 0.935426
vt 0.234404 0.935924
vt 0.235031 0.936340
vt 0.235737 0.936674
vt 0.236518 0.936919
vt 0.237369 0.937066
vt 0.238292 0.937115
vt 0.238497 0.937110
vt 0.238709 0.937096
vt 0.238926 0.937073
vt 0.239144 0.937042
vt 0.239357 0.937005
vt 0.239566 0.936963
vt 0.239771 0.936917
vt 0.239971 0.936869
vt 0.240169 0.936821
vt 0.240353 0.936776
vt 0.240514 0.936737
vt 0.240652 0.936706
vt 0.240698 0.936676
vt 0.240726 0.936641
vt 0.240736 0.936601
vt 0.241166 0.934188
vt 0.241169 0.934163
vt 0.241180 0.934142
vt 0.241197 0.934125
vt 0.241221 0.934114
vt 0.241248 0.934107
vt 0.241281 0.934104
vt 0.242110 0.934104
vt 0.242174 0.934116
vt 0.242212 0.934151
vt 0.242225 0.934209
vt 0.242225 0.937461
vt 0.242212 0.937510
vt 0.242174 0.937545
vt 0.242110 0.937566
vt 0.241858 0.937611
vt 0.241576 0.937664
vt 0.241265 0.937723
vt 0.240939 0.937784
vt 0.240608 0.937842
vt 0.240274 0.937896
vt 0.239939 0.937946
vt 0.239607 0.937990
vt 0.239278 0.938027
vt 0.238961 0.938057
vt 0.238667 0.938074
vt 0.146002 0.971544
vt 0.146002 0.972849
vt 0.142512 0.972849
vt 0.142512 0.971544
vt 0.146002 0.973968
vt 0.142512 0.973968
vt 0.703804 0.930080
vt 0.703804 0.929176
vt 0.707295 0.929176
vt 0.707295 0.930080
vt 0.703804 0.928115
vt 0.707295 0.928115
vt 0.703804 0.926901
vt 0.707295 0.926901
vt 0.703804 0.925536
vt 0.707295 0.925536
vt 0.703804 0.924225
vt 0.707295 0.924225
vt 0.703804 0.923103
vt 0.707295 0.923103
vt 0.703804 0.922169
vt 0.707295 0.922169
vt 0.703804 0.921447
vt 0.707295 0.921447
vt 0.239599 0.948186
vt 0.239599 0.947084
vt 0.243090 0.947084
vt 0.243090 0.948186
vt 0.239599 0.945785
vt 0.243090 0.945785
vt 0.239599 0.944537
vt 0.243090 0.944537
vt 0.239599 0.943300
vt 0.243090 0.943300
vt 0.239599 0.942071
vt 0.243090 0.942071
vt 0.652972 0.966429
vt 0.653012 0.966429
vt 0.653012 0.969920
vt 0.652972 0.969920
vt 0.653061 0.966429
vt 0.653061 0.969920
vt 0.653119 0.966429
vt 0.653119 0.969920
vt 0.653643 0.966429
vt 0.653643 0.969920
vt 0.653665 0.966429
vt 0.653665 0.969920
vt 0.653685 0.966429
vt 0.653685 0.969920
vt 0.653706 0.966429
vt 0.653706 0.969920
vt 0.179135 0.961928
vt 0.179135 0.961950
vt 0.175644 0.961950
vt 0.175644 0.961928
vt 0.179135 0.961975
vt 0.175644 0.961975
vt 0.179135 0.962001
vt 0.175644 0.962001
vt 0.179135 0.962803
vt 0.175644 0.962803
vt 0.179135 0.963643
vt 0.175644 0.963643
vt 0.179135 0.964519
vt 0.175644 0.964519
vt 0.179135 0.965551
vt 0.175644 0.965551
vt 0.179135 0.966407
vt 0.175644 0.966407
vt 0.643388 0.966429
vt 0.644046 0.966429
vt 0.644046 0.969920
vt 0.643388 0.969920
vt 0.644818 0.966429
vt 0.644818 0.969920
vt 0.645748 0.966429
vt 0.645748 0.969920
vt 0.646837 0.966429
vt 0.646837 0.969920
vt 0.249226 0.948130
vt 0.249226 0.941942
vt 0.252717 0.941942
vt 0.252717 0.948130
vt 0.249226 0.941883
vt 0.252717 0.941883
vt 0.222012 0.952496
vt 0.222012 0.952531
vt 0.218521 0.952531
vt 0.218521 0.952496
vt 0.222012 0.952589
vt 0.218521 0.952589
vt 0.222012 0.952825
vt 0.218521 0.952825
vt 0.222012 0.953055
vt 0.218521 0.953055
vt 0.222012 0.953281
vt 0.218521 0.953281
vt 0.222012 0.954433
vt 0.218521 0.954433
vt 0.222012 0.955398
vt 0.218521 0.955398
vt 0.222012 0.956177
vt 0.218521 0.956177
vt 0.222012 0.956765
vt 0.218521 0.956765
vt 0.146002 0.969465
vt 0.146002 0.970405
vt 0.142512 0.970405
vt 0.142512 0.969465
vt 0.636092 0.966526
vt 0.637252 0.966526
vt 0.637252 0.970017
vt 0.636092 0.970017
vt 0.628974 0.970031
vt 0.627993 0.970031
vt 0.627993 0.966540
vt 0.628974 0.966540
vt 0.626358 0.970031
vt 0.626358 0.966540
vt 0.212267 0.952418
vt 0.212267 0.956781
vt 0.208776 0.956781
vt 0.208776 0.952418
vt 0.617486 0.966540
vt 0.617843 0.966540
vt 0.617843 0.970031
vt 0.617486 0.970031
vt 0.618205 0.966540
vt 0.618205 0.970031
vt 0.618571 0.966540
vt 0.618571 0.970031
vt 0.619603 0.966540
vt 0.619603 0.970031
vt 0.620223 0.966540
vt 0.620223 0.970031
vt 0.635109 0.966526
vt 0.635109 0.970017
vt 0.895531 0.931753
vt 0.894226 0.931573
vt 0.893107 0.931031
vt 0.892174 0.930127
vt 0.891533 0.929065
vt 0.891149 0.927852
vt 0.891021 0.926487
vt 0.891152 0.925176
vt 0.891547 0.924054
vt 0.892206 0.923120
vt 0.893109 0.922397
vt 0.894211 0.921964
vt 0.895510 0.921820
vt 0.896757 0.921956
vt 0.897995 0.922365
vt 0.899224 0.923047
vt 0.899268 0.923086
vt 0.899289 0.923135
vt 0.899287 0.923194
vt 0.898983 0.923718
vt 0.898962 0.923739
vt 0.898945 0.923760
vt 0.898930 0.923781
vt 0.898908 0.923788
vt 0.898883 0.923781
vt 0.898857 0.923760
vt 0.898055 0.923352
vt 0.897215 0.923107
vt 0.896339 0.923026
vt 0.895307 0.923157
vt 0.894451 0.923553
vt 0.893769 0.924211
vt 0.893333 0.924983
vt 0.893060 0.925913
vt 0.892951 0.927001
vt 0.899140 0.927001
vt 0.899198 0.927013
vt 0.899233 0.927048
vt 0.899245 0.927106
vt 0.899268 0.927342
vt 0.899282 0.927572
vt 0.899287 0.927799
vt 0.899183 0.928950
vt 0.898872 0.929915
vt 0.898353 0.930694
vt 0.897611 0.931282
vt 0.896670 0.931635
vt 0.895331 0.930791
vt 0.896492 0.930464
vt 0.897163 0.929483
vt 0.897345 0.927848
vt 0.892983 0.927848
vt 0.893022 0.928205
vt 0.893085 0.928567
vt 0.893171 0.928933
vt 0.893629 0.929966
vt 0.894349 0.930585
vt 0.166948 0.927863
vt 0.162988 0.927863
vt 0.162988 0.899170
vt 0.166948 0.899170
vt 0.611292 0.970031
vt 0.610684 0.970031
vt 0.610684 0.966540
vt 0.611292 0.966540
vt 0.610632 0.970031
vt 0.610632 0.966540
vt 0.610590 0.970031
vt 0.610590 0.966540
vt 0.610558 0.970031
vt 0.610558 0.966540
vt 0.607977 0.970031
vt 0.607977 0.966540
vt 0.607931 0.970031
vt 0.607931 0.966540
vt 0.601795 0.969967
vt 0.601761 0.969967
vt 0.601761 0.966476
vt 0.601795 0.966476
vt 0.601702 0.969967
vt 0.601702 0.966476
vt 0.601209 0.969967
vt 0.601209 0.966476
vt 0.601151 0.969967
vt 0.601151 0.966476
vt 0.601116 0.969967
vt 0.601116 0.966476
vt 0.593311 0.966533
vt 0.593370 0.966533
vt 0.593370 0.970024
vt 0.593311 0.970024
vt 0.594922 0.966533
vt 0.594922 0.970024
vt 0.594980 0.966533
vt 0.594980 0.970024
vt 0.415894 0.951077
vt 0.415894 0.951041
vt 0.419385 0.951041
vt 0.419385 0.951077
vt 0.415894 0.950983
vt 0.419385 0.950983
vt 0.415894 0.943892
vt 0.419385 0.943892
vt 0.415894 0.943834
vt 0.419385 0.943834
vt 0.415894 0.943799
vt 0.419385 0.943799
vt 0.587176 0.970024
vt 0.587118 0.970024
vt 0.587118 0.966533
vt 0.587176 0.966533
vt 0.585618 0.970024
vt 0.585618 0.966533
vt 0.585554 0.970024
vt 0.585554 0.966533
vt 0.579418 0.970024
vt 0.579380 0.970024
vt 0.579380 0.966533
vt 0.579418 0.966533
vt 0.579316 0.970024
vt 0.579316 0.966533
vt 0.578781 0.970024
vt 0.578781 0.966533
vt 0.578723 0.970024
vt 0.578723 0.966533
vt 0.578688 0.970024
vt 0.578688 0.966533
vt 0.065942 0.964563
vt 0.065942 0.964499
vt 0.069433 0.964499
vt 0.069433 0.964563
vt 0.065942 0.959653
vt 0.069433 0.959653
vt 0.065942 0.959589
vt 0.069433 0.959589
vt 0.571822 0.966929
vt 0.571857 0.966929
vt 0.571857 0.970420
vt 0.571822 0.970420
vt 0.571915 0.966929
vt 0.571915 0.970420
vt 0.572450 0.966929
vt 0.572450 0.970420
vt 0.572514 0.966929
vt 0.572514 0.970420
vt 0.572553 0.966929
vt 0.572553 0.970420
vt 0.565687 0.970420
vt 0.565623 0.970420
vt 0.565623 0.966929
vt 0.565687 0.966929
vt 0.564227 0.970420
vt 0.564227 0.966929
vt 0.564169 0.970420
vt 0.564169 0.966929
vt 0.668876 0.946037
vt 0.668876 0.946072
vt 0.665385 0.946072
vt 0.665385 0.946037
vt 0.668876 0.946130
vt 0.665385 0.946130
vt 0.668876 0.954554
vt 0.665385 0.954554
vt 0.668876 0.954612
vt 0.665385 0.954612
vt 0.668876 0.954647
vt 0.665385 0.954647
vt 0.611350 0.970031
vt 0.611350 0.966540
vt 0.803603 0.931932
vt 0.802994 0.931932
vt 0.802943 0.931926
vt 0.802901 0.931918
vt 0.802868 0.931912
vt 0.800288 0.931482
vt 0.800241 0.931470
vt 0.800213 0.931435
vt 0.800204 0.931376
vt 0.800204 0.930883
vt 0.800216 0.930825
vt 0.800251 0.930790
vt 0.800309 0.930779
vt 0.801861 0.930600
vt 0.801920 0.930589
vt 0.801955 0.930554
vt 0.801966 0.930495
vt 0.801966 0.923404
vt 0.801955 0.923346
vt 0.801920 0.923311
vt 0.801861 0.923299
vt 0.800361 0.923153
vt 0.800297 0.923140
vt 0.800259 0.923101
vt 0.800246 0.923037
vt 0.800246 0.922502
vt 0.800259 0.922444
vt 0.800297 0.922409
vt 0.800361 0.922397
vt 0.805208 0.922397
vt 0.805272 0.922409
vt 0.805310 0.922444
vt 0.805323 0.922502
vt 0.805323 0.923037
vt 0.805310 0.923101
vt 0.805272 0.923140
vt 0.805208 0.923153
vt 0.803813 0.923299
vt 0.803754 0.923311
vt 0.803719 0.923346
vt 0.803708 0.923404
vt 0.803708 0.931828
vt 0.803696 0.931886
vt 0.803661 0.931921
vt 0.136559 0.962528
vt 0.136559 0.963562
vt 0.133069 0.963562
vt 0.133069 0.962528
vt 0.136559 0.964635
vt 0.133069 0.964635
vt 0.136559 0.965748
vt 0.133069 0.965748
vt 0.136559 0.965806
vt 0.133069 0.965806
vt 0.907022 0.947054
vt 0.906987 0.947054
vt 0.906987 0.943563
vt 0.907022 0.943563
vt 0.906948 0.947054
vt 0.906948 0.943563
vt 0.904566 0.947054
vt 0.904566 0.943563
vt 0.904514 0.947054
vt 0.904514 0.943563
vt 0.904483 0.947054
vt 0.904483 0.943563
vt 0.897559 0.943563
vt 0.897618 0.943563
vt 0.897618 0.947054
vt 0.897559 0.947054
vt 0.898289 0.943563
vt 0.898289 0.947054
vt 0.898347 0.943563
vt 0.898347 0.947054
vt 0.889578 0.943563
vt 0.889609 0.943563
vt 0.889609 0.947054
vt 0.889578 0.947054
vt 0.889662 0.943563
vt 0.889662 0.947054
vt 0.891246 0.943563
vt 0.891246 0.947054
vt 0.891321 0.943563
vt 0.891321 0.947054
vt 0.891381 0.943563
vt 0.891381 0.947054
vt 0.891424 0.943563
vt 0.891424 0.947054
vt 0.880908 0.943540
vt 0.881396 0.943540
vt 0.881396 0.947031
vt 0.880908 0.947031
vt 0.881938 0.943540
vt 0.881938 0.947031
vt 0.882534 0.943540
vt 0.882534 0.947031
vt 0.883443 0.943540
vt 0.883443 0.947031
vt 0.874772 0.947002
vt 0.874217 0.947002
vt 0.874217 0.943511
vt 0.874772 0.943511
vt 0.873290 0.947002
vt 0.873290 0.943511
vt 0.871633 0.947002
vt 0.871633 0.943511
vt 0.865497 0.947002
vt 0.864786 0.947002
vt 0.864786 0.943511
vt 0.865497 0.943511
vt 0.864024 0.947002
vt 0.864024 0.943511
vt 0.863210 0.947002
vt 0.863210 0.943511
vt 0.862835 0.947002
vt 0.862835 0.943511
vt 0.862465 0.947002
vt 0.862465 0.943511
vt 0.862099 0.947002
vt 0.862099 0.943511
vt 0.066502 0.973303
vt 0.066502 0.972645
vt 0.069993 0.972645
vt 0.069993 0.973303
vt 0.066502 0.971778
vt 0.069993 0.971778
vt 0.066502 0.970701
vt 0.069993 0.970701
vt 0.066502 0.970372
vt 0.069993 0.970372
vt 0.066502 0.970058
vt 0.069993 0.970058
vt 0.066502 0.969757
vt 0.069993 0.969757
vt 0.066502 0.969005
vt 0.069993 0.969005
vt 0.066502 0.968554
vt 0.069993 0.968554
vt 0.315968 0.958359
vt 0.315968 0.957380
vt 0.319459 0.957380
vt 0.319459 0.958359
vt 0.315968 0.956350
vt 0.319459 0.956350
vt 0.315968 0.955370
vt 0.319459 0.955370
vt 0.315968 0.954443
vt 0.319459 0.954443
vt 0.855963 0.946983
vt 0.854957 0.946983
vt 0.854957 0.943492
vt 0.855963 0.943492
vt 0.854898 0.946983
vt 0.854898 0.943492
vt 0.854863 0.946983
vt 0.854863 0.943492
vt 0.845804 0.943883
vt 0.845862 0.943883
vt 0.845862 0.947374
vt 0.845804 0.947374
vt 0.848694 0.943883
vt 0.848694 0.947374
vt 0.848728 0.943883
vt 0.848728 0.947374
vt 0.839094 0.943883
vt 0.839132 0.943883
vt 0.839132 0.947374
vt 0.839094 0.947374
vt 0.839196 0.943883
vt 0.839196 0.947374
vt 0.839564 0.943883
vt 0.839564 0.947374
vt 0.839594 0.943883
vt 0.839594 0.947374
vt 0.839629 0.943883
vt 0.839629 0.947374
vt 0.839668 0.943883
vt 0.839668 0.947374
vt 0.832959 0.947374
vt 0.831605 0.947374
vt 0.831605 0.943883
vt 0.832959 0.943883
vt 0.541409 0.947138
vt 0.541409 0.947170
vt 0.537918 0.947170
vt 0.537918 0.947138
vt 0.541409 0.947212
vt 0.537918 0.947212
vt 0.541409 0.947264
vt 0.537918 0.947264
vt 0.541409 0.953064
vt 0.537918 0.953064
vt 0.541409 0.953532
vt 0.537918 0.953532
vt 0.541409 0.953941
vt 0.537918 0.953941
vt 0.541409 0.954292
vt 0.537918 0.954292
vt 0.541409 0.955008
vt 0.537918 0.955008
vt 0.136559 0.960332
vt 0.136559 0.961262
vt 0.133069 0.961262
vt 0.133069 0.960332
vt 0.825470 0.947374
vt 0.822756 0.947374
vt 0.822756 0.943883
vt 0.825470 0.943883
vt 0.822719 0.947374
vt 0.822719 0.943883
vt 0.822678 0.947374
vt 0.822678 0.943883
vt 0.822631 0.947374
vt 0.822631 0.943883
vt 0.816496 0.947374
vt 0.816157 0.947374
vt 0.816157 0.943883
vt 0.816496 0.943883
vt 0.815879 0.947374
vt 0.815879 0.943883
vt 0.815661 0.947374
vt 0.815661 0.943883
vt 0.815304 0.947374
vt 0.815304 0.943883
vt 0.814984 0.947374
vt 0.814984 0.943883
vt 0.814701 0.947374
vt 0.814701 0.943883
vt 0.813941 0.947374
vt 0.813941 0.943883
vt 0.805291 0.943742
vt 0.805747 0.943742
vt 0.805747 0.947233
vt 0.805291 0.947233
vt 0.806507 0.943742
vt 0.806507 0.947233
vt 0.807256 0.943742
vt 0.807256 0.947233
vt 0.807806 0.943742
vt 0.807806 0.947233
vt 0.796381 0.946993
vt 0.796995 0.946993
vt 0.796995 0.950484
vt 0.796381 0.950484
vt 0.797215 0.946993
vt 0.797215 0.950484
vt 0.797385 0.946993
vt 0.797385 0.950484
vt 0.797507 0.946993
vt 0.797507 0.950484
vt 0.797936 0.946993
vt 0.797936 0.950484
vt 0.798486 0.946993
vt 0.798486 0.950484
vt 0.799156 0.946993
vt 0.799156 0.950484
vt 0.909400 0.931299
vt 0.908366 0.931232
vt 0.907293 0.931029
vt 0.906180 0.930691
vt 0.906121 0.930661
vt 0.906086 0.930626
vt 0.906075 0.930586
vt 0.906075 0.928205
vt 0.906086 0.928152
vt 0.906121 0.928121
vt 0.906180 0.928111
vt 0.906851 0.928111
vt 0.906909 0.928121
vt 0.906944 0.928152
vt 0.906956 0.928205
vt 0.907260 0.929789
vt 0.907290 0.929865
vt 0.907325 0.929924
vt 0.907365 0.929967
vt 0.907853 0.930154
vt 0.908395 0.930265
vt 0.908991 0.930303
vt 0.909900 0.930117
vt 0.910445 0.929562
vt 0.910627 0.928635
vt 0.910627 0.926978
vt 0.909916 0.926902
vt 0.909154 0.926787
vt 0.908340 0.926631
vt 0.907965 0.926539
vt 0.907594 0.926417
vt 0.907228 0.926264
vt 0.906226 0.925607
vt 0.905625 0.924740
vt 0.905424 0.923663
vt 0.905445 0.923334
vt 0.905508 0.923019
vt 0.905613 0.922719
vt 0.906117 0.921967
vt 0.906858 0.921516
vt 0.907837 0.921366
vt 0.908867 0.921504
vt 0.909846 0.921920
vt 0.910774 0.922614
vt 0.910952 0.921607
vt 0.910964 0.921549
vt 0.910999 0.921514
vt 0.911057 0.921502
vt 0.913890 0.921880
vt 0.913923 0.921892
vt 0.913955 0.921931
vt 0.913984 0.921995
vt 0.913984 0.922362
vt 0.913966 0.922392
vt 0.913928 0.922427
vt 0.913869 0.922467
vt 0.912515 0.922855
vt 0.912469 0.922888
vt 0.912441 0.922930
vt 0.912431 0.922981
vt 0.912431 0.928782
vt 0.912404 0.929249
vt 0.912324 0.929658
vt 0.912190 0.930009
vt 0.911596 0.930726
vt 0.910666 0.931156
vt 0.910619 0.926130
vt 0.910619 0.923416
vt 0.910608 0.923379
vt 0.910573 0.923337
vt 0.910514 0.923291
vt 0.910176 0.923123
vt 0.909898 0.922994
vt 0.909679 0.922905
vt 0.909322 0.922795
vt 0.909002 0.922728
vt 0.908719 0.922706
vt 0.907960 0.922858
vt 0.907504 0.923314
vt 0.907352 0.924074
vt 0.907475 0.924823
vt 0.907844 0.925373
vt 0.908458 0.925723
vt 0.908678 0.925797
vt 0.908848 0.925853
vt 0.908970 0.925890
vt 0.909399 0.925995
vt 0.909949 0.926075
vt 0.569332 0.860670
vt 0.569332 0.775179
vt 0.599175 0.775179
vt 0.599175 0.860670
vt 0.606362 0.860670
vt 0.606362 0.775179
vt 0.613805 0.775179
vt 0.613805 0.860670
vt 0.620005 0.864418
vt 0.620005 0.778926
vt 0.627448 0.778926
vt 0.627448 0.864418
vt 0.196756 0.888107
vt 0.204199 0.888107
vt 0.204199 0.917949
vt 0.196756 0.917949
vt 0.183178 0.888107
vt 0.190621 0.888107
vt 0.190621 0.917949
vt 0.183178 0.917949
vt 0.998008 0.869678
vt 0.998008 0.870719
vt 0.994517 0.870719
vt 0.994517 0.869678
vt 0.998008 0.871757
vt 0.994517 0.871757
vt 0.998008 0.872793
vt 0.994517 0.872793
vt 0.789229 0.946993
vt 0.790152 0.946993
vt 0.790152 0.950484
vt 0.789229 0.950484
vt 0.790210 0.946993
vt 0.790210 0.950484
vt 0.790245 0.946993
vt 0.790245 0.950484
vt 0.783094 0.950484
vt 0.783035 0.950484
vt 0.783035 0.946993
vt 0.783094 0.946993
vt 0.782521 0.950484
vt 0.782521 0.946993
vt 0.782455 0.950484
vt 0.782455 0.946993
vt 0.782381 0.950484
vt 0.782381 0.946993
vt 0.782301 0.950484
vt 0.782301 0.946993
vt 0.779721 0.950484
vt 0.779721 0.946993
vt 0.779674 0.950484
vt 0.779674 0.946993
vt 0.773539 0.950719
vt 0.773504 0.950719
vt 0.773504 0.947228
vt 0.773539 0.947228
vt 0.773446 0.950719
vt 0.773446 0.947228
vt 0.772952 0.950719
vt 0.772952 0.947228
vt 0.772894 0.950719
vt 0.772894 0.947228
vt 0.772859 0.950719
vt 0.772859 0.947228
vt 0.765060 0.947228
vt 0.765124 0.947228
vt 0.765124 0.950719
vt 0.765060 0.950719
vt 0.766666 0.947228
vt 0.766666 0.950719
vt 0.766724 0.947228
vt 0.766724 0.950719
vt 0.425521 0.950900
vt 0.425521 0.950865
vt 0.429011 0.950865
vt 0.429011 0.950900
vt 0.425521 0.950807
vt 0.429011 0.950807
vt 0.425521 0.943716
vt 0.429011 0.943716
vt 0.425521 0.943657
vt 0.429011 0.943657
vt 0.425521 0.943622
vt 0.429011 0.943622
vt 0.758924 0.950719
vt 0.758866 0.950719
vt 0.758866 0.947228
vt 0.758924 0.947228
vt 0.757366 0.950719
vt 0.757366 0.947228
vt 0.757302 0.950719
vt 0.757302 0.947228
vt 0.751167 0.950558
vt 0.751128 0.950558
vt 0.751128 0.947067
vt 0.751167 0.947067
vt 0.751064 0.950558
vt 0.751064 0.947067
vt 0.750529 0.950558
vt 0.750529 0.947067
vt 0.750471 0.950558
vt 0.750471 0.947067
vt 0.750436 0.950558
vt 0.750436 0.947067
vt 0.011932 0.971725
vt 0.011932 0.971661
vt 0.015423 0.971661
vt 0.015423 0.971725
vt 0.011932 0.966962
vt 0.015423 0.966962
vt 0.011932 0.966904
vt 0.015423 0.966904
vt 0.743570 0.947067
vt 0.743605 0.947067
vt 0.743605 0.950558
vt 0.743570 0.950558
vt 0.743663 0.947067
vt 0.743663 0.950558
vt 0.744198 0.947067
vt 0.744198 0.950558
vt 0.744262 0.947067
vt 0.744262 0.950558
vt 0.744301 0.947067
vt 0.744301 0.950558
vt 0.737435 0.946504
vt 0.737376 0.946504
vt 0.737376 0.943013
vt 0.737435 0.943013
vt 0.736128 0.946504
vt 0.736128 0.943013
vt 0.736070 0.946504
vt 0.736070 0.943013
vt 0.361292 0.944732
vt 0.361292 0.944767
vt 0.357801 0.944767
vt 0.357801 0.944732
vt 0.361292 0.944825
vt 0.357801 0.944825
vt 0.361292 0.951486
vt 0.357801 0.951486
vt 0.361292 0.951523
vt 0.357801 0.951523
vt 0.361292 0.951551
vt 0.357801 0.951551
vt 0.361292 0.951570
vt 0.357801 0.951570
vt 0.726840 0.942997
vt 0.727506 0.942997
vt 0.727506 0.946488
vt 0.726840 0.946488
vt 0.728187 0.942997
vt 0.728187 0.946488
vt 0.728885 0.942997
vt 0.728885 0.946488
vt 0.729934 0.942997
vt 0.729934 0.946488
vt 0.386680 0.948497
vt 0.386680 0.947724
vt 0.390171 0.947724
vt 0.390171 0.948497
vt 0.386680 0.946436
vt 0.390171 0.946436
vt 0.386680 0.941517
vt 0.390171 0.941517
vt 0.386680 0.941458
vt 0.390171 0.941458
vt 0.386680 0.941423
vt 0.390171 0.941423
vt 0.720705 0.946488
vt 0.720647 0.946488
vt 0.720647 0.942997
vt 0.720705 0.942997
vt 0.719399 0.946488
vt 0.719399 0.942997
vt 0.719340 0.946488
vt 0.719340 0.942997
vt 0.713205 0.946480
vt 0.713166 0.946480
vt 0.713166 0.942989
vt 0.713205 0.942989
vt 0.713102 0.946480
vt 0.713102 0.942989
vt 0.712567 0.946480
vt 0.712567 0.942989
vt 0.712509 0.946480
vt 0.712509 0.942989
vt 0.712474 0.946480
vt 0.712474 0.942989
vt 0.097686 0.974528
vt 0.097686 0.974470
vt 0.101177 0.974470
vt 0.101177 0.974528
vt 0.097686 0.970022
vt 0.101177 0.970022
vt 0.097686 0.969964
vt 0.101177 0.969964
vt 0.705608 0.941889
vt 0.705643 0.941889
vt 0.705643 0.945380
vt 0.705608 0.945380
vt 0.705701 0.941889
vt 0.705701 0.945380
vt 0.706236 0.941889
vt 0.706236 0.945380
vt 0.706300 0.941889
vt 0.706300 0.945380
vt 0.706339 0.941889
vt 0.706339 0.945380
vt 0.699473 0.945424
vt 0.699414 0.945424
vt 0.699414 0.941933
vt 0.699473 0.941933
vt 0.698166 0.945424
vt 0.698166 0.941933
vt 0.698108 0.945424
vt 0.698108 0.941933
vt 0.342039 0.943838
vt 0.342039 0.943873
vt 0.338548 0.943873
vt 0.338548 0.943838
vt 0.342039 0.943931
vt 0.338548 0.943931
vt 0.342039 0.949522
vt 0.338548 0.949522
vt 0.342039 0.949909
vt 0.338548 0.949909
vt 0.342039 0.950230
vt 0.338548 0.950230
vt 0.342039 0.950487
vt 0.338548 0.950487
vt 0.688726 0.942014
vt 0.689371 0.942014
vt 0.689371 0.945505
vt 0.688726 0.945505
vt 0.690088 0.942014
vt 0.690088 0.945505
vt 0.690877 0.942014
vt 0.690877 0.945505
vt 0.691973 0.942014
vt 0.691973 0.945505
vt 0.367427 0.951700
vt 0.367427 0.950927
vt 0.370918 0.950927
vt 0.370918 0.951700
vt 0.367427 0.949639
vt 0.370918 0.949639
vt 0.367427 0.944825
vt 0.370918 0.944825
vt 0.367427 0.944766
vt 0.370918 0.944766
vt 0.367427 0.944731
vt 0.370918 0.944731
vt 0.682591 0.945929
vt 0.682533 0.945929
vt 0.682533 0.942438
vt 0.682591 0.942438
vt 0.681284 0.945929
vt 0.681284 0.942438
vt 0.681226 0.945929
vt 0.681226 0.942438
vt 0.675091 0.969948
vt 0.675053 0.969948
vt 0.675053 0.966457
vt 0.675091 0.966457
vt 0.674989 0.969948
vt 0.674989 0.966457
vt 0.674454 0.969948
vt 0.674454 0.966457
vt 0.674395 0.969948
vt 0.674395 0.966457
vt 0.674360 0.969948
vt 0.674360 0.966457
vt 0.076247 0.973600
vt 0.076247 0.973541
vt 0.079738 0.973541
vt 0.079738 0.973600
vt 0.076247 0.968947
vt 0.079738 0.968947
vt 0.076247 0.968883
vt 0.079738 0.968883
vt 0.667494 0.966457
vt 0.667529 0.966457
vt 0.667529 0.969948
vt 0.667494 0.969948
vt 0.667588 0.966457
vt 0.667588 0.969948
vt 0.668123 0.966457
vt 0.668123 0.969948
vt 0.668187 0.966457
vt 0.668187 0.969948
vt 0.668225 0.966457
vt 0.668225 0.969948
vt 0.661359 0.969948
vt 0.661295 0.969948
vt 0.661295 0.966457
vt 0.661359 0.966457
vt 0.659900 0.969948
vt 0.659900 0.966457
vt 0.659842 0.969948
vt 0.659842 0.966457
vt 0.626440 0.946305
vt 0.626440 0.946340
vt 0.622950 0.946340
vt 0.622950 0.946305
vt 0.626440 0.946398
vt 0.622950 0.946398
vt 0.626440 0.951853
vt 0.622950 0.951853
vt 0.626440 0.953584
vt 0.622950 0.953584
vt 0.626440 0.954622
vt 0.622950 0.954622
vt 0.998008 0.862455
vt 0.998008 0.863982
vt 0.994517 0.863982
vt 0.994517 0.862455
vt 0.998008 0.865157
vt 0.994517 0.865157
vt 0.998008 0.866276
vt 0.994517 0.866276
vt 0.998008 0.867339
vt 0.994517 0.867339
vt 0.998008 0.867934
vt 0.994517 0.867934
vt 0.998008 0.868714
vt 0.994517 0.868714
vt 0.124898 0.949732
vt 0.124768 0.950772
vt 0.124380 0.951811
vt 0.123733 0.952847
vt 0.124656 0.952847
vt 0.124715 0.952859
vt 0.124750 0.952894
vt 0.124761 0.952952
vt 0.124761 0.953466
vt 0.124759 0.953533
vt 0.124752 0.953606
vt 0.124740 0.953686
vt 0.124310 0.956267
vt 0.124298 0.956313
vt 0.124264 0.956341
vt 0.124205 0.956351
vt 0.123712 0.956351
vt 0.123654 0.956338
vt 0.123619 0.956299
vt 0.123607 0.956235
vt 0.123429 0.954693
vt 0.123417 0.954635
vt 0.123382 0.954600
vt 0.123324 0.954589
vt 0.116233 0.954589
vt 0.116175 0.954600
vt 0.116140 0.954635
vt 0.116128 0.954693
vt 0.115981 0.956193
vt 0.115968 0.956258
vt 0.115930 0.956296
vt 0.115866 0.956309
vt 0.115331 0.956309
vt 0.115273 0.956296
vt 0.115238 0.956258
vt 0.115226 0.956193
vt 0.115226 0.951494
vt 0.115238 0.951436
vt 0.115273 0.951401
vt 0.115331 0.951389
vt 0.115866 0.951389
vt 0.115930 0.951401
vt 0.115968 0.951436
vt 0.115981 0.951494
vt 0.116128 0.952742
vt 0.116140 0.952800
vt 0.116175 0.952835
vt 0.116233 0.952847
vt 0.122894 0.952847
vt 0.122931 0.952808
vt 0.122959 0.952773
vt 0.122978 0.952742
vt 0.123252 0.952077
vt 0.123416 0.951395
vt 0.123471 0.950697
vt 0.123213 0.949648
vt 0.122441 0.949018
vt 0.121153 0.948809
vt 0.116233 0.948809
vt 0.116175 0.948820
vt 0.116140 0.948855
vt 0.116128 0.948914
vt 0.115981 0.950162
vt 0.115968 0.950220
vt 0.115930 0.950255
vt 0.115866 0.950267
vt 0.115331 0.950267
vt 0.115273 0.950255
vt 0.115238 0.950220
vt 0.115226 0.950162
vt 0.115226 0.945714
vt 0.115238 0.945656
vt 0.115273 0.945621
vt 0.115331 0.945609
vt 0.115866 0.945609
vt 0.115930 0.945621
vt 0.115968 0.945656
vt 0.115981 0.945714
vt 0.116128 0.946962
vt 0.116140 0.947021
vt 0.116175 0.947056
vt 0.116233 0.947067
vt 0.121824 0.947067
vt 0.122211 0.947077
vt 0.122533 0.947105
vt 0.122789 0.947151
vt 0.123110 0.946507
vt 0.123302 0.945790
vt 0.123366 0.945001
vt 0.123108 0.943905
vt 0.122336 0.943248
vt 0.121048 0.943029
vt 0.116233 0.943029
vt 0.116175 0.943040
vt 0.116140 0.943075
vt 0.116128 0.943134
vt 0.115981 0.944382
vt 0.115968 0.944440
vt 0.115930 0.944475
vt 0.115866 0.944487
vt 0.115331 0.944487
vt 0.115273 0.944475
vt 0.115238 0.944440
vt 0.115226 0.944382
vt 0.115226 0.939787
vt 0.115238 0.939723
vt 0.115273 0.939685
vt 0.115331 0.939672
vt 0.115866 0.939672
vt 0.115930 0.939685
vt 0.115968 0.939723
vt 0.115981 0.939787
vt 0.116128 0.941182
vt 0.116140 0.941241
vt 0.116175 0.941276
vt 0.116233 0.941287
vt 0.121688 0.941287
vt 0.123418 0.941593
vt 0.124457 0.942509
vt 0.124803 0.944036
vt 0.124661 0.945210
vt 0.124234 0.946330
vt 0.123524 0.947393
vt 0.124287 0.947988
vt 0.124745 0.948768
vt 0.922092 0.731546
vt 0.948838 0.731546
vt 0.948838 0.793009
vt 0.922092 0.793009
vt 0.345999 0.888107
vt 0.372744 0.888107
vt 0.372744 0.922497
vt 0.345999 0.922497
vt 0.955225 0.731546
vt 0.981970 0.731546
vt 0.981970 0.793009
vt 0.955225 0.793009
vt 0.963618 0.797001
vt 0.998008 0.797001
vt 0.998008 0.858464
vt 0.963618 0.858464
vt 0.923092 0.797001
vt 0.957482 0.797001
vt 0.957482 0.858464
vt 0.923092 0.858464
vt 0.633648 0.778926
vt 0.647899 0.778926
vt 0.647899 0.840389
vt 0.633648 0.840389
vt 0.347151 0.940740
vt 0.347151 0.926489
vt 0.355207 0.926489
vt 0.355207 0.940740
vt 0.669337 0.840389
vt 0.655086 0.840389
vt 0.655086 0.778926
vt 0.669337 0.778926
vt 0.370799 0.926489
vt 0.370799 0.940740
vt 0.362743 0.940740
vt 0.362743 0.926489
vt 0.676524 0.778926
vt 0.684580 0.778926
vt 0.684580 0.840389
vt 0.676524 0.840389
vt 0.700172 0.840390
vt 0.692116 0.840390
vt 0.692116 0.778926
vt 0.700172 0.778926
vt 0.988119 0.902043
vt 0.987803 0.902043
vt 0.987803 0.898552
vt 0.988119 0.898552
vt 0.987525 0.902043
vt 0.987525 0.898552
vt 0.981389 0.902043
vt 0.981212 0.902043
vt 0.981212 0.898552
vt 0.981389 0.898552
vt 0.980978 0.902043
vt 0.980978 0.898552
vt 0.980703 0.902043
vt 0.980703 0.898552
vt 0.980388 0.902043
vt 0.980388 0.898552
vt 0.980073 0.902043
vt 0.980073 0.898552
vt 0.979798 0.902043
vt 0.979798 0.898552
vt 0.979564 0.902043
vt 0.979564 0.898552
vt 0.979387 0.902043
vt 0.979387 0.898552
vt 0.972065 0.898907
vt 0.972343 0.898907
vt 0.972343 0.902398
vt 0.972065 0.902398
vt 0.972659 0.898907
vt 0.972659 0.902398
vt 0.972975 0.898907
vt 0.972975 0.902398
vt 0.973252 0.898907
vt 0.973252 0.902398
vt 0.963927 0.898907
vt 0.964105 0.898907
vt 0.964105 0.902398
vt 0.963927 0.902398
vt 0.964339 0.898907
vt 0.964339 0.902398
vt 0.964613 0.898907
vt 0.964613 0.902398
vt 0.964929 0.898907
vt 0.964929 0.902398
vt 0.965244 0.898907
vt 0.965244 0.902398
vt 0.965518 0.898907
vt 0.965518 0.902398
vt 0.965752 0.898907
vt 0.965752 0.902398
vt 0.965930 0.898907
vt 0.965930 0.902398
vt 0.988711 0.902043
vt 0.988435 0.902043
vt 0.988435 0.898552
vt 0.988711 0.898552
vt 0.186390 0.971473
vt 0.186355 0.971789
vt 0.186248 0.972067
vt 0.186070 0.972307
vt 0.185837 0.972491
vt 0.185562 0.972601
vt 0.185247 0.972637
vt 0.184932 0.972601
vt 0.184657 0.972491
vt 0.184423 0.972307
vt 0.184246 0.972067
vt 0.184139 0.971789
vt 0.184103 0.971473
vt 0.184139 0.971157
vt 0.184246 0.970881
vt 0.184423 0.970644
vt 0.184657 0.970464
vt 0.184932 0.970355
vt 0.185247 0.970319
vt 0.185562 0.970355
vt 0.185837 0.970464
vt 0.186070 0.970644
vt 0.186248 0.970881
vt 0.186355 0.971157
vt 0.005483 0.968442
vt 0.005483 0.968776
vt 0.001992 0.968776
vt 0.001992 0.968442
vt 0.005483 0.969090
vt 0.001992 0.969090
vt 0.005483 0.969386
vt 0.001992 0.969386
vt 0.005483 0.970274
vt 0.001992 0.970274
vt 0.005483 0.971065
vt 0.001992 0.971065
vt 0.005483 0.971757
vt 0.001992 0.971757
vt 0.557017 0.966929
vt 0.557940 0.966929
vt 0.557940 0.970420
vt 0.557017 0.970420
vt 0.557999 0.966929
vt 0.557999 0.970420
vt 0.558034 0.966929
vt 0.558034 0.970420
vt 0.550882 0.970420
vt 0.550823 0.970420
vt 0.550823 0.966929
vt 0.550882 0.966929
vt 0.550226 0.970420
vt 0.550226 0.966929
vt 0.550201 0.970420
vt 0.550201 0.966929
vt 0.550156 0.970420
vt 0.550156 0.966929
vt 0.550089 0.970420
vt 0.550089 0.966929
vt 0.547509 0.970420
vt 0.547509 0.966929
vt 0.547462 0.970420
vt 0.547462 0.966929
vt 0.541327 0.970420
vt 0.541292 0.970420
vt 0.541292 0.966929
vt 0.541327 0.966929
vt 0.541234 0.970420
vt 0.541234 0.966929
vt 0.540741 0.970420
vt 0.540741 0.966929
vt 0.540682 0.970420
vt 0.540682 0.966929
vt 0.540647 0.970420
vt 0.540647 0.966929
vt 0.532848 0.966818
vt 0.532912 0.966818
vt 0.532912 0.970309
vt 0.532848 0.970309
vt 0.534454 0.966818
vt 0.534454 0.970309
vt 0.534512 0.966818
vt 0.534512 0.970309
vt 0.406268 0.951077
vt 0.406268 0.951041
vt 0.409759 0.951041
vt 0.409759 0.951077
vt 0.406268 0.950983
vt 0.409759 0.950983
vt 0.406268 0.943892
vt 0.409759 0.943892
vt 0.406268 0.943834
vt 0.409759 0.943834
vt 0.406268 0.943799
vt 0.409759 0.943799
vt 0.526713 0.970287
vt 0.526654 0.970287
vt 0.526654 0.966796
vt 0.526713 0.966796
vt 0.525154 0.970287
vt 0.525154 0.966796
vt 0.525090 0.970287
vt 0.525090 0.966796
vt 0.518955 0.970001
vt 0.518916 0.970001
vt 0.518916 0.966510
vt 0.518955 0.966510
vt 0.518852 0.970001
vt 0.518852 0.966510
vt 0.518318 0.970001
vt 0.518318 0.966510
vt 0.518259 0.970001
vt 0.518259 0.966510
vt 0.518224 0.970001
vt 0.518224 0.966510
vt 0.056316 0.964521
vt 0.056316 0.964457
vt 0.059807 0.964457
vt 0.059807 0.964521
vt 0.056316 0.959653
vt 0.059807 0.959653
vt 0.056316 0.959589
vt 0.059807 0.959589
vt 0.511358 0.966510
vt 0.511393 0.966510
vt 0.511393 0.970001
vt 0.511358 0.970001
vt 0.511451 0.966510
vt 0.511451 0.970001
vt 0.511986 0.966510
vt 0.511986 0.970001
vt 0.512050 0.966510
vt 0.512050 0.970001
vt 0.512089 0.966510
vt 0.512089 0.970001
vt 0.505223 0.969892
vt 0.505159 0.969892
vt 0.505159 0.966401
vt 0.505223 0.966401
vt 0.503806 0.969892
vt 0.503806 0.966401
vt 0.503747 0.969892
vt 0.503747 0.966401
vt 0.351666 0.944732
vt 0.351666 0.944767
vt 0.348175 0.944767
vt 0.348175 0.944732
vt 0.351666 0.944825
vt 0.348175 0.944825
vt 0.351666 0.951486
vt 0.348175 0.951486
vt 0.351666 0.951514
vt 0.348175 0.951514
vt 0.351666 0.951542
vt 0.348175 0.951542
vt 0.494121 0.966400
vt 0.494170 0.966400
vt 0.494170 0.969891
vt 0.494121 0.969891
vt 0.494847 0.966400
vt 0.494847 0.969891
vt 0.495592 0.966400
vt 0.495592 0.969891
vt 0.496405 0.966400
vt 0.496405 0.969891
vt 0.497081 0.966400
vt 0.497081 0.969891
vt 0.497612 0.966400
vt 0.497612 0.969891
vt 0.377054 0.948479
vt 0.377054 0.948136
vt 0.380545 0.948136
vt 0.380545 0.948479
vt 0.377054 0.947704
vt 0.380545 0.947704
vt 0.377054 0.947138
vt 0.380545 0.947138
vt 0.377054 0.946436
vt 0.380545 0.946436
vt 0.377054 0.941517
vt 0.380545 0.941517
vt 0.377054 0.941458
vt 0.380545 0.941458
vt 0.377054 0.941423
vt 0.380545 0.941423
vt 0.487986 0.966275
vt 0.487928 0.966275
vt 0.487928 0.962784
vt 0.487986 0.962784
vt 0.486575 0.966275
vt 0.486575 0.962784
vt 0.486511 0.966275
vt 0.486511 0.962784
vt 0.480375 0.966275
vt 0.480337 0.966275
vt 0.480337 0.962784
vt 0.480375 0.962784
vt 0.480273 0.966275
vt 0.480273 0.962784
vt 0.479738 0.966275
vt 0.479738 0.962784
vt 0.479680 0.966275
vt 0.479680 0.962784
vt 0.479645 0.966275
vt 0.479645 0.962784
vt 0.021676 0.972044
vt 0.021676 0.971980
vt 0.025167 0.971980
vt 0.025167 0.972044
vt 0.021676 0.967280
vt 0.025167 0.967280
vt 0.021676 0.967222
vt 0.025167 0.967222
vt 0.472779 0.962836
vt 0.472814 0.962836
vt 0.472814 0.966327
vt 0.472779 0.966327
vt 0.472872 0.962836
vt 0.472872 0.966327
vt 0.473407 0.962836
vt 0.473407 0.966327
vt 0.473471 0.962836
vt 0.473471 0.966327
vt 0.473510 0.962836
vt 0.473510 0.966327
vt 0.466643 0.966327
vt 0.466585 0.966327
vt 0.466585 0.962836
vt 0.466643 0.962836
vt 0.465190 0.966327
vt 0.465190 0.962836
vt 0.465132 0.966327
vt 0.465132 0.962836
vt 0.636067 0.946305
vt 0.636067 0.946340
vt 0.632576 0.946340
vt 0.632576 0.946305
vt 0.636067 0.946398
vt 0.632576 0.946398
vt 0.636067 0.951947
vt 0.632576 0.951947
vt 0.636067 0.953678
vt 0.632576 0.953678
vt 0.636067 0.954717
vt 0.632576 0.954717
vt 0.005483 0.966904
vt 0.001992 0.966904
vt 0.896683 0.911010
vt 0.896672 0.911343
vt 0.896641 0.911658
vt 0.896588 0.911954
vt 0.896334 0.912842
vt 0.895978 0.913632
vt 0.895518 0.914324
vt 0.896441 0.914324
vt 0.896500 0.914336
vt 0.896535 0.914371
vt 0.896546 0.914429
vt 0.896546 0.915027
vt 0.896544 0.915052
vt 0.896537 0.915097
vt 0.896525 0.915164
vt 0.896095 0.917744
vt 0.896084 0.917791
vt 0.896049 0.917819
vt 0.895990 0.917828
vt 0.895497 0.917828
vt 0.895439 0.917815
vt 0.895404 0.917777
vt 0.895392 0.917713
vt 0.895214 0.916171
vt 0.895203 0.916112
vt 0.895167 0.916077
vt 0.895109 0.916066
vt 0.888018 0.916066
vt 0.887960 0.916077
vt 0.887925 0.916112
vt 0.887913 0.916171
vt 0.887766 0.917671
vt 0.887753 0.917735
vt 0.887715 0.917773
vt 0.887651 0.917786
vt 0.887116 0.917786
vt 0.887058 0.917773
vt 0.887023 0.917735
vt 0.887011 0.917671
vt 0.887011 0.912866
vt 0.887023 0.912802
vt 0.887058 0.912764
vt 0.887116 0.912751
vt 0.887651 0.912751
vt 0.887715 0.912764
vt 0.887753 0.912802
vt 0.887766 0.912866
vt 0.887913 0.914220
vt 0.887925 0.914278
vt 0.887960 0.914313
vt 0.888018 0.914324
vt 0.894679 0.914324
vt 0.894707 0.914304
vt 0.894735 0.914269
vt 0.894763 0.914220
vt 0.895037 0.913542
vt 0.895201 0.912798
vt 0.895256 0.911985
vt 0.895187 0.911309
vt 0.894981 0.910778
vt 0.894637 0.910391
vt 0.894206 0.910164
vt 0.893639 0.910027
vt 0.892938 0.909982
vt 0.888018 0.909982
vt 0.887960 0.909994
vt 0.887925 0.910029
vt 0.887913 0.910087
vt 0.887766 0.911440
vt 0.887753 0.911504
vt 0.887715 0.911542
vt 0.887651 0.911555
vt 0.887116 0.911555
vt 0.887058 0.911542
vt 0.887023 0.911504
vt 0.887011 0.911440
vt 0.887011 0.906740
vt 0.887023 0.906682
vt 0.887058 0.906647
vt 0.887116 0.906636
vt 0.887651 0.906636
vt 0.887715 0.906647
vt 0.887753 0.906682
vt 0.887766 0.906740
vt 0.887913 0.908136
vt 0.887925 0.908194
vt 0.887960 0.908229
vt 0.888018 0.908240
vt 0.893567 0.908240
vt 0.895298 0.908548
vt 0.896337 0.909471
vn 0.000000 0.000000 1.000000
vn 0.000000 0.000000 1.000000
vn 0.000000 0.000000 1.000000
vn 0.000000 0.000000 1.000000
vn 0.000000 0.000000 1.000000
vn 0.000000 0.000000 1.000000
vn 0.000000 0.000000 1.000000
vn 0.000000 0.000000 1.000000
vn 0.000000 0.000000 1.000000
vn 0.000000 0.000000 1.000000
vn 0.000000 0.000000 1.000000
vn 0.000000 0.000000 1.000000
vn 0.000000 1.000000 0.000000
vn 0.000000 1.000000 0.000000
vn 0.000000 1.000000 0.000000
vn 0.000000 1.000000 0.000000
vn 0.000000 0.000000 -1.000000
vn 0.000000 0.000000 -1.000000
vn 0.000000 0.000000 -1.000000
vn 0.000000 0.000000 -1.000000
vn 0.000000 0.000000 1.000000
vn 0.000000 0.000000 1.000000
vn 0.000000 0.000000 1.000000
vn 0.000000 0.000000 1.000000
vn -1.000000 0.000000 0.000000
vn -1.000000 0.000000 0.000000
vn -1.000000 0.000000 0.000000
vn -1.000000 0.000000 0.000000
vn 0.000000 0.000000 -1.000000
vn 0.000000 0.000000 -1.000000
vn 0.000000 0.000000 -1.000000
vn 0.000000 0.000000 -1.000000
vn 1.000000 0.000000 0.000000
vn 1.000000 0.000000 0.000000
vn 1.000000 0.000000 0.000000
vn 1.000000 0.000000 0.000000
vn 0.000000 -1.000000 0.000000
vn 0.000000 -1.000000 0.000000
vn 0.000000 -1.000000 0.000000
vn 0.000000 -1.000000 0.000000
vn 0.000000 -1.000000 0.000000
vn 0.000000 -1.000000 0.000000
vn 0.000000 -1.000000 0.000000
vn 0.000000 -1.000000 0.000000
vn 0.000000 -1.000000 0.000000
vn 0.000000 -1.000000 0.000000
vn 0.000000 -1.000000 0.000000
vn 0.000000 -1.000000 0.000000
vn -1.000000 0.000000 0.000000
vn -1.000000 0.000000 0.000000
vn -1.000000 0.000000 0.000000
vn -1.000000 0.000000 0.000000
vn 0.000000 0.000000 -1.000000
vn 0.000000 0.000000 -1.000000
vn 1.000000 0.000000 0.000000
vn 1.000000 0.000000 0.000000
vn 1.000000 0.000000 0.000000
vn 1.000000 0.000000 0.000000
vn 0.000000 0.000000 1.000000
vn 0.000000 0.000000 1.000000
vn 0.000000 0.000000 1.000000
vn 0.000000 0.000000 1.000000
vn -1.000000 0.000000 0.000000
vn -1.000000 0.000000 0.000000
vn -1.000000 0.000000 0.000000
vn 1.000000 0.000000 0.000000
vn 1.000000 0.000000 0.000000
vn 1.000000 0.000000 0.000000
vn 1.000000 0.000000 0.000000
vn 1.000000 0.000000 0.000000
vn 1.000000 0.000000 0.000000
vn 0.000000 1.000000 0.000000
vn 0.000000 1.000000 0.000000
vn -1.000000 0.000000 0.000000
vn -1.000000 0.000000 0.000000
vn -1.000000 0.000000 0.000000
vn 0.000000 0.000000 1.000000
vn 0.000000 0.000000 1.000000
vn 0.000000 0.000000 1.000000
vn 0.000000 0.000000 1.000000
vn 0.000000 -1.000000 0.000000
vn 0.000000 -1.000000 0.000000
vn 0.000000 -1.000000 0.000000
vn 0.000000 -1.000000 0.000000
vn -1.000000 0.000015 0.000000
vn -1.000000 0.000015 0.000000
vn -1.000000 0.000015 0.000000
vn -1.000000 0.000015 0.000000
vn -0.019250 0.999815 0.000000
vn -0.069664 0.997571 0.000000
vn -0.069664 0.997571 0.000000
vn -0.019250 0.999815 0.000000
vn -0.140472 0.990085 0.000000
vn -0.140472 0.990085 0.000000
vn -0.212047 0.977260 0.000000
vn -0.212047 0.977260 0.000000
vn -0.285866 0.958270 0.000000
vn -0.285866 0.958270 0.000000
vn -0.362121 0.932131 0.000000
vn -0.362121 0.932131 0.000000
vn -0.438425 0.898768 0.000000
vn -0.438425 0.898768 0.000000
vn -0.513006 0.858385 0.000000
vn -0.513006 0.858385 0.000000
vn -0.584625 0.811303 0.000000
vn -0.584625 0.811303 0.000000
vn -0.654041 0.756459 0.000000
vn -0.654041 0.756459 0.000000
vn -0.722009 0.691883 0.000000
vn -0.722009 0.691883 0.000000
vn -0.784825 0.619718 0.000000
vn -0.784825 0.619718 0.000000
vn -0.840484 0.541837 0.000000
vn -0.840484 0.541837 0.000000
vn -0.889574 0.456790 0.000000
vn -0.889574 0.456790 0.000000
vn -0.929989 0.367588 0.000000
vn -0.929989 0.367588 0.000000
vn -0.961207 0.275828 0.000000
vn -0.961207 0.275828 0.000000
vn -0.983612 0.180297 0.000000
vn -0.983612 0.180297 0.000000
vn -0.996236 0.086686 0.000000
vn -0.996236 0.086686 0.000000
vn -0.999995 0.003177 0.000000
vn -0.999995 0.003177 0.000000
vn -0.996530 -0.083234 0.000000
vn -0.996530 -0.083234 0.000000
vn -0.985749 -0.168224 0.000000
vn -0.985749 -0.168224 0.000000
vn -0.967935 -0.251203 0.000000
vn -0.967935 -0.251203 0.000000
vn -0.943720 -0.330746 0.000000
vn -0.943720 -0.330746 0.000000
vn -0.912237 -0.409662 0.000000
vn -0.912237 -0.409662 0.000000
vn -0.872155 -0.489230 0.000000
vn -0.872155 -0.489230 0.000000
vn -0.823632 -0.567125 0.000000
vn -0.823632 -0.567125 0.000000
vn -0.768131 -0.640293 0.000000
vn -0.768131 -0.640293 0.000000
vn -0.706160 -0.708052 0.000000
vn -0.706160 -0.708052 0.000000
vn -0.637622 -0.770350 0.000000
vn -0.637622 -0.770350 0.000000
vn -0.564202 -0.825637 0.000000
vn -0.564202 -0.825637 0.000000
vn -0.487268 -0.873252 0.000000
vn -0.487268 -0.873252 0.000000
vn -0.405976 -0.913884 0.000000
vn -0.405976 -0.913884 0.000000
vn -0.322641 -0.946521 0.000000
vn -0.322641 -0.946521 0.000000
vn -0.239750 -0.970835 0.000000
vn -0.239750 -0.970835 0.000000
vn -0.156698 -0.987647 0.000000
vn -0.156698 -0.987647 0.000000
vn -0.075802 -0.997123 0.000000
vn -0.075802 -0.997123 0.000000
vn -0.018001 -0.999838 0.000000
vn -0.018001 -0.999838 0.000000
vn 0.028788 -0.999586 0.000000
vn 0.028788 -0.999586 0.000000
vn 0.061076 -0.998133 0.000000
vn 0.061076 -0.998133 0.000000
vn 0.092768 -0.995688 0.000000
vn 0.092768 -0.995688 0.000000
vn 0.117464 -0.993077 0.000000
vn 0.117464 -0.993077 0.000000
vn 0.139025 -0.990289 0.000000
vn 0.139025 -0.990289 0.000000
vn 0.160332 -0.987063 0.000000
vn 0.160332 -0.987063 0.000000
vn 0.178039 -0.984023 0.000000
vn 0.178039 -0.984023 0.000000
vn 0.195039 -0.980796 0.000000
vn 0.195039 -0.980796 0.000000
vn 0.212149 -0.977237 0.000000
vn 0.212149 -0.977237 0.000000
vn 0.226705 -0.973963 0.000000
vn 0.226705 -0.973963 0.000000
vn 0.240506 -0.970648 0.000000
vn 0.240506 -0.970648 0.000000
vn 0.287871 -0.957669 0.000000
vn 0.287871 -0.957669 0.000000
vn 0.536650 -0.843805 0.000000
vn 0.536650 -0.843805 0.000000
vn 0.824745 -0.565504 0.000000
vn 0.824745 -0.565504 0.000000
vn 0.999993 -0.003859 0.000000
vn 0.999993 -0.003859 0.000000
vn 0.999993 0.003837 0.000000
vn 0.999993 0.003837 0.000000
vn 0.977327 0.211737 0.000000
vn 0.977327 0.211737 0.000000
vn 0.671052 0.741410 0.000000
vn 0.671052 0.741410 0.000000
vn 0.671052 0.741410 0.000000
vn 0.671052 0.741410 0.000000
vn 0.180820 0.983516 0.000000
vn 0.013228 0.999913 0.000000
vn 0.013228 0.999913 0.000000
vn 0.180820 0.983516 0.000000
vn -0.004236 0.999991 0.000000
vn -0.004236 0.999991 0.000000
vn -0.224533 0.974467 0.000000
vn -0.224533 0.974467 0.000000
vn -0.477833 0.878451 0.000000
vn -0.477833 0.878451 0.000000
vn -0.675435 0.737420 0.000000
vn -0.675435 0.737420 0.000000
vn -0.799699 0.600401 0.000000
vn -0.799699 0.600401 0.000000
vn -0.919636 0.392772 0.000000
vn -0.919636 0.392772 0.000000
vn -0.984560 0.175050 0.000000
vn -0.984560 0.175050 0.000000
vn -0.984461 0.175605 0.000000
vn -0.984461 0.175605 0.000000
vn -0.904394 0.426699 0.000000
vn -0.904394 0.426699 0.000000
vn -0.707037 0.707176 0.000000
vn -0.707037 0.707176 0.000000
vn -0.472269 0.881454 0.000000
vn -0.472269 0.881454 0.000000
vn -0.371230 0.928541 0.000000
vn -0.371230 0.928541 0.000000
vn -0.274769 0.961510 0.000000
vn -0.274769 0.961510 0.000000
vn -0.205036 0.978755 0.000000
vn -0.205036 0.978755 0.000000
vn -0.169061 0.985606 0.000000
vn -0.169061 0.985606 0.000000
vn -0.147344 0.989085 0.000000
vn -0.147344 0.989085 0.000000
vn -0.125756 0.992061 0.000000
vn -0.125756 0.992061 0.000000
vn -0.104697 0.994504 0.000000
vn -0.104697 0.994504 0.000000
vn -0.083654 0.996495 0.000000
vn -0.083654 0.996495 0.000000
vn -0.064026 0.997948 0.000000
vn -0.064026 0.997948 0.000000
vn -0.046090 0.998937 0.000000
vn -0.046090 0.998937 0.000000
vn -0.026087 0.999660 0.000000
vn -0.026087 0.999660 0.000000
vn 0.057619 0.998339 0.000000
vn 0.057619 0.998339 0.000000
vn 0.146225 0.989251 0.000000
vn 0.146225 0.989251 0.000000
vn 0.300919 0.953650 0.000000
vn 0.300919 0.953650 0.000000
vn 0.446686 0.894691 0.000000
vn 0.446686 0.894691 0.000000
vn 0.573295 0.819349 0.000000
vn 0.573295 0.819349 0.000000
vn 0.684410 0.729098 0.000000
vn 0.684410 0.729098 0.000000
vn 0.777625 0.628728 0.000000
vn 0.777625 0.628728 0.000000
vn 0.851260 0.524743 0.000000
vn 0.851260 0.524743 0.000000
vn 0.908108 0.418737 0.000000
vn 0.908108 0.418737 0.000000
vn 0.949649 0.313315 0.000000
vn 0.949649 0.313315 0.000000
vn 0.978221 0.207565 0.000000
vn 0.978221 0.207565 0.000000
vn 0.994809 0.101760 0.000000
vn 0.994809 0.101760 0.000000
vn 0.999999 0.001267 0.000000
vn 0.999999 0.001267 0.000000
vn 0.994633 -0.103462 0.000000
vn 0.994633 -0.103462 0.000000
vn 0.976443 -0.215777 0.000000
vn 0.976443 -0.215777 0.000000
vn 0.942817 -0.333310 0.000000
vn 0.942817 -0.333310 0.000000
vn 0.890758 -0.454478 0.000000
vn 0.890758 -0.454478 0.000000
vn 0.817838 -0.575449 0.000000
vn 0.817838 -0.575449 0.000000
vn 0.724543 -0.689229 0.000000
vn 0.724543 -0.689229 0.000000
vn 0.613122 -0.789988 0.000000
vn 0.613122 -0.789988 0.000000
vn 0.490592 -0.871389 0.000000
vn 0.490592 -0.871389 0.000000
vn 0.363269 -0.931684 0.000000
vn 0.363269 -0.931684 0.000000
vn 0.233377 -0.972386 0.000000
vn 0.233377 -0.972386 0.000000
vn 0.109653 -0.993970 0.000000
vn 0.109653 -0.993970 0.000000
vn 0.039199 -0.999232 0.000000
vn 0.039199 -0.999232 0.000000
vn -0.044784 -0.998997 0.000000
vn -0.044784 -0.998997 0.000000
vn -0.086368 -0.996263 0.000000
vn -0.086368 -0.996263 0.000000
vn -0.123410 -0.992356 0.000000
vn -0.123410 -0.992356 0.000000
vn -0.155049 -0.987907 0.000000
vn -0.155049 -0.987907 0.000000
vn -0.184668 -0.982801 0.000000
vn -0.184668 -0.982801 0.000000
vn -0.209378 -0.977835 0.000000
vn -0.209378 -0.977835 0.000000
vn -0.224000 -0.974589 0.000000
vn -0.224000 -0.974589 0.000000
vn -0.233235 -0.972421 0.000000
vn -0.233235 -0.972421 0.000000
vn -0.238815 -0.971065 0.000000
vn -0.238815 -0.971065 0.000000
vn -0.236550 -0.971620 0.000000
vn -0.236550 -0.971620 0.000000
vn -0.227840 -0.973699 0.000000
vn -0.227840 -0.973699 0.000000
vn -0.317677 -0.948199 0.000000
vn -0.317677 -0.948199 0.000000
vn -0.658839 -0.752284 0.000000
vn -0.658839 -0.752284 0.000000
vn -0.893864 -0.448338 0.000000
vn -0.893864 -0.448338 0.000000
vn -0.984317 -0.176411 0.000000
vn -0.984317 -0.176411 0.000000
vn -0.984560 -0.175050 0.000000
vn -0.984560 -0.175050 0.000000
vn -0.958042 -0.286628 0.000000
vn -0.958042 -0.286628 0.000000
vn -0.801282 -0.598287 0.000000
vn -0.801282 -0.598287 0.000000
vn -0.564916 -0.825148 0.000000
vn -0.564916 -0.825148 0.000000
vn -0.342174 -0.939637 0.000000
vn -0.342174 -0.939637 0.000000
vn -0.153853 -0.988094 0.000000
vn -0.153853 -0.988094 0.000000
vn -0.002722 -0.999996 0.000000
vn -0.002722 -0.999996 0.000000
vn 0.013228 -0.999913 0.000000
vn 0.013228 -0.999913 0.000000
vn 0.180820 -0.983516 0.000000
vn 0.180820 -0.983516 0.000000
vn 0.670897 -0.741550 0.000000
vn 0.670897 -0.741550 0.000000
vn 0.670897 -0.741550 0.000000
vn 0.670897 -0.741550 0.000000
vn 0.977327 -0.211737 0.000000
vn 0.999993 -0.003825 0.000000
vn 0.999993 -0.003825 0.000000
vn 0.977327 -0.211737 0.000000
vn 0.999993 0.003836 0.000000
vn 0.999993 0.003836 0.000000
vn 0.968169 0.250298 0.000000
vn 0.968169 0.250298 0.000000
vn 0.673372 0.739304 0.000000
vn 0.479186 0.877714 0.000000
vn 0.479186 0.877714 0.000000
vn 0.673372 0.739304 0.000000
vn 0.205330 0.978693 0.000000
vn 0.205330 0.978693 0.000000
vn 0.180088 0.983651 0.000000
vn 0.180088 0.983651 0.000000
vn 0.185733 0.982600 0.000000
vn 0.185733 0.982600 0.000000
vn 0.186165 0.982518 0.000000
vn 0.186165 0.982518 0.000000
vn 0.178171 0.984000 0.000000
vn 0.178171 0.984000 0.000000
vn 0.166035 0.986120 0.000000
vn 0.166035 0.986120 0.000000
vn 0.153008 0.988225 0.000000
vn 0.153008 0.988225 0.000000
vn 0.138556 0.990355 0.000000
vn 0.138556 0.990355 0.000000
vn 0.122434 0.992477 0.000000
vn 0.122434 0.992477 0.000000
vn 0.103108 0.994670 0.000000
vn 0.103108 0.994670 0.000000
vn 0.076074 0.997102 0.000000
vn 0.076074 0.997102 0.000000
vn 0.041009 0.999159 0.000000
vn 0.041009 0.999159 0.000000
vn 0.000001 0.000000 1.000000
vn 0.000001 0.000000 1.000000
vn 0.000001 0.000000 1.000000
vn 0.000001 0.000000 1.000000
vn 0.000001 0.000000 1.000000
vn 0.000001 0.000000 1.000000
vn 0.000001 0.000000 1.000000
vn 0.000001 0.000000 1.000000
vn 0.000001 0.000000 1.000000
vn 0.000001 0.000000 1.000000
vn 0.000001 0.000000 1.000000
vn 0.000001 0.000000 1.000000
vn 0.000001 0.000000 1.000000
vn 0.000001 0.000000 1.000000
vn 0.000001 0.000000 1.000000
vn 0.000001 0.000000 1.000000
vn 0.000001 0.000000 1.000000
vn 0.000001 0.000000 1.000000
vn 0.000001 0.000000 1.000000
vn 0.000001 0.000000 1.000000
vn 0.000001 0.000000 1.000000
vn 0.000001 0.000000 1.000000
vn 0.000001 0.000000 1.000000
vn 0.000001 0.000000 1.000000
vn 0.000001 0.000000 1.000000
vn 0.000001 0.000000 1.000000
vn 0.000001 0.000000 1.000000
vn 0.000001 0.000000 1.000000
vn 0.000001 0.000000 1.000000
vn 0.000001 0.000000 1.000000
vn 0.000001 0.000000 1.000000
vn 0.000001 0.000000 1.000000
vn 0.000001 0.000000 1.000000
vn 0.000001 0.000000 1.000000
vn 0.000001 0.000000 1.000000
vn 0.000001 0.000000 1.000000
vn 0.000001 0.000000 1.000000
vn 0.000001 0.000000 1.000000
vn 0.000001 0.000000 1.000000
vn 0.000001 0.000000 1.000000
vn 0.000001 0.000000 1.000000
vn 0.000001 0.000000 1.000000
vn 0.000001 0.000000 1.000000
vn 0.000001 0.000000 1.000000
vn 0.000001 0.000000 1.000000
vn 0.000001 0.000000 1.000000
vn 0.000001 0.000000 1.000000
vn 0.000001 0.000000 1.000000
vn 0.000001 0.000000 1.000000
vn 0.000001 0.000000 1.000000
vn 0.000001 0.000000 1.000000
vn 0.000001 0.000000 1.000000
vn 0.000001 0.000000 1.000000
vn 0.000001 0.000000 1.000000
vn 0.000001 0.000000 1.000000
vn 0.000001 0.000000 1.000000
vn 0.000001 0.000000 1.000000
vn 0.000001 0.000000 1.000000
vn 0.000001 0.000000 1.000000
vn 0.000001 0.000000 1.000000
vn 0.000001 0.000000 1.000000
vn 0.000001 0.000000 1.000000
vn 0.000001 0.000000 1.000000
vn 0.000001 0.000000 1.000000
vn 0.000001 0.000000 1.000000
vn 0.000001 0.000000 1.000000
vn 0.000001 0.000000 1.000000
vn 0.000001 0.000000 1.000000
vn 0.000001 0.000000 1.000000
vn 0.000001 0.000000 1.000000
vn 0.000001 0.000000 1.000000
vn 0.000001 0.000000 1.000000
vn 0.000001 0.000000 1.000000
vn 0.000001 0.000000 1.000000
vn 0.000001 0.000000 1.000000
vn 0.000001 0.000000 1.000000
vn 0.000001 0.000000 1.000000
vn 0.000001 0.000000 1.000000
vn 0.000001 0.000000 1.000000
vn 0.000001 0.000000 1.000000
vn 0.000001 0.000000 1.000000
vn 0.000001 0.000000 1.000000
vn 0.000001 0.000000 1.000000
vn 0.000001 0.000000 1.000000
vn 0.000001 0.000000 1.000000
vn 0.000001 0.000000 1.000000
vn 0.000001 0.000000 1.000000
vn 0.000001 0.000000 1.000000
vn 0.000001 0.000000 1.000000
vn 0.000001 0.000000 1.000000
vn 0.000001 0.000000 1.000000
vn 0.000001 0.000000 1.000000
vn 0.000001 0.000000 1.000000
vn 0.000001 0.000000 1.000000
vn 0.000001 0.000000 1.000000
vn 0.000001 0.000000 1.000000
vn 0.000001 0.000000 1.000000
vn 0.000001 0.000000 1.000000
vn 0.000001 0.000000 1.000000
vn 0.000001 0.000000 1.000000
vn 0.000001 0.000000 1.000000
vn 0.000001 0.000000 1.000000
vn 0.000001 0.000000 1.000000
vn 0.000001 0.000000 1.000000
vn 0.000001 0.000000 1.000000
vn 0.000001 0.000000 1.000000
vn 0.000001 0.000000 1.000000
vn 0.000001 0.000000 1.000000
vn 0.000001 0.000000 1.000000
vn 0.000001 0.000000 1.000000
vn 0.000001 0.000000 1.000000
vn 0.000001 0.000000 1.000000
vn 0.000001 0.000000 1.000000
vn 0.000001 0.000000 1.000000
vn 0.000001 0.000000 1.000000
vn 0.000001 0.000000 1.000000
vn 0.000001 0.000000 1.000000
vn 0.000001 0.000000 1.000000
vn 0.000001 0.000000 1.000000
vn 0.000001 0.000000 1.000000
vn 0.000001 0.000000 1.000000
vn 0.000001 0.000000 1.000000
vn 0.000001 0.000000 1.000000
vn 0.000001 0.000000 1.000000
vn 0.000001 0.000000 1.000000
vn 0.000001 0.000000 1.000000
vn 0.000001 0.000000 1.000000
vn 0.000001 0.000000 1.000000
vn 0.000001 0.000000 1.000000
vn 0.000001 0.000000 1.000000
vn 0.000001 0.000000 1.000000
vn 0.000001 0.000000 1.000000
vn 0.000001 0.000000 1.000000
vn 0.000001 0.000000 1.000000
vn 0.000001 0.000000 1.000000
vn 0.000001 0.000000 1.000000
vn 0.000001 0.000000 1.000000
vn 0.000001 0.000000 1.000000
vn 0.000001 0.000000 1.000000
vn 0.000001 0.000000 1.000000
vn 0.000001 0.000000 1.000000
vn 0.000001 0.000000 1.000000
vn 0.000001 0.000000 1.000000
vn 0.000001 0.000000 1.000000
vn -0.025751 0.999668 0.000000
vn -0.285704 0.958318 0.000000
vn -0.285704 0.958318 0.000000
vn -0.025751 0.999668 0.000000
vn -0.575944 0.817489 0.000000
vn -0.575944 0.817489 0.000000
vn -0.780544 0.625101 0.000000
vn -0.780544 0.625101 0.000000
vn -0.911656 0.410953 0.000000
vn -0.911656 0.410953 0.000000
vn -0.980790 0.195069 0.000000
vn -0.980790 0.195069 0.000000
vn -0.999999 -0.001270 0.000000
vn -0.999999 -0.001270 0.000000
vn -0.977369 -0.211540 0.000000
vn -0.977369 -0.211540 0.000000
vn -0.889911 -0.456135 0.000000
vn -0.889911 -0.456135 0.000000
vn -0.727574 -0.686029 0.000000
vn -0.727574 -0.686029 0.000000
vn -0.499568 -0.866274 0.000000
vn -0.499568 -0.866274 0.000000
vn -0.233988 -0.972239 0.000000
vn -0.233988 -0.972239 0.000000
vn -0.003211 -0.999995 0.000000
vn -0.003211 -0.999995 0.000000
vn 0.214431 -0.976739 0.000000
vn 0.214431 -0.976739 0.000000
vn 0.404471 -0.914551 0.000000
vn 0.404471 -0.914551 0.000000
vn 0.493024 -0.870016 0.000000
vn 0.493024 -0.870016 0.000000
vn 0.805366 -0.592778 0.000000
vn 0.805366 -0.592778 0.000000
vn 0.985215 -0.171323 0.000000
vn 0.985215 -0.171323 0.000000
vn 0.885044 0.465507 0.000000
vn 0.885044 0.465507 0.000000
vn 0.859662 0.510863 0.000000
vn 0.859662 0.510863 0.000000
vn 0.747634 0.664111 0.000000
vn 0.747634 0.664111 0.000000
vn 0.789205 0.614130 0.000000
vn 0.789205 0.614130 0.000000
vn 0.807165 0.590325 0.000000
vn 0.807165 0.590325 0.000000
vn 0.304884 0.952390 0.000000
vn 0.304884 0.952390 0.000000
vn 0.304884 0.952390 0.000000
vn 0.304884 0.952390 0.000000
vn -0.279285 0.960208 0.000000
vn -0.479518 0.877532 0.000000
vn -0.479518 0.877532 0.000000
vn -0.279285 0.960208 0.000000
vn -0.459558 0.888147 0.000000
vn -0.459558 0.888147 0.000000
vn -0.369616 0.929185 0.000000
vn -0.369616 0.929185 0.000000
vn -0.186845 0.982389 0.000000
vn -0.186845 0.982389 0.000000
vn 0.026335 0.999653 0.000000
vn 0.026335 0.999653 0.000000
vn 0.268719 0.963219 0.000000
vn 0.268719 0.963219 0.000000
vn 0.564991 0.825097 0.000000
vn 0.564991 0.825097 0.000000
vn 0.787920 0.615778 0.000000
vn 0.787920 0.615778 0.000000
vn 0.923170 0.384392 0.000000
vn 0.923170 0.384392 0.000000
vn 0.982548 0.186008 0.000000
vn 0.982548 0.186008 0.000000
vn 0.994992 0.099957 0.000000
vn 0.994992 0.099957 0.000000
vn 0.000000 -1.000000 0.000000
vn 0.001858 -0.999998 0.000000
vn 0.001858 -0.999998 0.000000
vn 0.000000 -1.000000 0.000000
vn 0.195361 -0.980731 0.000000
vn 0.195361 -0.980731 0.000000
vn 0.709036 -0.705172 0.000000
vn 0.709036 -0.705172 0.000000
vn 0.709036 -0.705172 0.000000
vn 0.709036 -0.705172 0.000000
vn 0.980318 -0.197423 0.000000
vn 0.992905 -0.118907 0.000000
vn 0.992905 -0.118907 0.000000
vn 0.980318 -0.197423 0.000000
vn 0.996798 -0.079961 0.000000
vn 0.996798 -0.079961 0.000000
vn 0.999169 -0.040760 0.000000
vn 0.999169 -0.040760 0.000000
vn 0.997419 0.071801 0.000000
vn 0.997419 0.071801 0.000000
vn 0.981314 0.192415 0.000000
vn 0.981314 0.192415 0.000000
vn 0.902937 0.429773 0.000000
vn 0.902937 0.429773 0.000000
vn 0.735060 0.678002 0.000000
vn 0.735060 0.678002 0.000000
vn 0.488350 0.872648 0.000000
vn 0.488350 0.872648 0.000000
vn 0.220882 0.975301 0.000000
vn 0.220882 0.975301 0.000000
vn -0.056257 -0.998416 0.000000
vn -0.271179 -0.962529 0.000000
vn -0.271179 -0.962529 0.000000
vn -0.056257 -0.998416 0.000000
vn -0.825175 -0.564878 0.000000
vn -0.950693 -0.310135 0.000000
vn -0.950693 -0.310135 0.000000
vn -0.825175 -0.564878 0.000000
vn -0.993867 -0.110581 0.000000
vn -0.993867 -0.110581 0.000000
vn 0.000000 1.000000 0.000000
vn 0.000000 1.000000 0.000000
vn 0.000000 1.000000 0.000000
vn 0.000000 1.000000 0.000000
vn 0.993903 -0.110258 0.000000
vn 0.990068 -0.140590 0.000000
vn 0.990068 -0.140590 0.000000
vn 0.993903 -0.110258 0.000000
vn 0.979891 -0.199535 0.000000
vn 0.979891 -0.199535 0.000000
vn 0.931993 -0.362477 0.000000
vn 0.931993 -0.362477 0.000000
vn 0.814070 -0.580767 0.000000
vn 0.814070 -0.580767 0.000000
vn 0.436319 -0.899792 0.000000
vn 0.436319 -0.899792 0.000000
vn -0.000002 0.000000 1.000000
vn -0.000002 0.000000 1.000000
vn -0.000002 0.000000 1.000000
vn -0.000002 0.000000 1.000000
vn -0.000002 0.000000 1.000000
vn -0.000002 0.000000 1.000000
vn -0.000002 0.000000 1.000000
vn -0.000002 0.000000 1.000000
vn -0.000002 0.000000 1.000000
vn -0.000002 0.000000 1.000000
vn -0.000002 0.000000 1.000000
vn -0.000002 0.000000 1.000000
vn -0.000002 0.000000 1.000000
vn -0.000002 0.000000 1.000000
vn -0.000002 0.000000 1.000000
vn -0.000002 0.000000 1.000000
vn -0.000002 0.000000 1.000000
vn -0.000002 0.000000 1.000000
vn -0.000002 0.000000 1.000000
vn -0.000002 0.000000 1.000000
vn -0.000002 0.000000 1.000000
vn -0.000002 0.000000 1.000000
vn -0.000002 0.000000 1.000000
vn -0.000002 0.000000 1.000000
vn -0.000002 0.000000 1.000000
vn -0.000002 0.000000 1.000000
vn -0.000002 0.000000 1.000000
vn -0.000002 0.000000 1.000000
vn -0.000002 0.000000 1.000000
vn -0.000002 0.000000 1.000000
vn -0.000002 0.000000 1.000000
vn -0.000002 0.000000 1.000000
vn -0.000002 0.000000 1.000000
vn -0.000002 0.000000 1.000000
vn -0.000002 0.000000 1.000000
vn -0.000002 0.000000 1.000000
vn -0.000002 0.000000 1.000000
vn -0.000002 0.000000 1.000000
vn -0.000002 0.000000 1.000000
vn -0.000002 0.000000 1.000000
vn -0.000002 0.000000 1.000000
vn -0.000002 0.000000 1.000000
vn -0.000002 0.000000 1.000000
vn -0.000002 0.000000 1.000000
vn -0.000002 0.000000 1.000000
vn -0.000002 0.000000 1.000000
vn -0.000002 0.000000 1.000000
vn -0.000002 0.000000 1.000000
vn -0.000002 0.000000 1.000000
vn -0.000002 0.000000 1.000000
vn -0.000002 0.000000 1.000000
vn -0.000002 0.000000 1.000000
vn -0.000002 0.000000 1.000000
vn -0.000002 0.000000 1.000000
vn -0.000002 0.000000 1.000000
vn -0.000002 0.000000 1.000000
vn -0.000002 0.000000 1.000000
vn -1.000000 0.000015 0.000000
vn -1.000000 0.000015 0.000000
vn -1.000000 0.000015 0.000000
vn -1.000000 0.000015 0.000000
vn 0.017365 0.999849 0.000000
vn -0.010394 0.999946 0.000000
vn -0.010394 0.999946 0.000000
vn 0.017365 0.999849 0.000000
vn -0.148036 0.988982 0.000000
vn -0.148036 0.988982 0.000000
vn -0.184289 0.982872 0.000000
vn -0.184289 0.982872 0.000000
vn -0.164930 0.986305 0.000000
vn -0.164930 0.986305 0.000000
vn -0.165876 0.986147 0.000000
vn -0.165876 0.986147 0.000000
vn -0.245400 0.969422 0.000000
vn -0.245400 0.969422 0.000000
vn -0.780100 0.625655 0.000000
vn -0.928919 0.370282 0.000000
vn -0.928919 0.370282 0.000000
vn -0.780100 0.625655 0.000000
vn -0.999859 0.016791 0.000000
vn -0.999859 0.016791 0.000000
vn -0.999778 -0.021049 0.000000
vn -0.999778 -0.021049 0.000000
vn -0.980704 -0.195499 0.000000
vn -0.980704 -0.195499 0.000000
vn -0.706811 -0.707402 0.000000
vn -0.706811 -0.707402 0.000000
vn -0.706811 -0.707402 0.000000
vn -0.706811 -0.707402 0.000000
vn -0.195120 -0.980780 0.000000
vn -0.117084 -0.993122 0.000000
vn -0.117084 -0.993122 0.000000
vn -0.195120 -0.980780 0.000000
vn -0.117093 -0.993121 0.000000
vn -0.117093 -0.993121 0.000000
vn -0.195357 -0.980732 0.000000
vn -0.195357 -0.980732 0.000000
vn -0.706811 -0.707402 0.000000
vn -0.706811 -0.707402 0.000000
vn -0.706811 -0.707402 0.000000
vn -0.706811 -0.707402 0.000000
vn -0.981072 -0.193645 0.000000
vn -0.999999 -0.001607 0.000000
vn -0.999999 -0.001607 0.000000
vn -0.981072 -0.193645 0.000000
vn -0.999999 0.001607 0.000000
vn -0.999999 0.001607 0.000000
vn -0.981081 0.193599 0.000000
vn -0.981081 0.193599 0.000000
vn -0.706811 0.707402 0.000000
vn -0.706811 0.707402 0.000000
vn -0.706811 0.707402 0.000000
vn -0.706811 0.707402 0.000000
vn -0.195120 0.980779 0.000000
vn -0.101213 0.994865 0.000000
vn -0.101213 0.994865 0.000000
vn -0.195120 0.980779 0.000000
vn -0.101659 0.994819 0.000000
vn -0.101659 0.994819 0.000000
vn -0.197150 0.980373 0.000000
vn -0.197150 0.980373 0.000000
vn -0.707107 0.707107 0.000000
vn -0.707107 0.707107 0.000000
vn -0.707107 0.707107 0.000000
vn -0.707107 0.707107 0.000000
vn -0.980650 0.195770 0.000000
vn -0.999772 0.021329 0.000000
vn -0.999772 0.021329 0.000000
vn -0.980650 0.195770 0.000000
vn -0.999768 -0.021538 0.000000
vn -0.999768 -0.021538 0.000000
vn -0.976751 -0.214379 0.000000
vn -0.976751 -0.214379 0.000000
vn -0.673219 -0.739443 0.000000
vn -0.673219 -0.739443 0.000000
vn -0.673219 -0.739443 0.000000
vn -0.673219 -0.739443 0.000000
vn -0.178094 -0.984014 0.000000
vn -0.002363 -0.999997 0.000000
vn -0.002363 -0.999997 0.000000
vn -0.178094 -0.984014 0.000000
vn 0.002364 -0.999997 0.000000
vn 0.002364 -0.999997 0.000000
vn 0.178727 -0.983899 0.000000
vn 0.178727 -0.983899 0.000000
vn 0.672095 -0.740465 0.000000
vn 0.672095 -0.740465 0.000000
vn 0.672095 -0.740465 0.000000
vn 0.672095 -0.740465 0.000000
vn 0.976752 -0.214373 0.000000
vn 0.999768 -0.021537 0.000000
vn 0.999768 -0.021537 0.000000
vn 0.976752 -0.214373 0.000000
vn 0.999772 0.021329 0.000000
vn 0.999772 0.021329 0.000000
vn 0.980651 0.195766 0.000000
vn 0.980651 0.195766 0.000000
vn 0.706027 0.708185 0.000000
vn 0.706027 0.708185 0.000000
vn 0.706027 0.708185 0.000000
vn 0.706027 0.708185 0.000000
vn 0.197846 0.980233 0.000000
vn 0.108902 0.994053 0.000000
vn 0.108902 0.994053 0.000000
vn 0.197846 0.980233 0.000000
vn 0.108420 0.994105 0.000000
vn 0.108420 0.994105 0.000000
vn 0.194368 0.980929 0.000000
vn 0.194368 0.980929 0.000000
vn 0.710369 0.703830 0.000000
vn 0.710369 0.703830 0.000000
vn 0.710369 0.703830 0.000000
vn 0.710369 0.703830 0.000000
vn 0.979940 0.199293 0.000000
vn 0.999999 0.001396 0.000000
vn 0.999999 0.001396 0.000000
vn 0.979940 0.199293 0.000000
vn 0.999999 0.001368 0.000000
vn 0.999999 0.001368 0.000000
vn 0.980714 0.195450 0.000000
vn 0.980714 0.195450 0.000000
vn 0.706811 0.707403 0.000000
vn 0.706811 0.707403 0.000000
vn 0.706811 0.707403 0.000000
vn 0.706811 0.707403 0.000000
vn 0.195261 0.980751 0.000000
vn 0.195261 0.980751 0.000000
vn 0.000000 0.000000 1.000000
vn 0.000000 0.000000 1.000000
vn 0.000000 0.000000 1.000000
vn 0.000000 0.000000 1.000000
vn 0.000000 0.000000 1.000000
vn 0.000000 0.000000 1.000000
vn 0.000000 0.000000 1.000000
vn 0.000000 0.000000 1.000000
vn 0.000000 0.000000 1.000000
vn 0.000000 0.000000 1.000000
vn 0.000000 0.000000 1.000000
vn 0.000000 0.000000 1.000000
vn 0.000000 0.000000 1.000000
vn 0.000000 0.000000 1.000000
vn 0.000000 0.000000 1.000000
vn 0.000000 0.000000 1.000000
vn 0.000000 0.000000 1.000000
vn 0.000000 0.000000 1.000000
vn 0.000000 0.000000 1.000000
vn 0.000000 0.000000 1.000000
vn 0.000000 0.000000 1.000000
vn 0.000000 0.000000 1.000000
vn 0.000000 0.000000 1.000000
vn 0.000000 0.000000 1.000000
vn 0.000000 0.000000 1.000000
vn 0.000000 0.000000 1.000000
vn 0.000000 0.000000 1.000000
vn 0.000000 0.000000 1.000000
vn 0.000000 0.000000 1.000000
vn 0.000000 0.000000 1.000000
vn 0.000000 0.000000 1.000000
vn 0.000000 0.000000 1.000000
vn 0.000000 0.000000 1.000000
vn 0.000000 0.000000 1.000000
vn 0.000000 0.000000 1.000000
vn 0.000000 0.000000 1.000000
vn 0.000000 0.000000 1.000000
vn 0.000000 0.000000 1.000000
vn 0.000000 0.000000 1.000000
vn 0.000000 0.000000 1.000000
vn 0.000000 0.000000 1.000000
vn 0.000000 0.000000 1.000000
vn 0.000000 0.000000 1.000000
vn 0.000000 0.000000 1.000000
vn 0.032965 0.999457 0.000000
vn -0.127321 0.991862 0.000000
vn -0.127321 0.991862 0.000000
vn 0.032965 0.999457 0.000000
vn -0.240086 0.970752 0.000000
vn -0.240086 0.970752 0.000000
vn -0.299829 0.953993 0.000000
vn -0.299829 0.953993 0.000000
vn -0.573489 0.819213 0.000000
vn -0.573489 0.819213 0.000000
vn -0.849549 0.527509 0.000000
vn -0.849549 0.527509 0.000000
vn -0.999988 0.004842 0.000000
vn -0.999988 0.004842 0.000000
vn -0.999988 -0.004817 0.000000
vn -0.999988 -0.004817 0.000000
vn -0.975893 -0.218251 0.000000
vn -0.975893 -0.218251 0.000000
vn -0.670658 -0.741766 0.000000
vn -0.670658 -0.741766 0.000000
vn -0.670658 -0.741766 0.000000
vn -0.670658 -0.741766 0.000000
vn -0.176671 -0.984270 0.000000
vn -0.014414 -0.999896 0.000000
vn -0.014414 -0.999896 0.000000
vn -0.176671 -0.984270 0.000000
vn 0.014423 -0.999896 0.000000
vn 0.014423 -0.999896 0.000000
vn 0.178058 -0.984020 0.000000
vn 0.178058 -0.984020 0.000000
vn 0.665708 -0.746213 0.000000
vn 0.665708 -0.746213 0.000000
vn 0.665708 -0.746213 0.000000
vn 0.665708 -0.746213 0.000000
vn 0.976812 -0.214100 0.000000
vn 0.981879 -0.189507 0.000000
vn 0.981879 -0.189507 0.000000
vn 0.976812 -0.214100 0.000000
vn 0.980281 -0.197607 0.000000
vn 0.980281 -0.197607 0.000000
vn 0.900944 -0.433934 0.000000
vn 0.900944 -0.433934 0.000000
vn 0.809184 -0.587556 0.000000
vn 0.809184 -0.587556 0.000000
vn 0.399001 -0.916950 0.000000
vn 0.399001 -0.916950 0.000000
vn 0.278031 -0.960572 0.000000
vn 0.278031 -0.960572 0.000000
vn 0.129917 -0.991525 0.000000
vn 0.129917 -0.991525 0.000000
vn -0.097893 -0.995197 0.000000
vn -0.097893 -0.995197 0.000000
vn -0.199829 -0.979831 0.000000
vn -0.199829 -0.979831 0.000000
vn -0.713756 -0.700394 0.000000
vn -0.713756 -0.700394 0.000000
vn -0.713756 -0.700394 0.000000
vn -0.713756 -0.700394 0.000000
vn -0.981270 -0.192640 0.000000
vn -0.997530 -0.070239 0.000000
vn -0.997530 -0.070239 0.000000
vn -0.981270 -0.192640 0.000000
vn -1.000000 0.000000 0.000000
vn -1.000000 0.000000 0.000000
vn -0.106058 0.994360 0.000000
vn -0.128695 0.991684 0.000000
vn -0.128695 0.991684 0.000000
vn -0.106058 0.994360 0.000000
vn -0.169162 0.985588 0.000000
vn -0.169162 0.985588 0.000000
vn -0.203492 0.979077 0.000000
vn -0.203492 0.979077 0.000000
vn -0.276279 0.961078 0.000000
vn -0.276279 0.961078 0.000000
vn -0.349931 0.936775 0.000000
vn -0.349931 0.936775 0.000000
vn -0.509527 0.860455 0.000000
vn -0.509527 0.860455 0.000000
vn -0.688962 0.724798 0.000000
vn -0.688962 0.724798 0.000000
vn -0.924405 0.381413 0.000000
vn -0.924405 0.381413 0.000000
vn -0.991957 0.126577 0.000000
vn -0.991957 0.126577 0.000000
vn -0.991598 -0.129361 0.000000
vn -0.991598 -0.129361 0.000000
vn -0.964850 -0.262801 0.000000
vn -0.964850 -0.262801 0.000000
vn -0.865742 -0.500490 0.000000
vn -0.865742 -0.500490 0.000000
vn -0.694831 -0.719173 0.000000
vn -0.694831 -0.719173 0.000000
vn -0.329969 -0.943992 0.000000
vn -0.329969 -0.943992 0.000000
vn -0.005769 -0.999983 0.000000
vn -0.005769 -0.999983 0.000000
vn 0.266104 -0.963945 0.000000
vn 0.266104 -0.963945 0.000000
vn 0.502865 -0.864365 0.000000
vn 0.502865 -0.864365 0.000000
vn 0.598696 -0.800976 0.000000
vn 0.598696 -0.800976 0.000000
vn -0.984693 -0.174299 0.000000
vn -0.984436 -0.175745 0.000000
vn -0.984436 -0.175745 0.000000
vn -0.984693 -0.174299 0.000000
vn -0.979702 -0.200460 0.000000
vn -0.979702 -0.200460 0.000000
vn -0.708001 -0.706211 0.000000
vn -0.708001 -0.706211 0.000000
vn -0.708001 -0.706211 0.000000
vn -0.708001 -0.706211 0.000000
vn -0.198533 -0.980094 0.000000
vn 0.125491 -0.992095 0.000000
vn 0.125491 -0.992095 0.000000
vn -0.198533 -0.980094 0.000000
vn 0.134956 -0.990852 0.000000
vn 0.134956 -0.990852 0.000000
vn 0.356780 -0.934188 0.000000
vn 0.356780 -0.934188 0.000000
vn 0.774288 -0.632833 0.000000
vn 0.860259 -0.509857 0.000000
vn 0.860259 -0.509857 0.000000
vn 0.774288 -0.632833 0.000000
vn 0.997698 -0.067822 0.000000
vn 0.997698 -0.067822 0.000000
vn 1.000000 0.000000 0.000000
vn 1.000000 0.000000 0.000000
vn 0.864832 0.502062 0.000000
vn 0.758866 0.651247 0.000000
vn 0.758866 0.651247 0.000000
vn 0.864832 0.502062 0.000000
vn 0.606306 0.795231 0.000000
vn 0.606306 0.795231 0.000000
vn 0.289797 0.957088 0.000000
vn 0.289797 0.957088 0.000000
vn 0.287883 0.957666 0.000000
vn 0.287883 0.957666 0.000000
vn 0.707048 0.707166 0.000000
vn 0.707048 0.707166 0.000000
vn 0.928514 0.371298 0.000000
vn 0.928514 0.371298 0.000000
vn 0.999999 0.001603 0.000000
vn 0.999999 0.001603 0.000000
vn 0.999991 0.004301 0.000000
vn 0.999991 0.004301 0.000000
vn 0.992611 0.121342 0.000000
vn 0.992611 0.121342 0.000000
vn 0.962455 0.271443 0.000000
vn 0.962455 0.271443 0.000000
vn 0.825993 0.563680 0.000000
vn 0.825993 0.563680 0.000000
vn 0.601140 0.799144 0.000000
vn 0.601140 0.799144 0.000000
vn 0.252731 0.967537 0.000000
vn 0.252731 0.967537 0.000000
vn -1.000000 0.000000 0.000000
vn -0.999991 0.004176 0.000000
vn -0.999991 0.004176 0.000000
vn -1.000000 0.000000 0.000000
vn -0.861788 0.507269 0.000000
vn -0.861788 0.507269 0.000000
vn -0.687287 0.726386 0.000000
vn -0.687287 0.726386 0.000000
vn -0.475832 0.879536 0.000000
vn -0.475832 0.879536 0.000000
vn -0.433685 0.901065 0.000000
vn -0.433685 0.901065 0.000000
vn -0.402157 0.915571 0.000000
vn -0.402157 0.915571 0.000000
vn -0.327631 0.944806 0.000000
vn -0.327631 0.944806 0.000000
vn -0.251749 0.967793 0.000000
vn -0.251749 0.967793 0.000000
vn -0.144487 0.989507 0.000000
vn -0.144487 0.989507 0.000000
vn 0.123485 0.992346 0.000000
vn 0.123485 0.992346 0.000000
vn 0.195897 0.980625 0.000000
vn 0.195897 0.980625 0.000000
vn 0.707221 0.706992 0.000000
vn 0.707221 0.706992 0.000000
vn 0.707221 0.706992 0.000000
vn 0.707221 0.706992 0.000000
vn 0.980629 0.195873 0.000000
vn 0.999817 0.019112 0.000000
vn 0.999817 0.019112 0.000000
vn 0.980629 0.195873 0.000000
vn 0.935249 -0.353991 0.000000
vn 0.935249 -0.353991 0.000000
vn 0.675121 -0.737707 0.000000
vn 0.675121 -0.737707 0.000000
vn 0.453554 -0.891229 0.000000
vn 0.453554 -0.891229 0.000000
vn 0.316354 -0.948641 0.000000
vn 0.316354 -0.948641 0.000000
vn 0.302671 -0.953095 0.000000
vn 0.302671 -0.953095 0.000000
vn 0.250626 -0.968084 0.000000
vn 0.250626 -0.968084 0.000000
vn 0.186220 -0.982508 0.000000
vn 0.186220 -0.982508 0.000000
vn 0.109529 -0.993984 0.000000
vn 0.109529 -0.993984 0.000000
vn 0.081055 -0.996710 0.000000
vn 0.081055 -0.996710 0.000000
vn 0.000000 0.000000 1.000000
vn 0.000000 0.000000 1.000000
vn 0.000000 0.000000 1.000000
vn 0.000000 0.000000 1.000000
vn 0.000000 0.000000 1.000000
vn 0.000000 0.000000 1.000000
vn 0.000000 0.000000 1.000000
vn 0.000000 0.000000 1.000000
vn 0.000000 0.000000 1.000000
vn 0.000000 0.000000 1.000000
vn 0.000000 0.000000 1.000000
vn 0.000000 0.000000 1.000000
vn 0.000000 0.000000 1.000000
vn 0.000000 0.000000 1.000000
vn 0.000000 0.000000 1.000000
vn 0.000000 0.000000 1.000000
vn 0.000000 0.000000 1.000000
vn 0.000000 0.000000 1.000000
vn 0.000000 0.000000 1.000000
vn 0.000000 0.000000 1.000000
vn 0.000000 0.000000 1.000000
vn 0.000000 0.000000 1.000000
vn 0.000000 0.000000 1.000000
vn 0.000000 0.000000 1.000000
vn 0.000000 0.000000 1.000000
vn 0.000000 0.000000 1.000000
vn 0.000000 0.000000 1.000000
vn 0.000000 0.000000 1.000000
vn 0.000000 0.000000 1.000000
vn 0.000000 0.000000 1.000000
vn 0.000000 0.000000 1.000000
vn 0.000000 0.000000 1.000000
vn 0.000000 0.000000 1.000000
vn 0.000000 0.000000 1.000000
vn 0.000000 0.000000 1.000000
vn 0.000000 0.000000 1.000000
vn 0.000000 0.000000 1.000000
vn 0.000000 0.000000 1.000000
vn 0.000000 0.000000 1.000000
vn 0.000000 0.000000 1.000000
vn 0.000000 0.000000 1.000000
vn 0.000000 0.000000 1.000000
vn 0.000000 0.000000 1.000000
vn 0.000000 0.000000 1.000000
vn 0.000000 0.000000 1.000000
vn 0.000000 0.000000 1.000000
vn 0.000000 0.000000 1.000000
vn 0.000000 0.000000 1.000000
vn 0.000000 0.000000 1.000000
vn 0.000000 0.000000 1.000000
vn 0.000000 0.000000 1.000000
vn 0.000000 0.000000 1.000000
vn 0.000000 0.000000 1.000000
vn 0.000000 0.000000 1.000000
vn 0.000000 0.000000 1.000000
vn 0.000000 0.000000 1.000000
vn 0.000000 0.000000 1.000000
vn 0.000000 0.000000 1.000000
vn 0.000000 0.000000 1.000000
vn 0.000000 0.000000 1.000000
vn 0.000000 0.000000 1.000000
vn 0.000000 0.000000 1.000000
vn 0.000000 0.000000 1.000000
vn 0.000000 0.000000 1.000000
vn 0.000000 0.000000 1.000000
vn 0.000000 0.000000 1.000000
vn 0.000000 0.000000 1.000000
vn 0.000000 0.000000 1.000000
vn 0.000000 0.000000 1.000000
vn 0.000000 0.000000 1.000000
vn 0.000000 0.000000 1.000000
vn 0.000000 0.000000 1.000000
vn 0.000000 0.000000 1.000000
vn 0.000000 0.000000 1.000000
vn 0.000000 0.000000 1.000000
vn 0.000000 0.000000 1.000000
vn 0.000000 0.000000 1.000000
vn 0.000000 0.000000 1.000000
vn 0.000000 0.000000 1.000000
vn 0.000000 0.000000 1.000000
vn 0.000000 0.000000 1.000000
vn 0.000000 0.000000 1.000000
vn 0.000000 0.000000 1.000000
vn 0.000000 0.000000 1.000000
vn 0.000000 0.000000 1.000000
vn 0.000000 0.000000 1.000000
vn 0.000000 0.000000 1.000000
vn 0.000000 0.000000 1.000000
vn 0.000000 0.000000 1.000000
vn 0.000000 0.000000 1.000000
vn 0.000000 0.000000 1.000000
vn 0.000000 0.000000 1.000000
vn 0.000000 1.000000 0.000000
vn 0.000000 1.000000 0.000000
vn 0.000000 1.000000 0.000000
vn 0.000000 1.000000 0.000000
vn 0.000000 -1.000000 0.000000
vn 0.000000 -1.000000 0.000000
vn 0.000000 -1.000000 0.000000
vn 0.000000 -1.000000 0.000000
vn 1.000000 0.000000 0.000000
vn 1.000000 0.000000 0.000000
vn 1.000000 0.000000 0.000000
vn 1.000000 0.000000 0.000000
vn -1.000000 0.000000 0.000000
vn -1.000000 0.000000 0.000000
vn -1.000000 0.000000 0.000000
vn -1.000000 0.000000 0.000000
vn 0.011682 0.999932 0.000000
vn -0.241506 0.970399 0.000000
vn -0.241506 0.970399 0.000000
vn 0.011682 0.999932 0.000000
vn -0.446404 0.894831 0.000000
vn -0.446404 0.894831 0.000000
vn -0.529585 0.848257 0.000000
vn -0.529585 0.848257 0.000000
vn 1.000000 0.000000 0.000000
vn 0.999929 0.011945 0.000000
vn 0.999929 0.011945 0.000000
vn 1.000000 0.000000 0.000000
vn 0.980335 0.197343 0.000000
vn 0.980335 0.197343 0.000000
vn 0.710369 0.703830 0.000000
vn 0.710369 0.703830 0.000000
vn 0.710369 0.703830 0.000000
vn 0.710369 0.703830 0.000000
vn 0.193758 0.981050 0.000000
vn 0.020223 0.999796 0.000000
vn 0.020223 0.999796 0.000000
vn 0.193758 0.981050 0.000000
vn -0.004040 0.999992 0.000000
vn -0.004040 0.999992 0.000000
vn -0.065812 0.997832 0.000000
vn -0.065812 0.997832 0.000000
vn -0.119197 0.992871 0.000000
vn -0.119197 0.992871 0.000000
vn -0.163761 0.986500 0.000000
vn -0.163761 0.986500 0.000000
vn -0.165898 0.986143 0.000000
vn -0.165898 0.986143 0.000000
vn -0.245405 0.969421 0.000000
vn -0.245405 0.969421 0.000000
vn -0.777533 0.628842 0.000000
vn -0.927710 0.373303 0.000000
vn -0.927710 0.373303 0.000000
vn -0.777533 0.628842 0.000000
vn -0.999855 0.017004 0.000000
vn -0.999855 0.017004 0.000000
vn -0.999722 -0.023599 0.000000
vn -0.999722 -0.023599 0.000000
vn -0.975920 -0.218127 0.000000
vn -0.975920 -0.218127 0.000000
vn -0.673377 -0.739299 0.000000
vn -0.673377 -0.739299 0.000000
vn -0.673377 -0.739299 0.000000
vn -0.673377 -0.739299 0.000000
vn -0.177874 -0.984053 0.000000
vn -0.117421 -0.993082 0.000000
vn -0.117421 -0.993082 0.000000
vn -0.177874 -0.984053 0.000000
vn -0.117854 -0.993031 0.000000
vn -0.117854 -0.993031 0.000000
vn -0.195361 -0.980731 0.000000
vn -0.195361 -0.980731 0.000000
vn -0.707981 -0.706231 0.000000
vn -0.707981 -0.706231 0.000000
vn -0.707981 -0.706231 0.000000
vn -0.707981 -0.706231 0.000000
vn -0.980695 -0.195545 0.000000
vn -0.999999 -0.001623 0.000000
vn -0.999999 -0.001623 0.000000
vn -0.980695 -0.195545 0.000000
vn -0.999999 0.001623 0.000000
vn -0.999999 0.001623 0.000000
vn -0.980704 0.195498 0.000000
vn -0.980704 0.195498 0.000000
vn -0.707981 0.706231 0.000000
vn -0.707981 0.706231 0.000000
vn -0.707981 0.706231 0.000000
vn -0.707981 0.706231 0.000000
vn -0.195124 0.980779 0.000000
vn -0.101214 0.994865 0.000000
vn -0.101214 0.994865 0.000000
vn -0.195124 0.980779 0.000000
vn -0.101659 0.994819 0.000000
vn -0.101659 0.994819 0.000000
vn -0.197148 0.980374 0.000000
vn -0.197148 0.980374 0.000000
vn -0.707110 0.707103 0.000000
vn -0.707110 0.707103 0.000000
vn -0.707110 0.707103 0.000000
vn -0.707110 0.707103 0.000000
vn -0.980303 0.197502 0.000000
vn -0.999768 0.021526 0.000000
vn -0.999768 0.021526 0.000000
vn -0.980303 0.197502 0.000000
vn -0.999764 -0.021736 0.000000
vn -0.999764 -0.021736 0.000000
vn -0.976336 -0.216260 0.000000
vn -0.976336 -0.216260 0.000000
vn -0.673223 -0.739440 0.000000
vn -0.673223 -0.739440 0.000000
vn -0.673223 -0.739440 0.000000
vn -0.673223 -0.739440 0.000000
vn -0.178092 -0.984014 0.000000
vn -0.002436 -0.999997 0.000000
vn -0.002436 -0.999997 0.000000
vn -0.178092 -0.984014 0.000000
vn 0.002439 -0.999997 0.000000
vn 0.002439 -0.999997 0.000000
vn 0.194978 -0.980808 0.000000
vn 0.194978 -0.980808 0.000000
vn 0.707853 -0.706359 0.000000
vn 0.707853 -0.706359 0.000000
vn 0.707853 -0.706359 0.000000
vn 0.707853 -0.706359 0.000000
vn 0.980325 -0.197391 0.000000
vn 0.999805 -0.019759 0.000000
vn 0.999805 -0.019759 0.000000
vn 0.980325 -0.197391 0.000000
vn 0.999808 0.019568 0.000000
vn 0.999808 0.019568 0.000000
vn 0.983640 0.180147 0.000000
vn 0.983640 0.180147 0.000000
vn 0.740151 0.672441 0.000000
vn 0.740151 0.672441 0.000000
vn 0.740151 0.672441 0.000000
vn 0.740151 0.672441 0.000000
vn 0.215683 0.976464 0.000000
vn 0.121426 0.992601 0.000000
vn 0.121426 0.992601 0.000000
vn 0.215683 0.976464 0.000000
vn 0.120471 0.992717 0.000000
vn 0.120471 0.992717 0.000000
vn 0.195494 0.980705 0.000000
vn 0.195494 0.980705 0.000000
vn 0.708001 0.706211 0.000000
vn 0.708001 0.706211 0.000000
vn 0.708001 0.706211 0.000000
vn 0.708001 0.706211 0.000000
vn 0.980325 0.197391 0.000000
vn 0.999999 0.001745 0.000000
vn 0.999999 0.001745 0.000000
vn 0.980325 0.197391 0.000000
vn 1.000000 0.000000 0.000000
vn 1.000000 0.000000 0.000000
vn 0.684081 -0.729406 0.000000
vn 0.658841 -0.752283 0.000000
vn 0.658841 -0.752283 0.000000
vn 0.684081 -0.729406 0.000000
vn 0.581707 -0.813399 0.000000
vn 0.581707 -0.813399 0.000000
vn 0.387365 -0.921926 0.000000
vn 0.387365 -0.921926 0.000000
vn 0.309298 -0.950965 0.000000
vn 0.309298 -0.950965 0.000000
vn 0.156839 -0.987624 0.000000
vn 0.156839 -0.987624 0.000000
vn -0.115309 -0.993330 0.000000
vn -0.115309 -0.993330 0.000000
vn -0.238461 -0.971152 0.000000
vn -0.238461 -0.971152 0.000000
vn -0.775289 -0.631607 0.000000
vn -0.926152 -0.377151 0.000000
vn -0.926152 -0.377151 0.000000
vn -0.775289 -0.631607 0.000000
vn -0.999430 -0.033748 0.000000
vn -0.999430 -0.033748 0.000000
vn -0.999997 0.002308 0.000000
vn -0.999997 0.002308 0.000000
vn -0.981080 0.193603 0.000000
vn -0.981080 0.193603 0.000000
vn -0.705601 0.708609 0.000000
vn -0.705601 0.708609 0.000000
vn -0.705601 0.708609 0.000000
vn -0.705601 0.708609 0.000000
vn -0.195501 0.980704 0.000000
vn -0.120492 0.992714 0.000000
vn -0.120492 0.992714 0.000000
vn -0.195501 0.980704 0.000000
vn -0.121426 0.992601 0.000000
vn -0.121426 0.992601 0.000000
vn -0.214862 0.976644 0.000000
vn -0.214862 0.976644 0.000000
vn -0.742393 0.669965 0.000000
vn -0.742393 0.669965 0.000000
vn -0.742393 0.669965 0.000000
vn -0.742393 0.669965 0.000000
vn -0.983640 0.180147 0.000000
vn -0.999808 0.019568 0.000000
vn -0.999808 0.019568 0.000000
vn -0.983640 0.180147 0.000000
vn -0.999805 -0.019759 0.000000
vn -0.999805 -0.019759 0.000000
vn -0.980325 -0.197391 0.000000
vn -0.980325 -0.197391 0.000000
vn -0.710221 -0.703979 0.000000
vn -0.710221 -0.703979 0.000000
vn -0.710221 -0.703979 0.000000
vn -0.710221 -0.703979 0.000000
vn -0.194230 -0.980956 0.000000
vn -0.002576 -0.999997 0.000000
vn -0.002576 -0.999997 0.000000
vn -0.194230 -0.980956 0.000000
vn 0.002576 -0.999997 0.000000
vn 0.002576 -0.999997 0.000000
vn 0.195738 -0.980656 0.000000
vn 0.195738 -0.980656 0.000000
vn 0.705453 -0.708757 0.000000
vn 0.705453 -0.708757 0.000000
vn 0.705453 -0.708757 0.000000
vn 0.705453 -0.708757 0.000000
vn 0.981080 -0.193603 0.000000
vn 0.999813 -0.019365 0.000000
vn 0.999813 -0.019365 0.000000
vn 0.981080 -0.193603 0.000000
vn 0.999816 0.019178 0.000000
vn 0.999816 0.019178 0.000000
vn 0.984271 0.176668 0.000000
vn 0.984271 0.176668 0.000000
vn 0.737875 0.674938 0.000000
vn 0.737875 0.674938 0.000000
vn 0.737875 0.674938 0.000000
vn 0.737875 0.674938 0.000000
vn 0.216516 0.976279 0.000000
vn 0.121447 0.992598 0.000000
vn 0.121447 0.992598 0.000000
vn 0.216516 0.976279 0.000000
vn 0.120450 0.992719 0.000000
vn 0.120450 0.992719 0.000000
vn 0.194748 0.980853 0.000000
vn 0.194748 0.980853 0.000000
vn 0.708001 0.706211 0.000000
vn 0.708001 0.706211 0.000000
vn 0.708001 0.706211 0.000000
vn 0.708001 0.706211 0.000000
vn 0.981080 0.193603 0.000000
vn 0.999998 0.002034 0.000000
vn 0.999998 0.002034 0.000000
vn 0.981080 0.193603 0.000000
vn 0.999999 0.001569 0.000000
vn 0.999999 0.001569 0.000000
vn 0.998602 0.052858 0.000000
vn 0.998602 0.052858 0.000000
vn 0.991735 0.128305 0.000000
vn 0.991735 0.128305 0.000000
vn 0.983856 0.178961 0.000000
vn 0.983856 0.178961 0.000000
vn 0.445163 -0.895450 0.000000
vn 0.352466 -0.935825 0.000000
vn 0.352466 -0.935825 0.000000
vn 0.445163 -0.895450 0.000000
vn 0.167793 -0.985822 0.000000
vn 0.167793 -0.985822 0.000000
vn -0.102162 -0.994768 0.000000
vn -0.102162 -0.994768 0.000000
vn -0.228848 -0.973462 0.000000
vn -0.228848 -0.973462 0.000000
vn -0.761649 -0.647990 0.000000
vn -0.761649 -0.647990 0.000000
vn -0.761649 -0.647990 0.000000
vn -0.761649 -0.647990 0.000000
vn -0.985850 -0.167629 0.000000
vn -0.999357 -0.035861 0.000000
vn -0.999357 -0.035861 0.000000
vn -0.985850 -0.167629 0.000000
vn -0.999997 0.002358 0.000000
vn -0.999997 0.002358 0.000000
vn -0.981080 0.193603 0.000000
vn -0.981080 0.193603 0.000000
vn -0.708001 0.706211 0.000000
vn -0.708001 0.706211 0.000000
vn -0.708001 0.706211 0.000000
vn -0.708001 0.706211 0.000000
vn -0.193987 0.981004 0.000000
vn -0.120449 0.992720 0.000000
vn -0.120449 0.992720 0.000000
vn -0.193987 0.981004 0.000000
vn -0.121469 0.992595 0.000000
vn -0.121469 0.992595 0.000000
vn -0.216516 0.976279 0.000000
vn -0.216516 0.976279 0.000000
vn -0.737913 0.674896 0.000000
vn -0.737913 0.674896 0.000000
vn -0.737913 0.674896 0.000000
vn -0.737913 0.674896 0.000000
vn -0.984271 0.176668 0.000000
vn -0.999816 0.019178 0.000000
vn -0.999816 0.019178 0.000000
vn -0.984271 0.176668 0.000000
vn -0.999813 -0.019365 0.000000
vn -0.999813 -0.019365 0.000000
vn -0.981080 -0.193603 0.000000
vn -0.981080 -0.193603 0.000000
vn -0.705494 -0.708716 0.000000
vn -0.705494 -0.708716 0.000000
vn -0.705494 -0.708716 0.000000
vn -0.705494 -0.708716 0.000000
vn -0.195738 -0.980656 0.000000
vn -0.002494 -0.999997 0.000000
vn -0.002494 -0.999997 0.000000
vn -0.195738 -0.980656 0.000000
vn 0.002491 -0.999997 0.000000
vn 0.002491 -0.999997 0.000000
vn 0.178412 -0.983956 0.000000
vn 0.178412 -0.983956 0.000000
vn 0.673204 -0.739457 0.000000
vn 0.673204 -0.739457 0.000000
vn 0.673204 -0.739457 0.000000
vn 0.673204 -0.739457 0.000000
vn 0.976336 -0.216260 0.000000
vn 0.999764 -0.021736 0.000000
vn 0.999764 -0.021736 0.000000
vn 0.976336 -0.216260 0.000000
vn 0.999768 0.021526 0.000000
vn 0.999768 0.021526 0.000000
vn 0.980303 0.197502 0.000000
vn 0.980303 0.197502 0.000000
vn 0.707092 0.707122 0.000000
vn 0.707092 0.707122 0.000000
vn 0.707092 0.707122 0.000000
vn 0.707092 0.707122 0.000000
vn 0.197500 0.980303 0.000000
vn 0.108902 0.994053 0.000000
vn 0.108902 0.994053 0.000000
vn 0.197500 0.980303 0.000000
vn 0.108437 0.994103 0.000000
vn 0.108437 0.994103 0.000000
vn 0.194735 0.980856 0.000000
vn 0.194735 0.980856 0.000000
vn 0.705642 0.708569 0.000000
vn 0.705642 0.708569 0.000000
vn 0.705642 0.708569 0.000000
vn 0.705642 0.708569 0.000000
vn 0.981080 0.193603 0.000000
vn 0.999998 0.002084 0.000000
vn 0.999998 0.002084 0.000000
vn 0.981080 0.193603 0.000000
vn 0.999099 0.042446 0.000000
vn 0.999099 0.042446 0.000000
vn 0.984797 0.173708 0.000000
vn 0.984797 0.173708 0.000000
vn 0.749851 0.661607 0.000000
vn 0.749851 0.661607 0.000000
vn 0.749851 0.661607 0.000000
vn 0.749851 0.661607 0.000000
vn 0.221194 0.975230 0.000000
vn 0.075337 0.997158 0.000000
vn 0.075337 0.997158 0.000000
vn 0.221194 0.975230 0.000000
vn -0.240714 0.970596 0.000000
vn -0.240714 0.970596 0.000000
vn -0.462256 0.886746 0.000000
vn -0.462256 0.886746 0.000000
vn -0.555876 0.831265 0.000000
vn -0.555876 0.831265 0.000000
vn 0.788413 0.615146 0.000000
vn 0.663988 0.747744 0.000000
vn 0.663988 0.747744 0.000000
vn 0.788413 0.615146 0.000000
vn 0.330622 0.943763 0.000000
vn 0.330622 0.943763 0.000000
vn 0.000000 0.000000 1.000000
vn 0.000000 0.000000 1.000000
vn 0.000000 0.000000 1.000000
vn 0.000000 0.000000 1.000000
vn 0.000000 0.000000 1.000000
vn 0.000000 0.000000 1.000000
vn 0.000000 0.000000 1.000000
vn 0.000000 0.000000 1.000000
vn 0.000000 0.000000 1.000000
vn 0.000000 0.000000 1.000000
vn 0.000000 0.000000 1.000000
vn 0.000000 0.000000 1.000000
vn 0.000000 0.000000 1.000000
vn 0.000000 0.000000 1.000000
vn 0.000000 0.000000 1.000000
vn 0.000000 0.000000 1.000000
vn 0.000000 0.000000 1.000000
vn 0.000000 0.000000 1.000000
vn 0.000000 0.000000 1.000000
vn 0.000000 0.000000 1.000000
vn 0.000000 0.000000 1.000000
vn 0.000000 0.000000 1.000000
vn 0.000000 0.000000 1.000000
vn 0.000000 0.000000 1.000000
vn 0.000000 0.000000 1.000000
vn 0.000000 0.000000 1.000000
vn 0.000000 0.000000 1.000000
vn 0.000000 0.000000 1.000000
vn 0.000000 0.000000 1.000000
vn 0.000000 0.000000 1.000000
vn 0.000000 0.000000 1.000000
vn 0.000000 0.000000 1.000000
vn 0.000000 0.000000 1.000000
vn 0.000000 0.000000 1.000000
vn 0.000000 0.000000 1.000000
vn 0.000000 0.000000 1.000000
vn 0.000000 0.000000 1.000000
vn 0.000000 0.000000 1.000000
vn 0.000000 0.000000 1.000000
vn 0.000000 0.000000 1.000000
vn 0.000000 0.000000 1.000000
vn 0.000000 0.000000 1.000000
vn 0.000000 0.000000 1.000000
vn 0.000000 0.000000 1.000000
vn 0.000000 0.000000 1.000000
vn 0.000000 0.000000 1.000000
vn 0.000000 0.000000 1.000000
vn 0.000000 0.000000 1.000000
vn 0.000000 0.000000 1.000000
vn 0.000000 0.000000 1.000000
vn 0.000000 0.000000 1.000000
vn 0.000000 0.000000 1.000000
vn 0.000000 0.000000 1.000000
vn 0.000000 0.000000 1.000000
vn 0.000000 0.000000 1.000000
vn 0.000000 0.000000 1.000000
vn 0.000000 0.000000 1.000000
vn 0.000000 0.000000 1.000000
vn 0.000000 0.000000 1.000000
vn 0.000000 0.000000 1.000000
vn 0.000000 0.000000 1.000000
vn 0.000000 0.000000 1.000000
vn 0.000000 0.000000 1.000000
vn 0.000000 0.000000 1.000000
vn 0.000000 0.000000 1.000000
vn 0.000000 0.000000 1.000000
vn 0.000000 0.000000 1.000000
vn 0.000000 0.000000 1.000000
vn 0.000000 0.000000 1.000000
vn 0.000000 0.000000 1.000000
vn 0.000000 0.000000 1.000000
vn 0.000000 0.000000 1.000000
vn 0.000000 0.000000 1.000000
vn 0.000000 0.000000 1.000000
vn 0.000000 0.000000 1.000000
vn 0.000000 0.000000 1.000000
vn 0.000000 0.000000 1.000000
vn 0.000000 0.000000 1.000000
vn 0.000000 0.000000 1.000000
vn 0.000000 0.000000 1.000000
vn 0.000000 0.000000 1.000000
vn 0.000000 0.000000 1.000000
vn 0.000000 0.000000 1.000000
vn 0.000000 0.000000 1.000000
vn 0.000000 0.000000 1.000000
vn 0.000000 0.000000 1.000000
vn 0.000000 0.000000 1.000000
vn 0.000000 0.000000 1.000000
vn 0.000000 0.000000 1.000000
vn 0.000000 0.000000 1.000000
vn 0.000000 0.000000 1.000000
vn 0.000000 0.000000 1.000000
vn 0.000000 0.000000 1.000000
vn 0.000000 0.000000 1.000000
vn 0.000000 0.000000 1.000000
vn 0.000000 0.000000 1.000000
vn 0.000000 0.000000 1.000000
vn 0.000000 0.000000 1.000000
vn 0.000000 0.000000 1.000000
vn 0.000000 0.000000 1.000000
vn 0.000000 0.000000 1.000000
vn 0.000000 0.000000 1.000000
vn 0.000000 0.000000 1.000000
vn 0.000000 0.000000 1.000000
vn 0.000000 0.000000 1.000000
vn 0.000000 0.000000 1.000000
vn 0.000000 0.000000 1.000000
vn 0.000000 0.000000 1.000000
vn 0.000000 0.000000 1.000000
vn 0.000000 0.000000 1.000000
vn 0.000000 0.000000 1.000000
vn 0.000000 0.000000 1.000000
vn 0.000000 0.000000 1.000000
vn 0.000000 0.000000 1.000000
vn 0.000000 0.000000 1.000000
vn 0.000000 0.000000 1.000000
vn 0.000000 0.000000 1.000000
vn 0.000000 0.000000 1.000000
vn 0.000000 0.000000 1.000000
vn 0.000000 0.000000 1.000000
vn 0.000000 0.000000 1.000000
vn 0.000000 0.000000 1.000000
vn 0.000000 0.000000 1.000000
vn 0.000000 0.000000 1.000000
vn 0.000000 0.000000 1.000000
vn 0.000000 0.000000 1.000000
vn 0.000000 0.000000 1.000000
vn 0.000000 0.000000 1.000000
vn 0.000000 0.000000 1.000000
vn 0.000000 1.000000 0.000000
vn 0.000000 1.000000 0.000000
vn 0.000000 1.000000 0.000000
vn 0.000000 1.000000 0.000000
vn 0.000000 0.000000 -1.000000
vn 0.000000 0.000000 -1.000000
vn 0.000000 0.000000 -1.000000
vn 0.000000 0.000000 -1.000000
vn 1.000000 0.000000 0.000000
vn 1.000000 0.000000 0.000000
vn 1.000000 0.000000 0.000000
vn 1.000000 0.000000 0.000000
vn -1.000000 0.000000 0.000000
vn -1.000000 0.000000 0.000000
vn -1.000000 0.000000 0.000000
vn -1.000000 0.000000 0.000000
vn -1.000000 0.000000 0.000000
vn -1.000000 0.000000 0.000000
vn -1.000000 0.000000 0.000000
vn -1.000000 0.000000 0.000000
vn 0.000000 1.000000 0.000000
vn 0.000000 1.000000 0.000000
vn 0.000000 1.000000 0.000000
vn 0.000000 1.000000 0.000000
vn 1.000000 0.000000 0.000000
vn 1.000000 0.000000 0.000000
vn 1.000000 0.000000 0.000000
vn 1.000000 0.000000 0.000000
vn 0.000000 -1.000000 0.000000
vn 0.000000 -1.000000 0.000000
vn 0.000000 -1.000000 0.000000
vn 0.000000 -1.000000 0.000000
vn 0.000000 0.000000 1.000000
vn 0.000000 0.000000 1.000000
vn 0.000000 0.000000 1.000000
vn 0.000000 0.000000 1.000000
vn 0.000000 0.000000 -1.000000
vn 0.000000 0.000000 -1.000000
vn 0.000000 0.000000 -1.000000
vn 0.000000 0.000000 -1.000000
vn 0.000000 1.000000 0.000000
vn -0.232727 0.972542 0.000000
vn -0.232727 0.972542 0.000000
vn 0.000000 1.000000 0.000000
vn -0.481431 0.876484 0.000000
vn -0.481431 0.876484 0.000000
vn -0.697030 0.717042 0.000000
vn -0.697030 0.717042 0.000000
vn -0.865701 0.500562 0.000000
vn -0.865701 0.500562 0.000000
vn -0.970394 0.241526 0.000000
vn -0.970394 0.241526 0.000000
vn -1.000000 -0.000000 0.000000
vn -1.000000 -0.000000 0.000000
vn -0.970417 -0.241435 0.000000
vn -0.970417 -0.241435 0.000000
vn -0.865701 -0.500562 0.000000
vn -0.865701 -0.500562 0.000000
vn -0.697030 -0.717042 0.000000
vn -0.697030 -0.717042 0.000000
vn -0.481431 -0.876484 0.000000
vn -0.481431 -0.876484 0.000000
vn -0.232772 -0.972531 0.000000
vn -0.232772 -0.972531 0.000000
vn 0.000000 -1.000000 0.000000
vn 0.000000 -1.000000 0.000000
vn 0.233513 -0.972354 0.000000
vn 0.233513 -0.972354 0.000000
vn 0.484887 -0.874577 0.000000
vn 0.484887 -0.874577 0.000000
vn 0.702113 -0.712066 0.000000
vn 0.702113 -0.712066 0.000000
vn 0.869241 -0.494389 0.000000
vn 0.869241 -0.494389 0.000000
vn 0.971270 -0.237980 0.000000
vn 0.971270 -0.237980 0.000000
vn 1.000000 0.000000 0.000000
vn 1.000000 0.000000 0.000000
vn 0.971248 0.238069 0.000000
vn 0.971248 0.238069 0.000000
vn 0.869241 0.494389 0.000000
vn 0.869241 0.494389 0.000000
vn 0.702113 0.712066 0.000000
vn 0.702113 0.712066 0.000000
vn 0.484887 0.874577 0.000000
vn 0.484887 0.874577 0.000000
vn 0.233468 0.972365 0.000000
vn 0.233468 0.972365 0.000000
vn -0.000002 0.000000 1.000000
vn -0.000002 0.000000 1.000000
vn -0.000002 0.000000 1.000000
vn -0.000002 0.000000 1.000000
vn -0.000002 0.000000 1.000000
vn -0.000002 0.000000 1.000000
vn -0.000002 0.000000 1.000000
vn -0.000002 0.000000 1.000000
vn -0.000002 0.000000 1.000000
vn -0.000002 0.000000 1.000000
vn -0.000002 0.000000 1.000000
vn -0.000002 0.000000 1.000000
vn -0.000002 0.000000 1.000000
vn -0.000002 0.000000 1.000000
vn -0.000002 0.000000 1.000000
vn -0.000002 0.000000 1.000000
vn -0.000002 0.000000 1.000000
vn -0.000002 0.000000 1.000000
vn -0.000002 0.000000 1.000000
vn -0.000002 0.000000 1.000000
vn -0.000002 0.000000 1.000000
vn -0.000002 0.000000 1.000000
vn -0.000002 0.000000 1.000000
vn -0.000002 0.000000 1.000000
vn 0.176463 0.984307 0.000000
vn -0.064503 0.997918 0.000000
vn -0.064503 0.997918 0.000000
vn 0.176463 0.984307 0.000000
vn -0.135915 0.990721 0.000000
vn -0.135915 0.990721 0.000000
vn -0.250646 0.968079 0.000000
vn -0.250646 0.968079 0.000000
vn -0.341950 0.939718 0.000000
vn -0.341950 0.939718 0.000000
vn -0.482139 0.876095 0.000000
vn -0.482139 0.876095 0.000000
vn -0.552875 0.833264 0.000000
vn -0.552875 0.833264 0.000000
vn 1.000000 0.000000 0.000000
vn 0.999929 0.011945 0.000000
vn 0.999929 0.011945 0.000000
vn 1.000000 0.000000 0.000000
vn 0.980335 0.197343 0.000000
vn 0.980335 0.197343 0.000000
vn 0.709184 0.705024 0.000000
vn 0.709184 0.705024 0.000000
vn 0.709184 0.705024 0.000000
vn 0.709184 0.705024 0.000000
vn 0.194130 0.980976 0.000000
vn 0.017634 0.999845 0.000000
vn 0.017634 0.999845 0.000000
vn 0.194130 0.980976 0.000000
vn -0.003767 0.999993 0.000000
vn -0.003767 0.999993 0.000000
vn -0.131209 0.991355 0.000000
vn -0.131209 0.991355 0.000000
vn -0.163141 0.986603 0.000000
vn -0.163141 0.986603 0.000000
vn -0.164601 0.986360 0.000000
vn -0.164601 0.986360 0.000000
vn -0.165883 0.986145 0.000000
vn -0.165883 0.986145 0.000000
vn -0.244824 0.969568 0.000000
vn -0.244824 0.969568 0.000000
vn -0.778817 0.627252 0.000000
vn -0.928517 0.371289 0.000000
vn -0.928517 0.371289 0.000000
vn -0.778817 0.627252 0.000000
vn -0.999859 0.016791 0.000000
vn -0.999859 0.016791 0.000000
vn -0.999727 -0.023386 0.000000
vn -0.999727 -0.023386 0.000000
vn -0.976338 -0.216252 0.000000
vn -0.976338 -0.216252 0.000000
vn -0.673372 -0.739304 0.000000
vn -0.673372 -0.739304 0.000000
vn -0.673372 -0.739304 0.000000
vn -0.673372 -0.739304 0.000000
vn -0.178192 -0.983996 0.000000
vn -0.117421 -0.993082 0.000000
vn -0.117421 -0.993082 0.000000
vn -0.178192 -0.983996 0.000000
vn -0.117854 -0.993031 0.000000
vn -0.117854 -0.993031 0.000000
vn -0.195735 -0.980657 0.000000
vn -0.195735 -0.980657 0.000000
vn -0.706811 -0.707403 0.000000
vn -0.706811 -0.707403 0.000000
vn -0.706811 -0.707403 0.000000
vn -0.706811 -0.707403 0.000000
vn -0.980695 -0.195545 0.000000
vn -0.999999 -0.001623 0.000000
vn -0.999999 -0.001623 0.000000
vn -0.980695 -0.195545 0.000000
vn -0.999999 0.001623 0.000000
vn -0.999999 0.001623 0.000000
vn -0.980704 0.195498 0.000000
vn -0.980704 0.195498 0.000000
vn -0.706811 0.707403 0.000000
vn -0.706811 0.707403 0.000000
vn -0.706811 0.707403 0.000000
vn -0.706811 0.707403 0.000000
vn -0.195498 0.980704 0.000000
vn -0.101213 0.994865 0.000000
vn -0.101213 0.994865 0.000000
vn -0.195498 0.980704 0.000000
vn -0.101659 0.994819 0.000000
vn -0.101659 0.994819 0.000000
vn -0.197497 0.980304 0.000000
vn -0.197497 0.980304 0.000000
vn -0.707106 0.707108 0.000000
vn -0.707106 0.707108 0.000000
vn -0.707106 0.707108 0.000000
vn -0.707106 0.707108 0.000000
vn -0.980304 0.197495 0.000000
vn -0.999768 0.021525 0.000000
vn -0.999768 0.021525 0.000000
vn -0.980304 0.197495 0.000000
vn -0.999764 -0.021735 0.000000
vn -0.999764 -0.021735 0.000000
vn -0.976338 -0.216252 0.000000
vn -0.976338 -0.216252 0.000000
vn -0.673218 -0.739444 0.000000
vn -0.673218 -0.739444 0.000000
vn -0.673218 -0.739444 0.000000
vn -0.673218 -0.739444 0.000000
vn -0.178410 -0.983956 0.000000
vn -0.002384 -0.999997 0.000000
vn -0.002384 -0.999997 0.000000
vn -0.178410 -0.983956 0.000000
vn 0.002384 -0.999997 0.000000
vn 0.002384 -0.999997 0.000000
vn 0.178410 -0.983956 0.000000
vn 0.178410 -0.983956 0.000000
vn 0.673223 -0.739440 0.000000
vn 0.673223 -0.739440 0.000000
vn 0.673223 -0.739440 0.000000
vn 0.673223 -0.739440 0.000000
vn 0.976336 -0.216260 0.000000
vn 0.999764 -0.021736 0.000000
vn 0.999764 -0.021736 0.000000
vn 0.976336 -0.216260 0.000000
vn 0.999768 0.021526 0.000000
vn 0.999768 0.021526 0.000000
vn 0.980303 0.197502 0.000000
vn 0.980303 0.197502 0.000000
vn 0.707110 0.707103 0.000000
vn 0.707110 0.707103 0.000000
vn 0.707110 0.707103 0.000000
vn 0.707110 0.707103 0.000000
vn 0.197497 0.980304 0.000000
vn 0.112078 0.993699 0.000000
vn 0.112078 0.993699 0.000000
vn 0.197497 0.980304 0.000000
vn 0.111622 0.993751 0.000000
vn 0.111622 0.993751 0.000000
vn 0.195117 0.980780 0.000000
vn 0.195117 0.980780 0.000000
vn 0.706811 0.707403 0.000000
vn 0.706811 0.707403 0.000000
vn 0.706811 0.707403 0.000000
vn 0.706811 0.707403 0.000000
vn 0.980704 0.195498 0.000000
vn 0.999999 0.001727 0.000000
vn 0.999999 0.001727 0.000000
vn 0.980704 0.195498 0.000000
vn 1.000000 0.000000 0.000000
vn 1.000000 0.000000 0.000000
vn 0.801104 -0.598525 0.000000
vn 0.706641 -0.707573 0.000000
vn 0.706641 -0.707573 0.000000
vn 0.801104 -0.598525 0.000000
vn 0.553390 -0.832922 0.000000
vn 0.553390 -0.832922 0.000000
vn 0.383843 -0.923399 0.000000
vn 0.383843 -0.923399 0.000000
vn 0.294545 -0.955638 0.000000
vn 0.294545 -0.955638 0.000000
vn 0.139353 -0.990243 0.000000
vn 0.139353 -0.990243 0.000000
vn -0.009383 -0.999956 0.000000
vn -0.009383 -0.999956 0.000000
vn -0.222025 -0.975041 0.000000
vn -0.222025 -0.975041 0.000000
vn -0.513759 -0.857935 0.000000
vn -0.513759 -0.857935 0.000000
vn -0.783774 -0.621046 0.000000
vn -0.783774 -0.621046 0.000000
vn -0.939556 -0.342394 0.000000
vn -0.939556 -0.342394 0.000000
vn -0.989890 -0.141839 0.000000
vn -0.989890 -0.141839 0.000000
vn -0.999967 -0.008071 0.000000
vn -0.999967 -0.008071 0.000000
vn -0.999997 0.002331 0.000000
vn -0.999997 0.002331 0.000000
vn -0.980704 0.195498 0.000000
vn -0.980704 0.195498 0.000000
vn -0.706811 0.707403 0.000000
vn -0.706811 0.707403 0.000000
vn -0.706811 0.707403 0.000000
vn -0.706811 0.707403 0.000000
vn -0.195501 0.980704 0.000000
vn -0.111631 0.993750 0.000000
vn -0.111631 0.993750 0.000000
vn -0.195501 0.980704 0.000000
vn -0.112078 0.993699 0.000000
vn -0.112078 0.993699 0.000000
vn -0.197497 0.980304 0.000000
vn -0.197497 0.980304 0.000000
vn -0.707110 0.707103 0.000000
vn -0.707110 0.707103 0.000000
vn -0.707110 0.707103 0.000000
vn -0.707110 0.707103 0.000000
vn -0.980303 0.197502 0.000000
vn -0.999768 0.021526 0.000000
vn -0.999768 0.021526 0.000000
vn -0.980303 0.197502 0.000000
vn -0.999764 -0.021736 0.000000
vn -0.999764 -0.021736 0.000000
vn -0.976336 -0.216260 0.000000
vn -0.976336 -0.216260 0.000000
vn -0.673223 -0.739440 0.000000
vn -0.673223 -0.739440 0.000000
vn -0.673223 -0.739440 0.000000
vn -0.673223 -0.739440 0.000000
vn -0.178410 -0.983956 0.000000
vn -0.002436 -0.999997 0.000000
vn -0.002436 -0.999997 0.000000
vn -0.178410 -0.983956 0.000000
vn 0.002439 -0.999997 0.000000
vn 0.002439 -0.999997 0.000000
vn 0.194603 -0.980882 0.000000
vn 0.194603 -0.980882 0.000000
vn 0.709036 -0.705172 0.000000
vn 0.709036 -0.705172 0.000000
vn 0.709036 -0.705172 0.000000
vn 0.709036 -0.705172 0.000000
vn 0.980325 -0.197391 0.000000
vn 0.999805 -0.019759 0.000000
vn 0.999805 -0.019759 0.000000
vn 0.980325 -0.197391 0.000000
vn 0.999808 0.019568 0.000000
vn 0.999808 0.019568 0.000000
vn 0.983640 0.180147 0.000000
vn 0.983640 0.180147 0.000000
vn 0.741271 0.671206 0.000000
vn 0.741271 0.671206 0.000000
vn 0.741271 0.671206 0.000000
vn 0.741271 0.671206 0.000000
vn 0.215272 0.976554 0.000000
vn 0.109310 0.994008 0.000000
vn 0.109310 0.994008 0.000000
vn 0.215272 0.976554 0.000000
vn 0.108446 0.994102 0.000000
vn 0.108446 0.994102 0.000000
vn 0.195117 0.980780 0.000000
vn 0.195117 0.980780 0.000000
vn 0.706811 0.707403 0.000000
vn 0.706811 0.707403 0.000000
vn 0.706811 0.707403 0.000000
vn 0.706811 0.707403 0.000000
vn 0.981083 0.193586 0.000000
vn 0.999998 0.002049 0.000000
vn 0.999998 0.002049 0.000000
vn 0.981083 0.193586 0.000000
vn 0.999108 0.042234 0.000000
vn 0.999108 0.042234 0.000000
vn 0.984561 0.175043 0.000000
vn 0.984561 0.175043 0.000000
vn 0.747413 0.664359 0.000000
vn 0.747413 0.664359 0.000000
vn 0.747413 0.664359 0.000000
vn 0.747413 0.664359 0.000000
vn 0.219450 0.975624 0.000000
vn 0.219450 0.975624 0.000000
vn 0.000000 0.000000 1.000000
vn 0.000000 0.000000 1.000000
vn 0.000000 0.000000 1.000000
vn 0.000000 0.000000 1.000000
vn 0.000000 0.000000 1.000000
vn 0.000000 0.000000 1.000000
vn 0.000000 0.000000 1.000000
vn 0.000000 0.000000 1.000000
vn 0.000000 0.000000 1.000000
vn 0.000000 0.000000 1.000000
vn 0.000000 0.000000 1.000000
vn 0.000000 0.000000 1.000000
vn 0.000000 0.000000 1.000000
vn 0.000000 0.000000 1.000000
vn 0.000000 0.000000 1.000000
vn 0.000000 0.000000 1.000000
vn 0.000000 0.000000 1.000000
vn 0.000000 0.000000 1.000000
vn 0.000000 0.000000 1.000000
vn 0.000000 0.000000 1.000000
vn 0.000000 0.000000 1.000000
vn 0.000000 0.000000 1.000000
vn 0.000000 0.000000 1.000000
vn 0.000000 0.000000 1.000000
vn 0.000000 0.000000 1.000000
vn 0.000000 0.000000 1.000000
vn 0.000000 0.000000 1.000000
vn 0.000000 0.000000 1.000000
vn 0.000000 0.000000 1.000000
vn 0.000000 0.000000 1.000000
vn 0.000000 0.000000 1.000000
vn 0.000000 0.000000 1.000000
vn 0.000000 0.000000 1.000000
vn 0.000000 0.000000 1.000000
vn 0.000000 0.000000 1.000000
vn 0.000000 0.000000 1.000000
vn 0.000000 0.000000 1.000000
vn 0.000000 0.000000 1.000000
vn 0.000000 0.000000 1.000000
vn 0.000000 0.000000 1.000000
vn 0.000000 0.000000 1.000000
vn 0.000000 0.000000 1.000000
vn 0.000000 0.000000 1.000000
vn 0.000000 0.000000 1.000000
vn 0.000000 0.000000 1.000000
vn 0.000000 0.000000 1.000000
vn 0.000000 0.000000 1.000000
vn 0.000000 0.000000 1.000000
vn 0.000000 0.000000 1.000000
vn 0.000000 0.000000 1.000000
vn 0.000000 0.000000 1.000000
vn 0.000000 0.000000 1.000000
vn 0.000000 0.000000 1.000000
vn 0.000000 0.000000 1.000000
vn 0.000000 0.000000 1.000000
vn 0.000000 0.000000 1.000000
vn 0.000000 0.000000 1.000000
vn 0.000000 0.000000 1.000000
vn 0.000000 0.000000 1.000000
vn 0.000000 0.000000 1.000000
vn 0.000000 0.000000 1.000000
vn 0.000000 0.000000 1.000000
vn 0.000000 0.000000 1.000000
vn 0.000000 0.000000 1.000000
vn 0.000000 0.000000 1.000000
vn 0.000000 0.000000 1.000000
vn 0.000000 0.000000 1.000000
vn 0.000000 0.000000 1.000000
vn 0.000000 0.000000 1.000000
vn 0.000000 0.000000 1.000000
vn 0.000000 0.000000 1.000000
vn 0.000000 0.000000 1.000000
vn 0.000000 0.000000 1.000000
vn 0.000000 0.000000 1.000000
vn 0.000000 0.000000 1.000000
vn 0.000000 0.000000 1.000000
vn 0.000000 0.000000 1.000000
vn 0.000000 0.000000 1.000000
vn 0.000000 0.000000 1.000000
vn 0.000000 0.000000 1.000000
vn 0.000000 0.000000 1.000000
vn 0.000000 0.000000 1.000000
vn 0.000000 0.000000 1.000000
vn 0.000000 0.000000 1.000000
vn 0.000000 0.000000 1.000000
vn 0.000000 0.000000 1.000000
vn 0.000000 0.000000 1.000000
vn 0.000000 0.000000 1.000000
vn 0.000000 0.000000 1.000000
vn 0.000000 0.000000 1.000000
vn 0.000000 0.000000 1.000000
s off
g group1 Teatro
usemtl lambert4SG
f 2227/4148/4050 2228/4149/4051 2230/4150/4052 2229/4151/4053
f 2231/4152/4054 2232/4153/4055 2234/4154/4056 2233/4155/4057
f 2235/4156/4058 2236/4157/4059 2238/4158/4060 2237/4159/4061
s 1
f 2264/4160/4062 2245/4161/4063 2246/4162/4064 2263/4163/4065
s 2
f 2240/4164/4066 2239/4165/4067 2254/4166/4068 2255/4167/4069
s off
f 2246/4168/4070 2245/4169/4071 2250/4170/4072 2249/4171/4073
s 3
f 2265/4172/4074 2250/4173/4075 2245/4174/4076 2264/4175/4077
s off
f 2251/4176/4078 2248/4177/4079 2247/4178/4080 2252/4179/4081
s 4
f 2249/4180/4082 2262/4181/4083 2263/4182/4084 2246/4183/4085
s 5
f 2250/4184/4086 2242/4185/4087 2241/4186/4088 2249/4187/4089
f 2266/4188/4090 2242/4185/4087 2250/4184/4086 2265/4189/4091
f 2243/4190/4092 2251/4191/4093 2252/4192/4094 2244/4193/4095
f 2241/4186/4088 2261/4194/4096 2262/4195/4097 2249/4187/4089
s 6
f 2266/4196/4098 2257/4197/4099 2253/4198/4100 2242/4199/4101
s 2
f 2254/4166/4068 2243/4200/4102 2244/4201/4103 2255/4167/4069
s 7
f 2256/4202/4104 2260/4203/4105 2261/4204/4106 2241/4205/4107
s off
f 2242/4206/4108 2253/4207/4109 2256/4208/4110 2241/4209/4111
s 6
f 2239/4210/4112 2258/4211/4113 2257/4197/4099 2254/4212/4114
s 7
f 2260/4203/4105 2259/4213/4115 2240/4214/4116 2255/4215/4117
f 2261/4204/4106 2260/4203/4105 2255/4215/4117 2244/4216/4118
s 5
f 2262/4195/4097 2261/4194/4096 2244/4193/4095 2252/4192/4094
s 4
f 2263/4182/4084 2262/4181/4083 2252/4217/4119 2247/4218/4120
s 1
f 2248/4219/4121 2264/4160/4062 2263/4163/4065 2247/4220/4122
s 3
f 2251/4221/4123 2265/4172/4074 2264/4175/4077 2248/4222/4124
s 5
f 2243/4190/4092 2266/4188/4090 2265/4189/4091 2251/4191/4093
s 6
f 2254/4212/4114 2257/4197/4099 2266/4196/4098 2243/4223/4125
s off
f 2257/4224/4126 2258/4225/4127 2259/4226/4128 2260/4227/4129
f 2253/4228/4130 2257/4229/4131 2260/4230/4132 2256/4231/4133
f 2267/4232/4134 2268/4233/4135 2270/4234/4136 2269/4235/4137
s 8
f 2271/4236/4138 2272/4237/4139 2416/4238/4140 2415/4239/4141
f 2272/4237/4139 2273/4240/4142 2417/4241/4143 2416/4238/4140
f 2273/4240/4142 2274/4242/4144 2418/4243/4145 2417/4241/4143
f 2274/4242/4144 2275/4244/4146 2419/4245/4147 2418/4243/4145
f 2275/4244/4146 2276/4246/4148 2420/4247/4149 2419/4245/4147
f 2276/4246/4148 2277/4248/4150 2421/4249/4151 2420/4247/4149
f 2277/4248/4150 2278/4250/4152 2422/4251/4153 2421/4249/4151
f 2278/4252/4152 2279/4253/4154 2423/4254/4155 2422/4255/4153
f 2279/4253/4154 2280/4256/4156 2424/4257/4157 2423/4254/4155
f 2280/4256/4156 2281/4258/4158 2425/4259/4159 2424/4257/4157
f 2281/4258/4158 2282/4260/4160 2426/4261/4161 2425/4259/4159
f 2282/4260/4160 2283/4262/4162 2427/4263/4163 2426/4261/4161
f 2283/4262/4162 2284/4264/4164 2428/4265/4165 2427/4263/4163
f 2284/4264/4164 2285/4266/4166 2429/4267/4167 2428/4265/4165
f 2285/4266/4166 2286/4268/4168 2430/4269/4169 2429/4267/4167
f 2286/4268/4168 2287/4270/4170 2431/4271/4171 2430/4269/4169
f 2287/4270/4170 2288/4272/4172 2432/4273/4173 2431/4271/4171
f 2288/4272/4172 2289/4274/4174 2433/4275/4175 2432/4273/4173
f 2289/4274/4174 2290/4276/4176 2434/4277/4177 2433/4275/4175
f 2290/4276/4176 2291/4278/4178 2435/4279/4179 2434/4277/4177
f 2291/4278/4178 2292/4280/4180 2436/4281/4181 2435/4279/4179
f 2292/4280/4180 2293/4282/4182 2437/4283/4183 2436/4281/4181
f 2293/4282/4182 2294/4284/4184 2438/4285/4185 2437/4283/4183
f 2294/4284/4184 2295/4286/4186 2439/4287/4187 2438/4285/4185
f 2295/4286/4186 2296/4288/4188 2440/4289/4189 2439/4287/4187
f 2296/4288/4188 2297/4290/4190 2441/4291/4191 2440/4289/4189
f 2297/4290/4190 2298/4292/4192 2442/4293/4193 2441/4291/4191
f 2298/4292/4192 2299/4294/4194 2443/4295/4195 2442/4293/4193
f 2299/4294/4194 2300/4296/4196 2444/4297/4197 2443/4295/4195
f 2300/4296/4196 2301/4298/4198 2445/4299/4199 2444/4297/4197
f 2301/4300/4198 2302/4301/4200 2446/4302/4201 2445/4303/4199
f 2302/4301/4200 2303/4304/4202 2447/4305/4203 2446/4302/4201
f 2303/4304/4202 2304/4306/4204 2448/4307/4205 2447/4305/4203
f 2304/4306/4204 2305/4308/4206 2449/4309/4207 2448/4307/4205
f 2305/4308/4206 2306/4310/4208 2450/4311/4209 2449/4309/4207
f 2306/4310/4208 2307/4312/4210 2451/4313/4211 2450/4311/4209
f 2307/4312/4210 2308/4314/4212 2452/4315/4213 2451/4313/4211
f 2308/4314/4212 2309/4316/4214 2453/4317/4215 2452/4315/4213
f 2309/4316/4214 2310/4318/4216 2454/4319/4217 2453/4317/4215
f 2310/4318/4216 2311/4320/4218 2455/4321/4219 2454/4319/4217
f 2311/4320/4218 2312/4322/4220 2456/4323/4221 2455/4321/4219
f 2312/4322/4220 2313/4324/4222 2457/4325/4223 2456/4323/4221
f 2313/4324/4222 2314/4326/4224 2458/4327/4225 2457/4325/4223
f 2314/4326/4224 2315/4328/4226 2459/4329/4227 2458/4327/4225
f 2315/4328/4226 2316/4330/4228 2460/4331/4229 2459/4329/4227
f 2316/4330/4228 2317/4332/4230 2461/4333/4231 2460/4331/4229
f 2317/4332/4230 2318/4334/4232 2462/4335/4233 2461/4333/4231
f 2318/4334/4232 2319/4336/4234 2463/4337/4235 2462/4335/4233
f 2319/4336/4234 2320/4338/4236 2464/4339/4237 2463/4337/4235
f 2320/4340/4236 2321/4341/4238 2465/4342/4239 2464/4343/4237
f 2321/4341/4238 2322/4344/4240 2466/4345/4241 2465/4342/4239
f 2322/4344/4240 2323/4346/4242 2467/4347/4243 2466/4345/4241
f 2323/4346/4242 2324/4348/4244 2468/4349/4245 2467/4347/4243
s off
f 2324/4348/4246 2325/4350/4247 2469/4351/4248 2468/4349/4249
s 9
f 2325/4352/4250 2326/4353/4251 2470/4354/4252 2469/4355/4253
f 2326/4353/4251 2327/4356/4254 2471/4357/4255 2470/4354/4252
f 2327/4356/4254 2328/4358/4256 2472/4359/4257 2471/4357/4255
f 2328/4358/4256 2329/4360/4258 2473/4361/4259 2472/4359/4257
f 2329/4362/4258 2330/4363/4260 2474/4364/4261 2473/4365/4259
f 2330/4363/4260 2331/4366/4262 2475/4367/4263 2474/4364/4261
f 2331/4366/4262 2332/4368/4264 2476/4369/4265 2475/4367/4263
f 2332/4368/4264 2333/4370/4266 2477/4371/4267 2476/4369/4265
f 2333/4370/4266 2334/4372/4268 2478/4373/4269 2477/4371/4267
f 2334/4372/4268 2335/4374/4270 2479/4375/4271 2478/4373/4269
f 2335/4374/4270 2336/4376/4272 2480/4377/4273 2479/4375/4271
f 2336/4376/4272 2337/4378/4274 2481/4379/4275 2480/4377/4273
f 2337/4380/4274 2338/4381/4276 2482/4382/4277 2481/4383/4275
f 2338/4381/4276 2339/4384/4278 2483/4385/4279 2482/4382/4277
f 2339/4384/4278 2340/4386/4280 2484/4387/4281 2483/4385/4279
f 2340/4386/4280 2341/4388/4282 2485/4389/4283 2484/4387/4281
f 2341/4388/4282 2342/4390/4284 2486/4391/4285 2485/4389/4283
f 2342/4390/4284 2343/4392/4286 2487/4393/4287 2486/4391/4285
f 2343/4392/4286 2344/4394/4288 2488/4395/4289 2487/4393/4287
f 2344/4394/4288 2345/4396/4290 2489/4397/4291 2488/4395/4289
f 2345/4396/4290 2346/4398/4292 2490/4399/4293 2489/4397/4291
f 2346/4398/4292 2347/4400/4294 2491/4401/4295 2490/4399/4293
f 2347/4400/4294 2348/4402/4296 2492/4403/4297 2491/4401/4295
f 2348/4402/4296 2349/4404/4298 2493/4405/4299 2492/4403/4297
f 2349/4404/4298 2350/4406/4300 2494/4407/4301 2493/4405/4299
f 2350/4406/4300 2351/4408/4302 2495/4409/4303 2494/4407/4301
f 2351/4408/4302 2352/4410/4304 2496/4411/4305 2495/4409/4303
f 2352/4412/4304 2353/4413/4306 2497/4414/4307 2496/4415/4305
f 2353/4413/4306 2354/4416/4308 2498/4417/4309 2497/4414/4307
f 2354/4416/4308 2355/4418/4310 2499/4419/4311 2498/4417/4309
f 2355/4418/4310 2356/4420/4312 2500/4421/4313 2499/4419/4311
f 2356/4420/4312 2357/4422/4314 2501/4423/4315 2500/4421/4313
f 2357/4422/4314 2358/4424/4316 2502/4425/4317 2501/4423/4315
f 2358/4424/4316 2359/4426/4318 2503/4427/4319 2502/4425/4317
f 2359/4426/4318 2360/4428/4320 2504/4429/4321 2503/4427/4319
f 2360/4428/4320 2361/4430/4322 2505/4431/4323 2504/4429/4321
f 2361/4430/4322 2362/4432/4324 2506/4433/4325 2505/4431/4323
f 2362/4432/4324 2363/4434/4326 2507/4435/4327 2506/4433/4325
f 2363/4434/4326 2364/4436/4328 2508/4437/4329 2507/4435/4327
f 2364/4436/4328 2365/4438/4330 2509/4439/4331 2508/4437/4329
f 2365/4438/4330 2366/4440/4332 2510/4441/4333 2509/4439/4331
f 2366/4440/4332 2367/4442/4334 2511/4443/4335 2510/4441/4333
f 2367/4442/4334 2368/4444/4336 2512/4445/4337 2511/4443/4335
f 2368/4444/4336 2369/4446/4338 2513/4447/4339 2512/4445/4337
f 2369/4448/4338 2370/4449/4340 2514/4450/4341 2513/4451/4339
f 2370/4449/4340 2371/4452/4342 2515/4453/4343 2514/4450/4341
f 2371/4452/4342 2372/4454/4344 2516/4455/4345 2515/4453/4343
f 2372/4454/4344 2373/4456/4346 2517/4457/4347 2516/4455/4345
f 2373/4456/4346 2374/4458/4348 2518/4459/4349 2517/4457/4347
f 2374/4458/4348 2375/4460/4350 2519/4461/4351 2518/4459/4349
f 2375/4460/4350 2376/4462/4352 2520/4463/4353 2519/4461/4351
f 2376/4462/4352 2377/4464/4354 2521/4465/4355 2520/4463/4353
f 2377/4464/4354 2378/4466/4356 2522/4467/4357 2521/4465/4355
f 2378/4466/4356 2379/4468/4358 2523/4469/4359 2522/4467/4357
f 2379/4468/4358 2380/4470/4360 2524/4471/4361 2523/4469/4359
f 2380/4470/4360 2381/4472/4362 2525/4473/4363 2524/4471/4361
f 2381/4472/4362 2382/4474/4364 2526/4475/4365 2525/4473/4363
f 2382/4474/4364 2383/4476/4366 2527/4477/4367 2526/4475/4365
f 2383/4476/4366 2384/4478/4368 2528/4479/4369 2527/4477/4367
f 2384/4478/4368 2385/4480/4370 2529/4481/4371 2528/4479/4369
f 2385/4482/4370 2386/4483/4372 2530/4484/4373 2529/4485/4371
f 2386/4483/4372 2387/4486/4374 2531/4487/4375 2530/4484/4373
f 2387/4486/4374 2388/4488/4376 2532/4489/4377 2531/4487/4375
f 2388/4488/4376 2389/4490/4378 2533/4491/4379 2532/4489/4377
f 2389/4490/4378 2390/4492/4380 2534/4493/4381 2533/4491/4379
f 2390/4492/4380 2391/4494/4382 2535/4495/4383 2534/4493/4381
f 2391/4494/4382 2392/4496/4384 2536/4497/4385 2535/4495/4383
f 2392/4498/4384 2393/4499/4386 2537/4500/4387 2536/4501/4385
f 2393/4499/4386 2394/4502/4388 2538/4503/4389 2537/4500/4387
f 2394/4502/4388 2395/4504/4390 2539/4505/4391 2538/4503/4389
f 2395/4504/4390 2396/4506/4392 2540/4507/4393 2539/4505/4391
f 2396/4506/4392 2397/4508/4394 2541/4509/4395 2540/4507/4393
s off
f 2397/4510/4396 2398/4511/4397 2542/4512/4398 2541/4513/4399
s 10
f 2398/4511/4400 2399/4514/4401 2543/4515/4402 2542/4512/4403
f 2399/4514/4401 2400/4516/4404 2544/4517/4405 2543/4515/4402
f 2400/4516/4404 2401/4518/4406 2545/4519/4407 2544/4517/4405
s 8
f 2401/4518/4408 2402/4520/4409 2546/4521/4410 2545/4519/4411
f 2402/4522/4409 2403/4523/4412 2547/4524/4413 2546/4525/4410
f 2403/4523/4412 2404/4526/4414 2548/4527/4415 2547/4524/4413
f 2404/4526/4414 2405/4528/4416 2549/4529/4417 2548/4527/4415
f 2405/4528/4416 2406/4530/4418 2550/4531/4419 2549/4529/4417
f 2406/4530/4418 2407/4532/4420 2551/4533/4421 2550/4531/4419
f 2407/4532/4420 2408/4534/4422 2552/4535/4423 2551/4533/4421
f 2408/4534/4422 2409/4536/4424 2553/4537/4425 2552/4535/4423
f 2409/4536/4424 2410/4538/4426 2554/4539/4427 2553/4537/4425
f 2410/4538/4426 2411/4540/4428 2555/4541/4429 2554/4539/4427
f 2411/4540/4428 2412/4542/4430 2556/4543/4431 2555/4541/4429
f 2412/4542/4430 2413/4544/4432 2557/4545/4433 2556/4543/4431
f 2413/4544/4432 2414/4546/4434 2558/4547/4435 2557/4545/4433
f 2414/4546/4434 2271/4236/4138 2415/4239/4141 2558/4547/4435
s off
f 2415/4548/4436 2416/4549/4437 2417/4550/4438 2418/4551/4439 2419/4552/4440 2420/4553/4441 2421/4554/4442 2422/4555/4443 2423/4556/4444 2424/4557/4445 2425/4558/4446 2426/4559/4447 2427/4560/4448 2428/4561/4449 2429/4562/4450 2430/4563/4451 2431/4564/4452 2432/4565/4453 2433/4566/4454 2434/4567/4455 2435/4568/4456 2436/4569/4457 2437/4570/4458 2438/4571/4459 2439/4572/4460 2440/4573/4461 2441/4574/4462 2442/4575/4463 2443/4576/4464 2444/4577/4465 2445/4578/4466 2446/4579/4467 2447/4580/4468 2448/4581/4469 2449/4582/4470 2450/4583/4471 2451/4584/4472 2452/4585/4473 2453/4586/4474 2454/4587/4475 2455/4588/4476 2456/4589/4477 2457/4590/4478 2458/4591/4479 2459/4592/4480 2460/4593/4481 2461/4594/4482 2462/4595/4483 2463/4596/4484 2464/4597/4485 2465/4598/4486 2466/4599/4487 2467/4600/4488 2468/4601/4489 2469/4602/4490 2470/4603/4491 2471/4604/4492 2472/4605/4493 2473/4606/4494 2474/4607/4495 2475/4608/4496 2476/4609/4497 2477/4610/4498 2478/4611/4499 2479/4612/4500 2480/4613/4501 2481/4614/4502 2482/4615/4503 2483/4616/4504 2484/4617/4505 2485/4618/4506 2486/4619/4507 2487/4620/4508 2488/4621/4509 2489/4622/4510 2490/4623/4511 2491/4624/4512 2492/4625/4513 2493/4626/4514 2494/4627/4515 2495/4628/4516 2496/4629/4517 2497/4630/4518 2498/4631/4519 2499/4632/4520 2500/4633/4521 2501/4634/4522 2502/4635/4523 2503/4636/4524 2504/4637/4525 2505/4638/4526 2506/4639/4527 2507/4640/4528 2508/4641/4529 2509/4642/4530 2510/4643/4531 2511/4644/4532 2512/4645/4533 2513/4646/4534 2514/4647/4535 2515/4648/4536 2516/4649/4537 2517/4650/4538 2518/4651/4539 2519/4652/4540 2520/4653/4541 2521/4654/4542 2522/4655/4543 2523/4656/4544 2524/4657/4545 2525/4658/4546 2526/4659/4547 2527/4660/4548 2528/4661/4549 2529/4662/4550 2530/4663/4551 2531/4664/4552 2532/4665/4553 2533/4666/4554 2534/4667/4555 2535/4668/4556 2536/4669/4557 2537/4670/4558 2538/4671/4559 2539/4672/4560 2540/4673/4561 2541/4674/4562 2542/4675/4563 2543/4676/4564 2544/4677/4565 2545/4678/4566 2546/4679/4567 2547/4680/4568 2548/4681/4569 2549/4682/4570 2550/4683/4571 2551/4684/4572 2552/4685/4573 2553/4686/4574 2554/4687/4575 2555/4688/4576 2556/4689/4577 2557/4690/4578 2558/4691/4579
s 12
f 2559/4692/4580 2560/4693/4581 2617/4694/4582 2616/4695/4583
f 2560/4693/4581 2561/4696/4584 2618/4697/4585 2617/4694/4582
f 2561/4698/4584 2562/4699/4586 2619/4700/4587 2618/4701/4585
f 2562/4699/4586 2563/4702/4588 2620/4703/4589 2619/4700/4587
f 2563/4702/4588 2564/4704/4590 2621/4705/4591 2620/4703/4589
f 2564/4704/4590 2565/4706/4592 2622/4707/4593 2621/4705/4591
f 2565/4706/4592 2566/4708/4594 2623/4709/4595 2622/4707/4593
f 2566/4708/4594 2567/4710/4596 2624/4711/4597 2623/4709/4595
f 2567/4710/4596 2568/4712/4598 2625/4713/4599 2624/4711/4597
f 2568/4712/4598 2569/4714/4600 2626/4715/4601 2625/4713/4599
f 2569/4716/4600 2570/4717/4602 2627/4718/4603 2626/4719/4601
f 2570/4717/4602 2571/4720/4604 2628/4721/4605 2627/4718/4603
f 2571/4720/4604 2572/4722/4606 2629/4723/4607 2628/4721/4605
f 2572/4722/4606 2573/4724/4608 2630/4725/4609 2629/4723/4607
f 2573/4724/4608 2574/4726/4610 2631/4727/4611 2630/4725/4609
f 2574/4728/4610 2575/4729/4612 2632/4730/4613 2631/4731/4611
f 2575/4729/4612 2576/4732/4614 2633/4733/4615 2632/4730/4613
f 2576/4732/4614 2577/4734/4616 2634/4735/4617 2633/4733/4615
f 2577/4734/4616 2578/4736/4618 2635/4737/4619 2634/4735/4617
f 2578/4736/4618 2579/4738/4620 2636/4739/4621 2635/4737/4619
f 2579/4738/4620 2580/4740/4622 2637/4741/4623 2636/4739/4621
f 2580/4740/4622 2581/4742/4624 2638/4743/4625 2637/4741/4623
s off
f 2581/4744/4626 2582/4745/4627 2639/4746/4628 2638/4747/4629
s 13
f 2582/4745/4630 2583/4748/4631 2640/4749/4632 2639/4746/4633
f 2583/4748/4631 2584/4750/4634 2641/4751/4635 2640/4749/4632
f 2584/4750/4634 2585/4752/4636 2642/4753/4637 2641/4751/4635
f 2585/4752/4636 2586/4754/4638 2643/4755/4639 2642/4753/4637
f 2586/4754/4638 2587/4756/4640 2644/4757/4641 2643/4755/4639
f 2587/4756/4640 2588/4758/4642 2645/4759/4643 2644/4757/4641
f 2588/4758/4642 2589/4760/4644 2646/4761/4645 2645/4759/4643
f 2589/4762/4644 2590/4763/4646 2647/4764/4647 2646/4765/4645
f 2590/4763/4646 2591/4766/4648 2648/4767/4649 2647/4764/4647
f 2591/4766/4648 2592/4768/4650 2649/4769/4651 2648/4767/4649
f 2592/4768/4650 2593/4770/4652 2650/4771/4653 2649/4769/4651
s 14
f 2593/4772/4654 2594/4773/4655 2651/4774/4656 2650/4775/4657
f 2594/4773/4655 2595/4776/4658 2652/4777/4659 2651/4774/4656
s off
f 2595/4778/4660 2596/4779/4661 2653/4780/4662 2652/4781/4663
s 12
f 2596/4779/4664 2597/4782/4665 2654/4783/4666 2653/4780/4667
f 2597/4782/4665 2598/4784/4668 2655/4785/4669 2654/4783/4666
f 2598/4784/4668 2599/4786/4670 2656/4787/4671 2655/4785/4669
f 2599/4786/4670 2600/4788/4672 2657/4789/4673 2656/4787/4671
f 2600/4788/4672 2601/4790/4674 2658/4791/4675 2657/4789/4673
f 2601/4790/4674 2602/4792/4676 2659/4793/4677 2658/4791/4675
f 2602/4792/4676 2603/4794/4678 2660/4795/4679 2659/4793/4677
f 2603/4794/4678 2604/4796/4680 2661/4797/4681 2660/4795/4679
f 2604/4798/4680 2605/4799/4682 2662/4800/4683 2661/4801/4681
f 2605/4799/4682 2559/4692/4580 2616/4695/4583 2662/4800/4683
s 16
f 2606/4802/4684 2607/4803/4685 2664/4804/4686 2663/4805/4687
s 17
f 2607/4806/4688 2608/4807/4689 2665/4808/4690 2664/4809/4691
f 2608/4807/4689 2609/4810/4692 2666/4811/4693 2665/4808/4690
s off
f 2609/4812/4694 2610/4813/4695 2667/4814/4696 2666/4815/4697
s 16
f 2610/4816/4698 2611/4817/4699 2668/4818/4700 2667/4819/4701
f 2611/4817/4699 2612/4820/4702 2669/4821/4703 2668/4818/4700
f 2612/4820/4702 2613/4822/4704 2670/4823/4705 2669/4821/4703
f 2613/4822/4704 2614/4824/4706 2671/4825/4707 2670/4823/4705
f 2614/4824/4706 2615/4826/4708 2672/4827/4709 2671/4825/4707
f 2615/4828/4708 2606/4802/4684 2663/4805/4687 2672/4829/4709
s off
f 2616/4830/4710 2617/4831/4711 2618/4832/4712 2619/4833/4713 2620/4834/4714 2621/4835/4715 2622/4836/4716 2623/4837/4717 2624/4838/4718 2625/4839/4719 2626/4840/4720 2627/4841/4721 2628/4842/4722 2629/4843/4723 2630/4844/4724 2631/4845/4725 2632/4846/4726 2633/4847/4727 2634/4848/4728 2635/4849/4729 2636/4850/4730 2637/4851/4731 2638/4852/4732 2639/4853/4733 2640/4854/4734 2641/4855/4735 2642/4856/4736 2643/4857/4737 2644/4858/4738 2645/4859/4739 2646/4860/4740 2647/4861/4741 2648/4862/4742 2649/4863/4743 2650/4864/4744 2651/4865/4745 2652/4866/4746 2653/4867/4747 2654/4868/4748 2655/4869/4749 2656/4870/4750 2657/4871/4751 2658/4872/4752 2659/4873/4753 2660/4874/4754 2661/4875/4755 2662/4876/4756 2663/4877/4757 2664/4878/4758 2665/4879/4759 2666/4880/4760 2667/4881/4761 2668/4882/4762 2669/4883/4763 2670/4884/4764 2671/4885/4765 2672/4886/4766
f 2673/4887/4767 2674/4888/4768 2676/4889/4769 2675/4890/4770
s 19
f 2677/4891/4771 2678/4892/4772 2722/4893/4773 2721/4894/4774
f 2678/4892/4772 2679/4895/4775 2723/4896/4776 2722/4893/4773
f 2679/4895/4775 2680/4897/4777 2724/4898/4778 2723/4896/4776
f 2680/4897/4777 2681/4899/4779 2725/4900/4780 2724/4898/4778
f 2681/4899/4779 2682/4901/4781 2726/4902/4782 2725/4900/4780
f 2682/4901/4781 2683/4903/4783 2727/4904/4784 2726/4902/4782
s 20
f 2683/4905/4785 2684/4906/4786 2728/4907/4787 2727/4908/4788
f 2684/4906/4786 2685/4909/4789 2729/4910/4790 2728/4907/4787
f 2685/4909/4789 2686/4911/4791 2730/4912/4792 2729/4910/4790
f 2686/4911/4791 2687/4913/4793 2731/4914/4794 2730/4912/4792
s off
f 2687/4913/4795 2688/4915/4796 2732/4916/4797 2731/4914/4798
s 21
f 2688/4917/4799 2689/4918/4800 2733/4919/4801 2732/4920/4802
f 2689/4918/4800 2690/4921/4803 2734/4922/4804 2733/4919/4801
f 2690/4921/4803 2691/4923/4805 2735/4924/4806 2734/4922/4804
s off
f 2691/4925/4807 2692/4926/4808 2736/4927/4809 2735/4928/4810
s 22
f 2692/4926/4811 2693/4929/4812 2737/4930/4813 2736/4927/4814
f 2693/4929/4812 2694/4931/4815 2738/4932/4816 2737/4930/4813
f 2694/4931/4815 2695/4933/4817 2739/4934/4818 2738/4932/4816
s off
f 2695/4933/4819 2696/4935/4820 2740/4936/4821 2739/4934/4822
s 23
f 2696/4937/4823 2697/4938/4824 2741/4939/4825 2740/4940/4826
f 2697/4938/4824 2698/4941/4827 2742/4942/4828 2741/4939/4825
f 2698/4941/4827 2699/4943/4829 2743/4944/4830 2742/4942/4828
s off
f 2699/4945/4831 2700/4946/4832 2744/4947/4833 2743/4948/4834
s 24
f 2700/4946/4835 2701/4949/4836 2745/4950/4837 2744/4947/4838
f 2701/4949/4836 2702/4951/4839 2746/4952/4840 2745/4950/4837
f 2702/4951/4839 2703/4953/4841 2747/4954/4842 2746/4952/4840
s off
f 2703/4953/4843 2704/4955/4844 2748/4956/4845 2747/4954/4846
s 25
f 2704/4957/4847 2705/4958/4848 2749/4959/4849 2748/4960/4850
f 2705/4958/4848 2706/4961/4851 2750/4962/4852 2749/4959/4849
f 2706/4961/4851 2707/4963/4853 2751/4964/4854 2750/4962/4852
s off
f 2707/4965/4855 2708/4966/4856 2752/4967/4857 2751/4968/4858
s 26
f 2708/4966/4859 2709/4969/4860 2753/4970/4861 2752/4967/4862
f 2709/4969/4860 2710/4971/4863 2754/4972/4864 2753/4970/4861
f 2710/4971/4863 2711/4973/4865 2755/4974/4866 2754/4972/4864
s off
f 2711/4973/4867 2712/4975/4868 2756/4976/4869 2755/4974/4870
s 27
f 2712/4977/4871 2713/4978/4872 2757/4979/4873 2756/4980/4874
f 2713/4978/4872 2714/4981/4875 2758/4982/4876 2757/4979/4873
f 2714/4981/4875 2715/4983/4877 2759/4984/4878 2758/4982/4876
s off
f 2715/4985/4879 2716/4986/4880 2760/4987/4881 2759/4988/4882
s 28
f 2716/4986/4883 2717/4989/4884 2761/4990/4885 2760/4987/4886
f 2717/4989/4884 2718/4991/4887 2762/4992/4888 2761/4990/4885
f 2718/4991/4887 2719/4993/4889 2763/4994/4890 2762/4992/4888
s off
f 2719/4993/4891 2720/4995/4892 2764/4996/4893 2763/4994/4894
s 19
f 2720/4997/4895 2677/4891/4771 2721/4894/4774 2764/4998/4896
s off
f 2721/4999/4897 2722/5000/4898 2723/5001/4899 2724/5002/4900 2725/5003/4901 2726/5004/4902 2727/5005/4903 2728/5006/4904 2729/5007/4905 2730/5008/4906 2731/5009/4907 2732/5010/4908 2733/5011/4909 2734/5012/4910 2735/5013/4911 2736/5014/4912 2737/5015/4913 2738/5016/4914 2739/5017/4915 2740/5018/4916 2741/5019/4917 2742/5020/4918 2743/5021/4919 2744/5022/4920 2745/5023/4921 2746/5024/4922 2747/5025/4923 2748/5026/4924 2749/5027/4925 2750/5028/4926 2751/5029/4927 2752/5030/4928 2753/5031/4929 2754/5032/4930 2755/5033/4931 2756/5034/4932 2757/5035/4933 2758/5036/4934 2759/5037/4935 2760/5038/4936 2761/5039/4937 2762/5040/4938 2763/5041/4939 2764/5042/4940
s 29
f 2765/5043/4941 2766/5044/4942 2854/5045/4943 2853/5046/4944
f 2766/5044/4942 2767/5047/4945 2855/5048/4946 2854/5045/4943
f 2767/5047/4945 2768/5049/4947 2856/5050/4948 2855/5048/4946
f 2768/5049/4947 2769/5051/4949 2857/5052/4950 2856/5050/4948
f 2769/5053/4949 2770/5054/4951 2858/5055/4952 2857/5056/4950
f 2770/5054/4951 2771/5057/4953 2859/5058/4954 2858/5055/4952
f 2771/5057/4953 2772/5059/4955 2860/5060/4956 2859/5058/4954
f 2772/5059/4955 2773/5061/4957 2861/5062/4958 2860/5060/4956
s off
f 2773/5061/4959 2774/5063/4960 2862/5064/4961 2861/5062/4962
s 30
f 2774/5065/4963 2775/5066/4964 2863/5067/4965 2862/5068/4966
f 2775/5066/4964 2776/5069/4967 2864/5070/4968 2863/5067/4965
f 2776/5069/4967 2777/5071/4969 2865/5072/4970 2864/5070/4968
s off
f 2777/5073/4971 2778/5074/4972 2866/5075/4973 2865/5076/4974
s 31
f 2778/5074/4975 2779/5077/4976 2867/5078/4977 2866/5075/4978
f 2779/5077/4976 2780/5079/4979 2868/5080/4980 2867/5078/4977
f 2780/5079/4979 2781/5081/4981 2869/5082/4982 2868/5080/4980
f 2781/5081/4981 2782/5083/4983 2870/5084/4984 2869/5082/4982
f 2782/5083/4983 2783/5085/4985 2871/5086/4986 2870/5084/4984
f 2783/5087/4985 2784/5088/4987 2872/5089/4988 2871/5090/4986
f 2784/5088/4987 2785/5091/4989 2873/5092/4990 2872/5089/4988
f 2785/5091/4989 2786/5093/4991 2874/5094/4992 2873/5092/4990
f 2786/5093/4991 2787/5095/4993 2875/5096/4994 2874/5094/4992
s off
f 2787/5097/4995 2788/5098/4996 2876/5099/4997 2875/5100/4998
s 32
f 2788/5098/4999 2789/5101/5000 2877/5102/5001 2876/5099/5002
f 2789/5101/5000 2790/5103/5003 2878/5104/5004 2877/5102/5001
s 33
f 2790/5105/5005 2791/5106/5006 2879/5107/5007 2878/5108/5008
f 2791/5106/5006 2792/5109/5009 2880/5110/5010 2879/5107/5007
f 2792/5109/5009 2793/5111/5011 2881/5112/5012 2880/5110/5010
f 2793/5111/5011 2794/5113/5013 2882/5114/5014 2881/5112/5012
f 2794/5113/5013 2795/5115/5015 2883/5116/5016 2882/5114/5014
f 2795/5115/5015 2796/5117/5017 2884/5118/5018 2883/5116/5016
f 2796/5119/5017 2797/5120/5019 2885/5121/5020 2884/5122/5018
f 2797/5120/5019 2798/5123/5021 2886/5124/5022 2885/5121/5020
f 2798/5123/5021 2799/5125/5023 2887/5126/5024 2886/5124/5022
f 2799/5125/5023 2800/5127/5025 2888/5128/5026 2887/5126/5024
f 2800/5127/5025 2801/5129/5027 2889/5130/5028 2888/5128/5026
f 2801/5129/5027 2802/5131/5029 2890/5132/5030 2889/5130/5028
f 2802/5131/5029 2803/5133/5031 2891/5134/5032 2890/5132/5030
f 2803/5133/5031 2804/5135/5033 2892/5136/5034 2891/5134/5032
f 2804/5137/5033 2805/5138/5035 2893/5139/5036 2892/5140/5034
f 2805/5138/5035 2806/5141/5037 2894/5142/5038 2893/5139/5036
f 2806/5141/5037 2807/5143/5039 2895/5144/5040 2894/5142/5038
f 2807/5143/5039 2808/5145/5041 2896/5146/5042 2895/5144/5040
s 34
f 2808/5147/5043 2809/5148/5044 2897/5149/5045 2896/5150/5046
f 2809/5148/5044 2810/5151/5047 2898/5152/5048 2897/5149/5045
s off
f 2810/5151/5049 2811/5153/5050 2899/5154/5051 2898/5152/5052
s 35
f 2811/5155/5053 2812/5156/5054 2900/5157/5055 2899/5158/5056
f 2812/5156/5054 2813/5159/5057 2901/5160/5058 2900/5157/5055
f 2813/5159/5057 2814/5161/5059 2902/5162/5060 2901/5160/5058
s 36
f 2814/5163/5061 2815/5164/5062 2903/5165/5063 2902/5166/5064
f 2815/5164/5062 2816/5167/5065 2904/5168/5066 2903/5165/5063
f 2816/5167/5065 2817/5169/5067 2905/5170/5068 2904/5168/5066
s 29
f 2817/5169/5069 2818/5171/5070 2906/5172/5071 2905/5170/5072
f 2818/5171/5070 2819/5173/5073 2907/5174/5074 2906/5172/5071
f 2819/5173/5073 2820/5175/5075 2908/5176/5076 2907/5174/5074
f 2820/5177/5075 2821/5178/5077 2909/5179/5078 2908/5180/5076
f 2821/5181/5077 2822/5182/5079 2910/5183/5080 2909/5184/5078
f 2822/5182/5079 2823/5185/5081 2911/5186/5082 2910/5183/5080
f 2823/5185/5081 2824/5187/5083 2912/5188/5084 2911/5186/5082
f 2824/5187/5083 2825/5189/5085 2913/5190/5086 2912/5188/5084
f 2825/5189/5085 2826/5191/5087 2914/5192/5088 2913/5190/5086
f 2826/5191/5087 2827/5193/5089 2915/5194/5090 2914/5192/5088
f 2827/5193/5089 2828/5195/5091 2916/5196/5092 2915/5194/5090
f 2828/5195/5091 2829/5197/5093 2917/5198/5094 2916/5196/5092
f 2829/5199/5093 2830/5200/5095 2918/5201/5096 2917/5202/5094
f 2830/5200/5095 2765/5043/4941 2853/5046/4944 2918/5201/5096
s 38
f 2831/5203/5097 2832/5204/5098 2920/5205/5099 2919/5206/5100
f 2832/5204/5098 2833/5207/5101 2921/5208/5102 2920/5205/5099
f 2833/5207/5101 2834/5209/5103 2922/5210/5104 2921/5208/5102
f 2834/5209/5103 2835/5211/5105 2923/5212/5106 2922/5210/5104
f 2835/5213/5105 2836/5214/5107 2924/5215/5108 2923/5216/5106
f 2836/5214/5107 2837/5217/5109 2925/5218/5110 2924/5215/5108
f 2837/5217/5109 2838/5219/5111 2926/5220/5112 2925/5218/5110
f 2838/5219/5111 2839/5221/5113 2927/5222/5114 2926/5220/5112
f 2839/5221/5113 2840/5223/5115 2928/5224/5116 2927/5222/5114
f 2840/5223/5115 2841/5225/5117 2929/5226/5118 2928/5224/5116
f 2841/5225/5117 2842/5227/5119 2930/5228/5120 2929/5226/5118
s off
f 2842/5229/5121 2843/5230/5122 2931/5231/5123 2930/5232/5124
s 39
f 2843/5230/5125 2844/5233/5126 2932/5234/5127 2931/5231/5128
f 2844/5233/5126 2845/5235/5129 2933/5236/5130 2932/5234/5127
f 2845/5235/5129 2846/5237/5131 2934/5238/5132 2933/5236/5130
f 2846/5239/5131 2847/5240/5133 2935/5241/5134 2934/5242/5132
f 2847/5240/5133 2848/5243/5135 2936/5244/5136 2935/5241/5134
f 2848/5243/5135 2849/5245/5137 2937/5246/5138 2936/5244/5136
f 2849/5245/5137 2850/5247/5139 2938/5248/5140 2937/5246/5138
f 2850/5247/5139 2851/5249/5141 2939/5250/5142 2938/5248/5140
f 2851/5249/5141 2852/5251/5143 2940/5252/5144 2939/5250/5142
f 2852/5251/5143 2831/5253/5145 2919/5254/5146 2940/5252/5144
s off
f 2853/5255/5147 2854/5256/5148 2855/5257/5149 2856/5258/5150 2857/5259/5151 2858/5260/5152 2859/5261/5153 2860/5262/5154 2861/5263/5155 2862/5264/5156 2863/5265/5157 2864/5266/5158 2865/5267/5159 2866/5268/5160 2867/5269/5161 2868/5270/5162 2869/5271/5163 2870/5272/5164 2871/5273/5165 2872/5274/5166 2873/5275/5167 2874/5276/5168 2875/5277/5169 2876/5278/5170 2877/5279/5171 2878/5280/5172 2879/5281/5173 2880/5282/5174 2881/5283/5175 2882/5284/5176 2883/5285/5177 2884/5286/5178 2885/5287/5179 2886/5288/5180 2887/5289/5181 2888/5290/5182 2889/5291/5183 2890/5292/5184 2891/5293/5185 2892/5294/5186 2893/5295/5187 2894/5296/5188 2895/5297/5189 2896/5298/5190 2897/5299/5191 2898/5300/5192 2899/5301/5193 2900/5302/5194 2901/5303/5195 2902/5304/5196 2903/5305/5197 2904/5306/5198 2905/5307/5199 2906/5308/5200 2907/5309/5201 2908/5310/5202 2909/5311/5203 2910/5312/5204 2911/5313/5205 2912/5314/5206 2913/5315/5207 2914/5316/5208 2915/5317/5209 2916/5318/5210 2917/5319/5211 2918/5320/5212 2919/5321/5213 2920/5322/5214 2921/5323/5215 2922/5324/5216 2923/5325/5217 2924/5326/5218 2925/5327/5219 2926/5328/5220 2927/5329/5221 2928/5330/5222 2929/5331/5223 2930/5332/5224 2931/5333/5225 2932/5334/5226 2933/5335/5227 2934/5336/5228 2935/5337/5229 2936/5338/5230 2937/5339/5231 2938/5340/5232 2939/5341/5233 2940/5342/5234
f 2941/5343/5235 2942/5344/5236 2944/5345/5237 2943/5346/5238
f 2943/5347/5239 2944/5348/5240 2946/5349/5241 2945/5350/5242
f 2947/5351/5243 2948/5352/5244 2942/5353/5245 2941/5354/5246
f 2942/5355/5247 2948/5356/5248 2946/5357/5249 2944/5358/5250
f 2947/5359/5251 2941/5360/5252 2943/5361/5253 2945/5362/5254
s 40
f 2949/5363/5255 2950/5364/5256 3075/5365/5257 3074/5366/5258
f 2950/5364/5256 2951/5367/5259 3076/5368/5260 3075/5365/5257
f 2951/5367/5259 2952/5369/5261 3077/5370/5262 3076/5368/5260
s 41
f 2952/5371/5263 2953/5372/5264 3078/5373/5265 3077/5374/5266
f 2953/5372/5264 2954/5375/5267 3079/5376/5268 3078/5373/5265
s off
f 2954/5375/5269 2955/5377/5270 3080/5378/5271 3079/5376/5272
s 42
f 2955/5379/5273 2956/5380/5274 3081/5381/5275 3080/5382/5276
f 2956/5380/5274 2957/5383/5277 3082/5384/5278 3081/5381/5275
f 2957/5383/5277 2958/5385/5279 3083/5386/5280 3082/5384/5278
f 2958/5385/5279 2959/5387/5281 3084/5388/5282 3083/5386/5280
f 2959/5387/5281 2960/5389/5283 3085/5390/5284 3084/5388/5282
f 2960/5389/5283 2961/5391/5285 3086/5392/5286 3085/5390/5284
f 2961/5391/5285 2962/5393/5287 3087/5394/5288 3086/5392/5286
s 43
f 2962/5395/5289 2963/5396/5290 3088/5397/5291 3087/5398/5292
f 2963/5396/5290 2964/5399/5293 3089/5400/5294 3088/5397/5291
f 2964/5399/5293 2965/5401/5295 3090/5402/5296 3089/5400/5294
f 2965/5401/5295 2966/5403/5297 3091/5404/5298 3090/5402/5296
s off
f 2966/5403/5299 2967/5405/5300 3092/5406/5301 3091/5404/5302
s 44
f 2967/5407/5303 2968/5408/5304 3093/5409/5305 3092/5410/5306
f 2968/5408/5304 2969/5411/5307 3094/5412/5308 3093/5409/5305
f 2969/5411/5307 2970/5413/5309 3095/5414/5310 3094/5412/5308
s off
f 2970/5415/5311 2971/5416/5312 3096/5417/5313 3095/5418/5314
s 45
f 2971/5416/5315 2972/5419/5316 3097/5420/5317 3096/5417/5318
f 2972/5419/5316 2973/5421/5319 3098/5422/5320 3097/5420/5317
f 2973/5421/5319 2974/5423/5321 3099/5424/5322 3098/5422/5320
s off
f 2974/5423/5323 2975/5425/5324 3100/5426/5325 3099/5424/5326
s 46
f 2975/5427/5327 2976/5428/5328 3101/5429/5329 3100/5430/5330
f 2976/5428/5328 2977/5431/5331 3102/5432/5332 3101/5429/5329
f 2977/5431/5331 2978/5433/5333 3103/5434/5334 3102/5432/5332
s off
f 2978/5435/5335 2979/5436/5336 3104/5437/5337 3103/5438/5338
s 47
f 2979/5436/5339 2980/5439/5340 3105/5440/5341 3104/5437/5342
f 2980/5439/5340 2981/5441/5343 3106/5442/5344 3105/5440/5341
f 2981/5441/5343 2982/5443/5345 3107/5444/5346 3106/5442/5344
s off
f 2982/5443/5347 2983/5445/5348 3108/5446/5349 3107/5444/5350
s 48
f 2983/5447/5351 2984/5448/5352 3109/5449/5353 3108/5450/5354
f 2984/5448/5352 2985/5451/5355 3110/5452/5356 3109/5449/5353
f 2985/5451/5355 2986/5453/5357 3111/5454/5358 3110/5452/5356
s off
f 2986/5455/5359 2987/5456/5360 3112/5457/5361 3111/5458/5362
s 49
f 2987/5456/5363 2988/5459/5364 3113/5460/5365 3112/5457/5366
f 2988/5459/5364 2989/5461/5367 3114/5462/5368 3113/5460/5365
f 2989/5461/5367 2990/5463/5369 3115/5464/5370 3114/5462/5368
s off
f 2990/5463/5371 2991/5465/5372 3116/5466/5373 3115/5464/5374
s 50
f 2991/5467/5375 2992/5468/5376 3117/5469/5377 3116/5470/5378
f 2992/5468/5376 2993/5471/5379 3118/5472/5380 3117/5469/5377
f 2993/5471/5379 2994/5473/5381 3119/5474/5382 3118/5472/5380
s off
f 2994/5475/5383 2995/5476/5384 3120/5477/5385 3119/5478/5386
s 51
f 2995/5476/5387 2996/5479/5388 3121/5480/5389 3120/5477/5390
f 2996/5479/5388 2997/5481/5391 3122/5482/5392 3121/5480/5389
s 52
f 2997/5481/5393 2998/5483/5394 3123/5484/5395 3122/5482/5396
f 2998/5483/5394 2999/5485/5397 3124/5486/5398 3123/5484/5395
f 2999/5485/5397 3000/5487/5399 3125/5488/5400 3124/5486/5398
f 3000/5489/5399 3001/5490/5401 3126/5491/5402 3125/5492/5400
f 3001/5490/5401 3002/5493/5403 3127/5494/5404 3126/5491/5402
f 3002/5493/5403 3003/5495/5405 3128/5496/5406 3127/5494/5404
f 3003/5495/5405 3004/5497/5407 3129/5498/5408 3128/5496/5406
s 53
f 3004/5499/5409 3005/5500/5410 3130/5501/5411 3129/5502/5412
f 3005/5500/5410 3006/5503/5413 3131/5504/5414 3130/5501/5411
f 3006/5503/5413 3007/5505/5415 3132/5506/5416 3131/5504/5414
f 3007/5505/5415 3008/5507/5417 3133/5508/5418 3132/5506/5416
s off
f 3008/5507/5419 3009/5509/5420 3134/5510/5421 3133/5508/5422
s 54
f 3009/5511/5423 3010/5512/5424 3135/5513/5425 3134/5514/5426
f 3010/5512/5424 3011/5515/5427 3136/5516/5428 3135/5513/5425
f 3011/5515/5427 3012/5517/5429 3137/5518/5430 3136/5516/5428
s off
f 3012/5519/5431 3013/5520/5432 3138/5521/5433 3137/5522/5434
s 55
f 3013/5520/5435 3014/5523/5436 3139/5524/5437 3138/5521/5438
f 3014/5523/5436 3015/5525/5439 3140/5526/5440 3139/5524/5437
f 3015/5525/5439 3016/5527/5441 3141/5528/5442 3140/5526/5440
s off
f 3016/5527/5443 3017/5529/5444 3142/5530/5445 3141/5528/5446
s 56
f 3017/5531/5447 3018/5532/5448 3143/5533/5449 3142/5534/5450
f 3018/5532/5448 3019/5535/5451 3144/5536/5452 3143/5533/5449
f 3019/5535/5451 3020/5537/5453 3145/5538/5454 3144/5536/5452
s off
f 3020/5539/5455 3021/5540/5456 3146/5541/5457 3145/5542/5458
s 57
f 3021/5540/5459 3022/5543/5460 3147/5544/5461 3146/5541/5462
f 3022/5543/5460 3023/5545/5463 3148/5546/5464 3147/5544/5461
f 3023/5545/5463 3024/5547/5465 3149/5548/5466 3148/5546/5464
s off
f 3024/5547/5467 3025/5549/5468 3150/5550/5469 3149/5548/5470
s 58
f 3025/5551/5471 3026/5552/5472 3151/5553/5473 3150/5554/5474
f 3026/5552/5472 3027/5555/5475 3152/5556/5476 3151/5553/5473
f 3027/5555/5475 3028/5557/5477 3153/5558/5478 3152/5556/5476
s off
f 3028/5559/5479 3029/5560/5480 3154/5561/5481 3153/5562/5482
s 59
f 3029/5560/5483 3030/5563/5484 3155/5564/5485 3154/5561/5486
f 3030/5563/5484 3031/5565/5487 3156/5566/5488 3155/5564/5485
f 3031/5565/5487 3032/5567/5489 3157/5568/5490 3156/5566/5488
f 3032/5567/5489 3033/5569/5491 3158/5570/5492 3157/5568/5490
f 3033/5569/5491 3034/5571/5493 3159/5572/5494 3158/5570/5492
s 60
f 3034/5573/5495 3035/5574/5496 3160/5575/5497 3159/5576/5498
f 3035/5574/5496 3036/5577/5499 3161/5578/5500 3160/5575/5497
f 3036/5577/5499 3037/5579/5501 3162/5580/5502 3161/5578/5500
f 3037/5579/5501 3038/5581/5503 3163/5582/5504 3162/5580/5502
s off
f 3038/5583/5505 3039/5584/5506 3164/5585/5507 3163/5586/5508
s 61
f 3039/5584/5509 3040/5587/5510 3165/5588/5511 3164/5585/5512
f 3040/5587/5510 3041/5589/5513 3166/5590/5514 3165/5588/5511
f 3041/5589/5513 3042/5591/5515 3167/5592/5516 3166/5590/5514
s off
f 3042/5591/5517 3043/5593/5518 3168/5594/5519 3167/5592/5520
s 62
f 3043/5595/5521 3044/5596/5522 3169/5597/5523 3168/5598/5524
f 3044/5596/5522 3045/5599/5525 3170/5600/5526 3169/5597/5523
f 3045/5599/5525 3046/5601/5527 3171/5602/5528 3170/5600/5526
s off
f 3046/5603/5529 3047/5604/5530 3172/5605/5531 3171/5606/5532
s 63
f 3047/5604/5533 3048/5607/5534 3173/5608/5535 3172/5605/5536
f 3048/5607/5534 3049/5609/5537 3174/5610/5538 3173/5608/5535
f 3049/5609/5537 3050/5611/5539 3175/5612/5540 3174/5610/5538
s off
f 3050/5611/5541 3051/5613/5542 3176/5614/5543 3175/5612/5544
s 64
f 3051/5615/5545 3052/5616/5546 3177/5617/5547 3176/5618/5548
f 3052/5616/5546 3053/5619/5549 3178/5620/5550 3177/5617/5547
f 3053/5619/5549 3054/5621/5551 3179/5622/5552 3178/5620/5550
s off
f 3054/5623/5553 3055/5624/5554 3180/5625/5555 3179/5626/5556
s 65
f 3055/5624/5557 3056/5627/5558 3181/5628/5559 3180/5625/5560
f 3056/5627/5558 3057/5629/5561 3182/5630/5562 3181/5628/5559
f 3057/5629/5561 3058/5631/5563 3183/5632/5564 3182/5630/5562
s off
f 3058/5631/5565 3059/5633/5566 3184/5634/5567 3183/5632/5568
s 66
f 3059/5635/5569 3060/5636/5570 3185/5637/5571 3184/5638/5572
f 3060/5636/5570 3061/5639/5573 3186/5640/5574 3185/5637/5571
f 3061/5639/5573 3062/5641/5575 3187/5642/5576 3186/5640/5574
s off
f 3062/5643/5577 3063/5644/5578 3188/5645/5579 3187/5646/5580
s 67
f 3063/5644/5581 3064/5647/5582 3189/5648/5583 3188/5645/5584
f 3064/5647/5582 3065/5649/5585 3190/5650/5586 3189/5648/5583
f 3065/5649/5585 3066/5651/5587 3191/5652/5588 3190/5650/5586
s off
f 3066/5651/5589 3067/5653/5590 3192/5654/5591 3191/5652/5592
s 68
f 3067/5655/5593 3068/5656/5594 3193/5657/5595 3192/5658/5596
f 3068/5656/5594 3069/5659/5597 3194/5660/5598 3193/5657/5595
f 3069/5659/5597 3070/5661/5599 3195/5662/5600 3194/5660/5598
f 3070/5661/5599 3071/5663/5601 3196/5664/5602 3195/5662/5600
s 40
f 3071/5663/5603 3072/5665/5604 3197/5666/5605 3196/5664/5606
f 3072/5665/5604 3073/5667/5607 3198/5668/5608 3197/5666/5605
f 3073/5667/5607 2949/5363/5255 3074/5366/5258 3198/5668/5608
s off
f 3074/5669/5609 3075/5670/5610 3076/5671/5611 3077/5672/5612 3078/5673/5613 3079/5674/5614 3080/5675/5615 3081/5676/5616 3082/5677/5617 3083/5678/5618 3084/5679/5619 3085/5680/5620 3086/5681/5621 3087/5682/5622 3088/5683/5623 3089/5684/5624 3090/5685/5625 3091/5686/5626 3092/5687/5627 3093/5688/5628 3094/5689/5629 3095/5690/5630 3096/5691/5631 3097/5692/5632 3098/5693/5633 3099/5694/5634 3100/5695/5635 3101/5696/5636 3102/5697/5637 3103/5698/5638 3104/5699/5639 3105/5700/5640 3106/5701/5641 3107/5702/5642 3108/5703/5643 3109/5704/5644 3110/5705/5645 3111/5706/5646 3112/5707/5647 3113/5708/5648 3114/5709/5649 3115/5710/5650 3116/5711/5651 3117/5712/5652 3118/5713/5653 3119/5714/5654 3120/5715/5655 3121/5716/5656 3122/5717/5657 3123/5718/5658 3124/5719/5659 3125/5720/5660 3126/5721/5661 3127/5722/5662 3128/5723/5663 3129/5724/5664 3130/5725/5665 3131/5726/5666 3132/5727/5667 3133/5728/5668 3134/5729/5669 3135/5730/5670 3136/5731/5671 3137/5732/5672 3138/5733/5673 3139/5734/5674 3140/5735/5675 3141/5736/5676 3142/5737/5677 3143/5738/5678 3144/5739/5679 3145/5740/5680 3146/5741/5681 3147/5742/5682 3148/5743/5683 3149/5744/5684 3150/5745/5685 3151/5746/5686 3152/5747/5687 3153/5748/5688 3154/5749/5689 3155/5750/5690 3156/5751/5691 3157/5752/5692 3158/5753/5693 3159/5754/5694 3160/5755/5695 3161/5756/5696 3162/5757/5697 3163/5758/5698 3164/5759/5699 3165/5760/5700 3166/5761/5701 3167/5762/5702 3168/5763/5703 3169/5764/5704 3170/5765/5705 3171/5766/5706 3172/5767/5707 3173/5768/5708 3174/5769/5709 3175/5770/5710 3176/5771/5711 3177/5772/5712 3178/5773/5713 3179/5774/5714 3180/5775/5715 3181/5776/5716 3182/5777/5717 3183/5778/5718 3184/5779/5719 3185/5780/5720 3186/5781/5721 3187/5782/5722 3188/5783/5723 3189/5784/5724 3190/5785/5725 3191/5786/5726 3192/5787/5727 3193/5788/5728 3194/5789/5729 3195/5790/5730 3196/5791/5731 3197/5792/5732 3198/5793/5733
f 3199/5794/5734 3200/5795/5735 3202/5796/5736 3201/5797/5737
f 3201/5798/5738 3202/5799/5739 3204/5800/5740 3203/5801/5741
f 3203/5802/5742 3204/5803/5743 3206/5804/5744 3205/5805/5745
f 3200/5806/5746 3206/5807/5747 3204/5808/5748 3202/5809/5749
f 3205/5810/5750 3199/5811/5751 3201/5812/5752 3203/5813/5753
f 3207/5814/5754 3208/5815/5755 3210/5816/5756 3209/5817/5757
f 3209/5818/5758 3210/5819/5759 3212/5820/5760 3211/5821/5761
f 3211/5822/5762 3212/5823/5763 3214/5824/5764 3213/5825/5765
f 3213/5826/5766 3214/5827/5767 3208/5828/5768 3207/5829/5769
f 3208/5830/5770 3214/5831/5771 3212/5832/5772 3210/5833/5773
f 3213/5834/5774 3207/5835/5775 3209/5836/5776 3211/5837/5777
s 70
f 3215/5838/5778 3216/5839/5779 3240/5840/5780 3239/5841/5781
f 3216/5839/5779 3217/5842/5782 3241/5843/5783 3240/5840/5780
f 3217/5844/5782 3218/5845/5784 3242/5846/5785 3241/5847/5783
f 3218/5845/5784 3219/5848/5786 3243/5849/5787 3242/5846/5785
f 3219/5848/5786 3220/5850/5788 3244/5851/5789 3243/5849/5787
f 3220/5850/5788 3221/5852/5790 3245/5853/5791 3244/5851/5789
f 3221/5852/5790 3222/5854/5792 3246/5855/5793 3245/5853/5791
f 3222/5854/5792 3223/5856/5794 3247/5857/5795 3246/5855/5793
f 3223/5856/5794 3224/5858/5796 3248/5859/5797 3247/5857/5795
f 3224/5858/5796 3225/5860/5798 3249/5861/5799 3248/5859/5797
f 3225/5862/5798 3226/5863/5800 3250/5864/5801 3249/5865/5799
f 3226/5863/5800 3227/5866/5802 3251/5867/5803 3250/5864/5801
f 3227/5866/5802 3228/5868/5804 3252/5869/5805 3251/5867/5803
f 3228/5868/5804 3229/5870/5806 3253/5871/5807 3252/5869/5805
f 3229/5872/5806 3230/5873/5808 3254/5874/5809 3253/5875/5807
f 3230/5873/5808 3231/5876/5810 3255/5877/5811 3254/5874/5809
f 3231/5876/5810 3232/5878/5812 3256/5879/5813 3255/5877/5811
f 3232/5878/5812 3233/5880/5814 3257/5881/5815 3256/5879/5813
f 3233/5880/5814 3234/5882/5816 3258/5883/5817 3257/5881/5815
f 3234/5882/5816 3235/5884/5818 3259/5885/5819 3258/5883/5817
f 3235/5884/5818 3236/5886/5820 3260/5887/5821 3259/5885/5819
f 3236/5886/5820 3237/5888/5822 3261/5889/5823 3260/5887/5821
f 3237/5890/5822 3238/5891/5824 3262/5892/5825 3261/5893/5823
f 3238/5891/5824 3215/5838/5778 3239/5841/5781 3262/5892/5825
s off
f 3239/5894/5826 3240/5895/5827 3241/5896/5828 3242/5897/5829 3243/5898/5830 3244/5899/5831 3245/5900/5832 3246/5901/5833 3247/5902/5834 3248/5903/5835 3249/5904/5836 3250/5905/5837 3251/5906/5838 3252/5907/5839 3253/5908/5840 3254/5909/5841 3255/5910/5842 3256/5911/5843 3257/5912/5844 3258/5913/5845 3259/5914/5846 3260/5915/5847 3261/5916/5848 3262/5917/5849
s 71
f 3263/5918/5850 3264/5919/5851 3355/5920/5852 3354/5921/5853
f 3264/5919/5851 3265/5922/5854 3356/5923/5855 3355/5920/5852
f 3265/5922/5854 3266/5924/5856 3357/5925/5857 3356/5923/5855
f 3266/5924/5856 3267/5926/5858 3358/5927/5859 3357/5925/5857
f 3267/5926/5858 3268/5928/5860 3359/5929/5861 3358/5927/5859
f 3268/5928/5860 3269/5930/5862 3360/5931/5863 3359/5929/5861
s 72
f 3269/5932/5864 3270/5933/5865 3361/5934/5866 3360/5935/5867
f 3270/5933/5865 3271/5936/5868 3362/5937/5869 3361/5934/5866
s off
f 3271/5936/5870 3272/5938/5871 3363/5939/5872 3362/5937/5873
s 73
f 3272/5940/5874 3273/5941/5875 3364/5942/5876 3363/5943/5877
f 3273/5941/5875 3274/5944/5878 3365/5945/5879 3364/5942/5876
f 3274/5944/5878 3275/5946/5880 3366/5947/5881 3365/5945/5879
f 3275/5946/5880 3276/5948/5882 3367/5949/5883 3366/5947/5881
f 3276/5948/5882 3277/5950/5884 3368/5951/5885 3367/5949/5883
f 3277/5950/5884 3278/5952/5886 3369/5953/5887 3368/5951/5885
f 3278/5952/5886 3279/5954/5888 3370/5955/5889 3369/5953/5887
s 74
f 3279/5956/5890 3280/5957/5891 3371/5958/5892 3370/5959/5893
f 3280/5957/5891 3281/5960/5894 3372/5961/5895 3371/5958/5892
f 3281/5960/5894 3282/5962/5896 3373/5963/5897 3372/5961/5895
f 3282/5962/5896 3283/5964/5898 3374/5965/5899 3373/5963/5897
s off
f 3283/5964/5900 3284/5966/5901 3375/5967/5902 3374/5965/5903
s 75
f 3284/5968/5904 3285/5969/5905 3376/5970/5906 3375/5971/5907
f 3285/5969/5905 3286/5972/5908 3377/5973/5909 3376/5970/5906
f 3286/5972/5908 3287/5974/5910 3378/5975/5911 3377/5973/5909
s off
f 3287/5976/5912 3288/5977/5913 3379/5978/5914 3378/5979/5915
s 76
f 3288/5977/5916 3289/5980/5917 3380/5981/5918 3379/5978/5919
f 3289/5980/5917 3290/5982/5920 3381/5983/5921 3380/5981/5918
f 3290/5982/5920 3291/5984/5922 3382/5985/5923 3381/5983/5921
s off
f 3291/5984/5924 3292/5986/5925 3383/5987/5926 3382/5985/5927
s 77
f 3292/5988/5928 3293/5989/5929 3384/5990/5930 3383/5991/5931
f 3293/5989/5929 3294/5992/5932 3385/5993/5933 3384/5990/5930
f 3294/5992/5932 3295/5994/5934 3386/5995/5935 3385/5993/5933
s off
f 3295/5996/5936 3296/5997/5937 3387/5998/5938 3386/5999/5939
s 78
f 3296/5997/5940 3297/6000/5941 3388/6001/5942 3387/5998/5943
f 3297/6000/5941 3298/6002/5944 3389/6003/5945 3388/6001/5942
f 3298/6002/5944 3299/6004/5946 3390/6005/5947 3389/6003/5945
s off
f 3299/6004/5948 3300/6006/5949 3391/6007/5950 3390/6005/5951
s 79
f 3300/6008/5952 3301/6009/5953 3392/6010/5954 3391/6011/5955
f 3301/6009/5953 3302/6012/5956 3393/6013/5957 3392/6010/5954
f 3302/6012/5956 3303/6014/5958 3394/6015/5959 3393/6013/5957
s off
f 3303/6016/5960 3304/6017/5961 3395/6018/5962 3394/6019/5963
s 80
f 3304/6017/5964 3305/6020/5965 3396/6021/5966 3395/6018/5967
f 3305/6020/5965 3306/6022/5968 3397/6023/5969 3396/6021/5966
f 3306/6022/5968 3307/6024/5970 3398/6025/5971 3397/6023/5969
s off
f 3307/6024/5972 3308/6026/5973 3399/6027/5974 3398/6025/5975
s 81
f 3308/6028/5976 3309/6029/5977 3400/6030/5978 3399/6031/5979
f 3309/6029/5977 3310/6032/5980 3401/6033/5981 3400/6030/5978
f 3310/6032/5980 3311/6034/5982 3402/6035/5983 3401/6033/5981
s off
f 3311/6036/5984 3312/6037/5985 3403/6038/5986 3402/6039/5987
s 82
f 3312/6037/5988 3313/6040/5989 3404/6041/5990 3403/6038/5991
f 3313/6040/5989 3314/6042/5992 3405/6043/5993 3404/6041/5990
s 83
f 3314/6042/5994 3315/6044/5995 3406/6045/5996 3405/6043/5997
f 3315/6044/5995 3316/6046/5998 3407/6047/5999 3406/6045/5996
f 3316/6048/5998 3317/6049/6000 3408/6050/6001 3407/6051/5999
f 3317/6049/6000 3318/6052/6002 3409/6053/6003 3408/6050/6001
f 3318/6052/6002 3319/6054/6004 3410/6055/6005 3409/6053/6003
f 3319/6054/6004 3320/6056/6006 3411/6057/6007 3410/6055/6005
f 3320/6056/6006 3321/6058/6008 3412/6059/6009 3411/6057/6007
f 3321/6058/6008 3322/6060/6010 3413/6061/6011 3412/6059/6009
f 3322/6062/6010 3323/6063/6012 3414/6064/6013 3413/6065/6011
f 3323/6063/6012 3324/6066/6014 3415/6067/6015 3414/6064/6013
f 3324/6066/6014 3325/6068/6016 3416/6069/6017 3415/6067/6015
f 3325/6068/6016 3326/6070/6018 3417/6071/6019 3416/6069/6017
f 3326/6070/6018 3327/6072/6020 3418/6073/6021 3417/6071/6019
f 3327/6072/6020 3328/6074/6022 3419/6075/6023 3418/6073/6021
s off
f 3328/6074/6024 3329/6076/6025 3420/6077/6026 3419/6075/6027
s 84
f 3329/6078/6028 3330/6079/6029 3421/6080/6030 3420/6081/6031
f 3330/6079/6029 3331/6082/6032 3422/6083/6033 3421/6080/6030
f 3331/6082/6032 3332/6084/6034 3423/6085/6035 3422/6083/6033
s off
f 3332/6086/6036 3333/6087/6037 3424/6088/6038 3423/6089/6039
s 85
f 3333/6087/6040 3334/6090/6041 3425/6091/6042 3424/6088/6043
f 3334/6090/6041 3335/6092/6044 3426/6093/6045 3425/6091/6042
f 3335/6092/6044 3336/6094/6046 3427/6095/6047 3426/6093/6045
s off
f 3336/6094/6048 3337/6096/6049 3428/6097/6050 3427/6095/6051
s 86
f 3337/6098/6052 3338/6099/6053 3429/6100/6054 3428/6101/6055
f 3338/6099/6053 3339/6102/6056 3430/6103/6057 3429/6100/6054
f 3339/6102/6056 3340/6104/6058 3431/6105/6059 3430/6103/6057
s off
f 3340/6106/6060 3341/6107/6061 3432/6108/6062 3431/6109/6063
s 87
f 3341/6107/6064 3342/6110/6065 3433/6111/6066 3432/6108/6067
f 3342/6110/6065 3343/6112/6068 3434/6113/6069 3433/6111/6066
f 3343/6112/6068 3344/6114/6070 3435/6115/6071 3434/6113/6069
s off
f 3344/6114/6072 3345/6116/6073 3436/6117/6074 3435/6115/6075
s 88
f 3345/6118/6076 3346/6119/6077 3437/6120/6078 3436/6121/6079
f 3346/6119/6077 3347/6122/6080 3438/6123/6081 3437/6120/6078
f 3347/6122/6080 3348/6124/6082 3439/6125/6083 3438/6123/6081
s off
f 3348/6126/6084 3349/6127/6085 3440/6128/6086 3439/6129/6087
s 89
f 3349/6127/6088 3350/6130/6089 3441/6131/6090 3440/6128/6091
f 3350/6130/6089 3351/6132/6092 3442/6133/6093 3441/6131/6090
f 3351/6132/6092 3352/6134/6094 3443/6135/6095 3442/6133/6093
s off
f 3352/6134/6096 3353/6136/6097 3444/6137/6098 3443/6135/6099
s 71
f 3353/6138/6100 3263/5918/5850 3354/5921/5853 3444/6139/6101
s off
f 3354/6140/6102 3355/6141/6103 3356/6142/6104 3357/6143/6105 3358/6144/6106 3359/6145/6107 3360/6146/6108 3361/6147/6109 3362/6148/6110 3363/6149/6111 3364/6150/6112 3365/6151/6113 3366/6152/6114 3367/6153/6115 3368/6154/6116 3369/6155/6117 3370/6156/6118 3371/6157/6119 3372/6158/6120 3373/6159/6121 3374/6160/6122 3375/6161/6123 3376/6162/6124 3377/6163/6125 3378/6164/6126 3379/6165/6127 3380/6166/6128 3381/6167/6129 3382/6168/6130 3383/6169/6131 3384/6170/6132 3385/6171/6133 3386/6172/6134 3387/6173/6135 3388/6174/6136 3389/6175/6137 3390/6176/6138 3391/6177/6139 3392/6178/6140 3393/6179/6141 3394/6180/6142 3395/6181/6143 3396/6182/6144 3397/6183/6145 3398/6184/6146 3399/6185/6147 3400/6186/6148 3401/6187/6149 3402/6188/6150 3403/6189/6151 3404/6190/6152 3405/6191/6153 3406/6192/6154 3407/6193/6155 3408/6194/6156 3409/6195/6157 3410/6196/6158 3411/6197/6159 3412/6198/6160 3413/6199/6161 3414/6200/6162 3415/6201/6163 3416/6202/6164 3417/6203/6165 3418/6204/6166 3419/6205/6167 3420/6206/6168 3421/6207/6169 3422/6208/6170 3423/6209/6171 3424/6210/6172 3425/6211/6173 3426/6212/6174 3427/6213/6175 3428/6214/6176 3429/6215/6177 3430/6216/6178 3431/6217/6179 3432/6218/6180 3433/6219/6181 3434/6220/6182 3435/6221/6183 3436/6222/6184 3437/6223/6185 3438/6224/6186 3439/6225/6187 3440/6226/6188 3441/6227/6189 3442/6228/6190 3443/6229/6191 3444/6230/6192
g default
v -1.357507 0.000000 0.578737
v 1.323749 0.000000 0.578737
v -1.357507 2.592760 -0.788345
v 1.323749 2.592760 -0.788345
v -1.357507 0.000000 -0.788345
v 1.323749 0.000000 -0.788345
v 1.323749 2.592760 -0.104804
v -1.357507 2.592760 -0.104804
v -1.357507 0.000000 -0.104804
v 1.323749 0.000000 -0.104804
v -1.357507 1.607390 0.578737
v 1.323749 1.607390 0.578737
v 1.323749 1.607391 -0.104804
v -1.357507 1.607390 -0.104804
v -1.357507 1.607390 -0.788345
v 1.323749 1.607390 -0.788345
v 1.870255 1.424534 0.005840
v 1.870255 1.748659 -0.128416
v 1.870255 2.072783 0.005840
v 1.870255 2.207040 0.329965
v 1.870255 2.072783 0.654089
v 1.870255 1.748659 0.788345
v 1.870255 1.424534 0.654089
v 1.870255 1.290277 0.329965
v 2.157327 1.424534 0.005840
v 2.157327 1.748659 -0.128416
v 2.157327 2.072783 0.005840
v 2.157327 2.207040 0.329965
v 2.157327 2.072783 0.654089
v 2.157327 1.748659 0.788345
v 2.157327 1.424534 0.654089
v 2.157327 1.290277 0.329965
v 1.870255 1.748659 0.329965
v 2.157327 1.748659 0.329965
v -0.371247 2.481651 -0.138975
v -0.749127 2.481651 -0.138975
v -0.854140 2.441813 -0.138975
v -0.912047 2.345649 -0.138975
v -0.956708 2.098586 -0.138975
v -0.933824 2.002556 -0.138975
v -0.843427 1.962732 -0.138975
v -0.480451 1.961982 -0.138975
v -0.465198 1.961982 -0.138975
v -0.442871 1.970400 -0.138975
v -0.430545 1.990832 -0.138975
v -0.382564 2.256536 -0.138975
v -0.387474 2.276946 -0.138975
v -0.406725 2.285393 -0.138975
v -0.650682 2.285393 -0.138975
v -0.664071 2.280334 -0.138975
v -0.671464 2.268067 -0.138975
v -0.687675 2.178256 -0.138975
v -0.684726 2.165997 -0.138975
v -0.673180 2.160929 -0.138975
v -0.561138 2.160929 -0.138975
v -0.557290 2.159243 -0.138975
v -0.556302 2.155127 -0.138975
v -0.565418 2.104730 -0.138975
v -0.567855 2.100636 -0.138975
v -0.572320 2.098928 -0.138975
v -0.780793 2.098928 -0.138975
v -0.792331 2.103995 -0.138975
v -0.795289 2.116254 -0.138975
v -0.756356 2.331919 -0.138975
v -0.748971 2.344185 -0.138975
v -0.735642 2.349252 -0.138975
v -0.395171 2.349252 -0.138975
v -0.372875 2.357693 -0.138975
v -0.360586 2.378102 -0.138975
v -0.347116 2.452801 -0.138975
v -0.351997 2.473211 -0.138975
v -0.371247 2.481651 -0.018241
v -0.749127 2.481651 -0.018241
v -0.854140 2.441813 -0.018241
v -0.912047 2.345649 -0.018241
v -0.956708 2.098586 -0.018241
v -0.933824 2.002556 -0.018241
v -0.843427 1.962732 -0.018241
v -0.480451 1.961982 -0.018241
v -0.465198 1.961982 -0.018241
v -0.442871 1.970400 -0.018241
v -0.430545 1.990832 -0.018241
v -0.382564 2.256536 -0.018241
v -0.387474 2.276946 -0.018241
v -0.406725 2.285393 -0.018241
v -0.650682 2.285393 -0.018241
v -0.664071 2.280334 -0.018241
v -0.671463 2.268067 -0.018241
v -0.687675 2.178256 -0.018241
v -0.684726 2.165997 -0.018241
v -0.673180 2.160929 -0.018241
v -0.561138 2.160929 -0.018241
v -0.557290 2.159243 -0.018241
v -0.556302 2.155127 -0.018241
v -0.565418 2.104730 -0.018241
v -0.567855 2.100636 -0.018241
v -0.572320 2.098928 -0.018241
v -0.780793 2.098928 -0.018241
v -0.792331 2.103995 -0.018241
v -0.795289 2.116254 -0.018241
v -0.756356 2.331919 -0.018241
v -0.748971 2.344185 -0.018241
v -0.735642 2.349252 -0.018241
v -0.395171 2.349252 -0.018241
v -0.372875 2.357693 -0.018241
v -0.360586 2.378102 -0.018241
v -0.347116 2.452801 -0.018241
v -0.351997 2.473211 -0.018241
v 0.210096 2.481926 -0.138975
v 0.210096 2.481919 -0.138975
v 0.085692 2.481919 -0.138975
v 0.070432 2.478130 -0.138975
v 0.057808 2.467698 -0.138975
v -0.063483 2.312378 -0.138975
v -0.070282 2.309785 -0.138975
v -0.076188 2.314377 -0.138975
v -0.140523 2.467698 -0.138975
v -0.149275 2.478130 -0.138975
v -0.163095 2.481919 -0.138975
v -0.287492 2.481919 -0.138975
v -0.304350 2.473204 -0.138975
v -0.307374 2.455833 -0.138975
v -0.180844 2.154161 -0.138975
v -0.179121 2.138700 -0.138975
v -0.205838 1.990839 -0.138975
v -0.200934 1.970429 -0.138975
v -0.181677 1.961982 -0.138975
v -0.083596 1.961982 -0.138975
v -0.061299 1.970429 -0.138975
v -0.049003 1.990839 -0.138975
v -0.022278 2.138700 -0.138975
v -0.015933 2.152846 -0.138975
v 0.220572 2.455766 -0.138975
v 0.223820 2.473196 -0.138975
v 0.210096 2.481926 -0.018241
v 0.210096 2.481919 -0.018241
v 0.085692 2.481919 -0.018241
v 0.070432 2.478130 -0.018241
v 0.057808 2.467698 -0.018241
v -0.063483 2.312378 -0.018241
v -0.070282 2.309785 -0.018241
v -0.076188 2.314377 -0.018241
v -0.140523 2.467698 -0.018241
v -0.149275 2.478130 -0.018241
v -0.163095 2.481919 -0.018241
v -0.287492 2.481919 -0.018241
v -0.304350 2.473204 -0.018241
v -0.307374 2.455833 -0.018241
v -0.180844 2.154161 -0.018241
v -0.179121 2.138700 -0.018241
v -0.205838 1.990839 -0.018241
v -0.200934 1.970429 -0.018241
v -0.181677 1.961982 -0.018241
v -0.083596 1.961982 -0.018241
v -0.061299 1.970429 -0.018241
v -0.049003 1.990839 -0.018241
v -0.022278 2.138700 -0.018241
v -0.015933 2.152846 -0.018241
v 0.220572 2.455766 -0.018241
v 0.223820 2.473196 -0.018241
v 1.326334 1.424534 0.005840
v 1.326334 1.748659 -0.128416
v 1.326334 2.072783 0.005840
v 1.326334 2.207040 0.329965
v 1.326334 2.072783 0.654089
v 1.326334 1.748659 0.788345
v 1.326334 1.424534 0.654089
v 1.326334 1.290277 0.329965
v 1.613405 1.424534 0.005840
v 1.613405 1.748659 -0.128416
v 1.613405 2.072783 0.005840
v 1.613405 2.207040 0.329965
v 1.613405 2.072783 0.654089
v 1.613405 1.748659 0.788345
v 1.613405 1.424534 0.654089
v 1.613405 1.290277 0.329965
v 1.326334 1.748659 0.329965
v 1.613405 1.748659 0.329965
v -1.418117 1.641994 0.163486
v -1.418117 1.725535 0.128882
v -1.418117 1.809076 0.163486
v -1.418117 1.843680 0.247027
v -1.418117 1.809076 0.330568
v -1.418117 1.725535 0.365172
v -1.418117 1.641994 0.330568
v -1.418117 1.607390 0.247027
v 1.384357 1.641994 0.163486
v 1.384357 1.725535 0.128882
v 1.384357 1.809076 0.163486
v 1.384357 1.843680 0.247027
v 1.384357 1.809076 0.330568
v 1.384357 1.725535 0.365172
v 1.384357 1.641994 0.330568
v 1.384357 1.607390 0.247027
v 0.413762 2.481592 -0.138975
v 0.300064 2.481592 -0.138975
v 0.277775 2.473137 -0.138975
v 0.265478 2.452727 -0.138975
v 0.182027 1.990839 -0.138975
v 0.186923 1.970429 -0.138975
v 0.206174 1.961982 -0.138975
v 0.294744 1.961982 -0.138975
v 0.317034 1.970437 -0.138975
v 0.329322 1.990847 -0.138975
v 0.362534 2.174675 -0.138975
v 0.423280 1.978758 -0.138975
v 0.431898 1.966544 -0.138975
v 0.446892 1.961982 -0.138975
v 0.564178 1.961982 -0.138975
v 0.580836 1.966544 -0.138975
v 0.593860 1.978758 -0.138975
v 0.725583 2.175648 -0.138975
v 0.692164 1.990847 -0.138975
v 0.697075 1.970429 -0.138975
v 0.716326 1.961989 -0.138975
v 0.804904 1.961989 -0.138975
v 0.827186 1.970437 -0.138975
v 0.839482 1.990847 -0.138975
v 0.922948 2.452734 -0.138975
v 0.918104 2.473137 -0.138975
v 0.898853 2.481592 -0.138975
v 0.785163 2.481592 -0.138975
v 0.768505 2.477030 -0.138975
v 0.755481 2.464815 -0.138975
v 0.539474 2.140921 -0.138975
v 0.532215 2.137838 -0.138975
v 0.526145 2.143194 -0.138975
v 0.437374 2.464815 -0.138975
v 0.428748 2.477030 -0.138975
v 0.413762 2.481592 -0.018241
v 0.300064 2.481592 -0.018241
v 0.277775 2.473137 -0.018241
v 0.265478 2.452727 -0.018241
v 0.182027 1.990839 -0.018241
v 0.186923 1.970429 -0.018241
v 0.206174 1.961982 -0.018241
v 0.294744 1.961982 -0.018241
v 0.317034 1.970437 -0.018241
v 0.329322 1.990847 -0.018241
v 0.362534 2.174675 -0.018241
v 0.423280 1.978758 -0.018241
v 0.431898 1.966544 -0.018241
v 0.446892 1.961982 -0.018241
v 0.564178 1.961982 -0.018241
v 0.580836 1.966544 -0.018241
v 0.593860 1.978758 -0.018241
v 0.725583 2.175648 -0.018241
v 0.692164 1.990847 -0.018241
v 0.697075 1.970429 -0.018241
v 0.716326 1.961989 -0.018241
v 0.804904 1.961989 -0.018241
v 0.827186 1.970437 -0.018241
v 0.839482 1.990847 -0.018241
v 0.922948 2.452734 -0.018241
v 0.918104 2.473137 -0.018241
v 0.898853 2.481592 -0.018241
v 0.785163 2.481592 -0.018241
v 0.768505 2.477030 -0.018241
v 0.755481 2.464815 -0.018241
v 0.539474 2.140921 -0.018241
v 0.532215 2.137838 -0.018241
v 0.526145 2.143194 -0.018241
v 0.437374 2.464815 -0.018241
v 0.428748 2.477030 -0.018241
v 1.606813 1.424534 0.005840
v 1.606813 1.748659 -0.128416
v 1.606813 2.072783 0.005840
v 1.606813 2.207040 0.329965
v 1.606813 2.072783 0.654089
v 1.606813 1.748659 0.788345
v 1.606813 1.424534 0.654089
v 1.606813 1.290277 0.329965
v 1.893885 1.424534 0.005840
v 1.893885 1.748659 -0.128416
v 1.893885 2.072783 0.005840
v 1.893885 2.207040 0.329965
v 1.893885 2.072783 0.654089
v 1.893885 1.748659 0.788345
v 1.893885 1.424534 0.654089
v 1.893885 1.290277 0.329965
v 1.606813 1.748659 0.329965
v 1.893885 1.748659 0.329965
v -2.157329 1.424534 0.005840
v -2.157329 1.748659 -0.128416
v -2.157329 2.072783 0.005840
v -2.157329 2.207040 0.329965
v -2.157329 2.072783 0.654089
v -2.157329 1.748659 0.788345
v -2.157329 1.424534 0.654089
v -2.157329 1.290277 0.329965
v -1.870257 1.424534 0.005840
v -1.870257 1.748659 -0.128416
v -1.870257 2.072783 0.005840
v -1.870257 2.207040 0.329965
v -1.870257 2.072783 0.654089
v -1.870257 1.748659 0.788345
v -1.870257 1.424534 0.654089
v -1.870257 1.290277 0.329965
v -2.157329 1.748659 0.329965
v -1.870257 1.748659 0.329965
v -1.613406 1.424534 0.005840
v -1.613406 1.748659 -0.128416
v -1.613406 2.072783 0.005840
v -1.613406 2.207040 0.329965
v -1.613406 2.072783 0.654089
v -1.613406 1.748659 0.788345
v -1.613406 1.424534 0.654089
v -1.613406 1.290277 0.329965
v -1.326335 1.424534 0.005840
v -1.326335 1.748659 -0.128416
v -1.326335 2.072783 0.005840
v -1.326335 2.207040 0.329965
v -1.326335 2.072783 0.654089
v -1.326335 1.748659 0.788345
v -1.326335 1.424534 0.654089
v -1.326335 1.290277 0.329965
v -1.613406 1.748659 0.329965
v -1.326335 1.748659 0.329965
v -1.876849 1.424534 0.005840
v -1.876849 1.748659 -0.128416
v -1.876849 2.072783 0.005840
v -1.876849 2.207040 0.329965
v -1.876849 2.072783 0.654089
v -1.876849 1.748659 0.788345
v -1.876849 1.424534 0.654089
v -1.876849 1.290277 0.329965
v -1.589778 1.424534 0.005840
v -1.589778 1.748659 -0.128416
v -1.589778 2.072783 0.005840
v -1.589778 2.207040 0.329965
v -1.589778 2.072783 0.654089
v -1.589778 1.748659 0.788345
v -1.589778 1.424534 0.654089
v -1.589778 1.290277 0.329965
v -1.876849 1.748659 0.329965
v -1.589778 1.748659 0.329965
vt 0.061740 0.610669
vt 0.019728 0.610669
vt 0.019728 0.445871
vt 0.061740 0.445871
vt 0.227810 0.646294
vt 0.129015 0.646294
vt 0.129015 0.481496
vt 0.227810 0.481496
vt 0.276125 0.481496
vt 0.276125 0.646294
vt 0.234112 0.646294
vt 0.234112 0.481496
vt 0.456293 0.481496
vt 0.498305 0.481496
vt 0.498305 0.580291
vt 0.456293 0.580291
vt 0.631919 0.580291
vt 0.589906 0.580291
vt 0.589906 0.481496
vt 0.631919 0.481496
vt 0.343400 0.646294
vt 0.282836 0.646294
vt 0.282836 0.481496
vt 0.343400 0.481496
vt 0.449844 0.646294
vt 0.351049 0.646294
vt 0.351049 0.481496
vt 0.449844 0.481496
vt 0.547894 0.580291
vt 0.547894 0.481496
vt 0.540318 0.580291
vt 0.540318 0.481496
vt 0.498305 0.640855
vt 0.456293 0.640855
vt 0.068451 0.646294
vt 0.068451 0.481496
vt 0.589906 0.640855
vt 0.631919 0.640855
vt 0.488294 0.921771
vt 0.488294 0.901849
vt 0.505939 0.901849
vt 0.505939 0.921771
vt 0.488294 0.881927
vt 0.505939 0.881927
vt 0.464515 0.921771
vt 0.464515 0.901849
vt 0.482159 0.901849
vt 0.482159 0.921771
vt 0.464515 0.881927
vt 0.482159 0.881927
vt 0.440735 0.921771
vt 0.440735 0.901849
vt 0.458379 0.901849
vt 0.458379 0.921771
vt 0.440735 0.881927
vt 0.458379 0.881927
vt 0.416955 0.921771
vt 0.416955 0.901849
vt 0.434600 0.901849
vt 0.434600 0.921771
vt 0.416955 0.881927
vt 0.434600 0.881927
vt 0.662226 0.872555
vt 0.670478 0.852633
vt 0.690400 0.872555
vt 0.670478 0.892476
vt 0.690400 0.900728
vt 0.710322 0.892476
vt 0.718573 0.872555
vt 0.710322 0.852633
vt 0.690400 0.844381
vt 0.647839 0.876661
vt 0.656091 0.896583
vt 0.627918 0.896583
vt 0.647839 0.916505
vt 0.627918 0.924756
vt 0.607996 0.916505
vt 0.599744 0.896583
vt 0.607996 0.876661
vt 0.627918 0.868410
vt 0.231312 0.889290
vt 0.231312 0.912516
vt 0.223891 0.912516
vt 0.223891 0.889290
vt 0.231312 0.918970
vt 0.223891 0.918970
vt 0.149432 0.926168
vt 0.149432 0.920258
vt 0.156853 0.920258
vt 0.156853 0.926168
vt 0.149432 0.905073
vt 0.156853 0.905073
vt 0.149432 0.899170
vt 0.156853 0.899170
vt 0.210335 0.918282
vt 0.210335 0.912726
vt 0.217756 0.912726
vt 0.217756 0.918282
vt 0.210335 0.890417
vt 0.217756 0.890417
vt 0.210335 0.889479
vt 0.217756 0.889479
vt 0.210335 0.888107
vt 0.217756 0.888107
vt 0.032995 0.935525
vt 0.032995 0.936781
vt 0.025574 0.936781
vt 0.025574 0.935525
vt 0.032995 0.953112
vt 0.025574 0.953112
vt 0.032995 0.954366
vt 0.025574 0.954366
vt 0.097310 0.939672
vt 0.097310 0.940855
vt 0.089890 0.940855
vt 0.089890 0.939672
vt 0.097310 0.955850
vt 0.089890 0.955850
vt 0.097310 0.956673
vt 0.089890 0.956673
vt 0.502129 0.954591
vt 0.501375 0.954591
vt 0.501375 0.947170
vt 0.502129 0.947170
vt 0.495855 0.954591
vt 0.495855 0.947170
vt 0.495102 0.954591
vt 0.495102 0.947170
vt 0.524362 0.954986
vt 0.524362 0.954276
vt 0.531783 0.954276
vt 0.531783 0.954986
vt 0.524362 0.947390
vt 0.531783 0.947390
vt 0.524362 0.947153
vt 0.531783 0.947153
vt 0.488966 0.950974
vt 0.488713 0.950974
vt 0.488713 0.943553
vt 0.488966 0.943553
vt 0.485616 0.950974
vt 0.485616 0.943553
vt 0.485364 0.950974
vt 0.485364 0.943553
vt 0.510488 0.929382
vt 0.510488 0.929656
vt 0.503068 0.929656
vt 0.503068 0.929382
vt 0.510488 0.942469
vt 0.503068 0.942469
vt 0.510488 0.943179
vt 0.503068 0.943179
vt 0.300002 0.924747
vt 0.300002 0.925501
vt 0.292581 0.925501
vt 0.292581 0.924747
vt 0.300002 0.938756
vt 0.292581 0.938756
vt 0.300002 0.939510
vt 0.292581 0.939510
vt 0.070011 0.934066
vt 0.070011 0.933246
vt 0.077432 0.933246
vt 0.077432 0.934066
vt 0.070011 0.912320
vt 0.077432 0.912320
vt 0.070011 0.910950
vt 0.077432 0.910950
vt 0.472129 0.943553
vt 0.473383 0.943553
vt 0.473383 0.950974
vt 0.472129 0.950974
vt 0.477974 0.943553
vt 0.477974 0.950974
vt 0.479229 0.943553
vt 0.479229 0.950974
vt 0.231312 0.888107
vt 0.223891 0.888107
vt 0.410820 0.883411
vt 0.410820 0.906636
vt 0.408371 0.913091
vt 0.402461 0.916650
vt 0.387276 0.919395
vt 0.381373 0.917988
vt 0.378926 0.912432
vt 0.378880 0.890123
vt 0.378880 0.889185
vt 0.379397 0.887813
vt 0.380653 0.887055
vt 0.396984 0.884106
vt 0.398238 0.884408
vt 0.398757 0.885591
vt 0.398757 0.900586
vt 0.398446 0.901409
vt 0.397693 0.901863
vt 0.392172 0.902859
vt 0.391419 0.902678
vt 0.391108 0.901968
vt 0.391108 0.895082
vt 0.391004 0.894845
vt 0.390751 0.894785
vt 0.387653 0.895345
vt 0.387402 0.895495
vt 0.387297 0.895769
vt 0.387297 0.908583
vt 0.387608 0.909292
vt 0.388362 0.909474
vt 0.401617 0.907081
vt 0.402371 0.906627
vt 0.402682 0.905808
vt 0.402682 0.884881
vt 0.403201 0.883511
vt 0.404456 0.882756
vt 0.409047 0.881927
vt 0.410301 0.882228
vt 0.508265 0.954591
vt 0.508264 0.954591
vt 0.508264 0.947170
vt 0.508265 0.947170
vt 0.083668 0.938659
vt 0.083668 0.946306
vt 0.076247 0.946306
vt 0.076247 0.938659
vt 0.083668 0.947244
vt 0.076247 0.947244
vt 0.083668 0.948019
vt 0.076247 0.948019
vt 0.083668 0.955474
vt 0.076247 0.955474
vt 0.083668 0.955892
vt 0.076247 0.955892
vt 0.980186 0.862455
vt 0.980186 0.862737
vt 0.972765 0.862737
vt 0.972765 0.862455
vt 0.980186 0.872161
vt 0.972765 0.872161
vt 0.980186 0.872802
vt 0.972765 0.872802
vt 0.794069 0.925652
vt 0.794069 0.926501
vt 0.786648 0.926501
vt 0.786648 0.925652
vt 0.794069 0.934147
vt 0.786648 0.934147
vt 0.794069 0.935183
vt 0.786648 0.935183
vt 0.264559 0.919009
vt 0.264559 0.917941
vt 0.271980 0.917941
vt 0.271980 0.919009
vt 0.264559 0.899400
vt 0.271980 0.899400
vt 0.264559 0.898449
vt 0.271980 0.898449
vt 0.264559 0.889362
vt 0.271980 0.889362
vt 0.264559 0.888107
vt 0.271980 0.888107
vt 0.651829 0.954620
vt 0.651829 0.953436
vt 0.659249 0.953436
vt 0.659249 0.954620
vt 0.651829 0.947408
vt 0.659249 0.947408
vt 0.651829 0.946037
vt 0.659249 0.946037
vt 0.285536 0.888107
vt 0.285536 0.889362
vt 0.278115 0.889362
vt 0.278115 0.888107
vt 0.285536 0.898449
vt 0.278115 0.898449
vt 0.285536 0.899319
vt 0.278115 0.899319
vt 0.285536 0.917937
vt 0.278115 0.917937
vt 0.285536 0.919009
vt 0.278115 0.919009
vt 0.285536 0.919545
vt 0.278115 0.919545
vt 0.323628 0.888951
vt 0.323628 0.888951
vt 0.323628 0.896597
vt 0.323395 0.897535
vt 0.322754 0.898311
vt 0.313207 0.905766
vt 0.313048 0.906183
vt 0.313330 0.906546
vt 0.322754 0.910501
vt 0.323395 0.911039
vt 0.323628 0.911888
vt 0.323628 0.919534
vt 0.323092 0.920570
vt 0.322025 0.920756
vt 0.303483 0.912979
vt 0.302533 0.912873
vt 0.293445 0.914515
vt 0.292190 0.914214
vt 0.291671 0.913030
vt 0.291671 0.907002
vt 0.292190 0.905631
vt 0.293445 0.904876
vt 0.302533 0.903233
vt 0.303402 0.902843
vt 0.322021 0.888307
vt 0.323092 0.888107
vt 0.488294 0.921771
vt 0.488294 0.901849
vt 0.505939 0.901849
vt 0.505939 0.921771
vt 0.488294 0.881927
vt 0.505939 0.881927
vt 0.464515 0.921771
vt 0.464515 0.901849
vt 0.482159 0.901849
vt 0.482159 0.921771
vt 0.464515 0.881927
vt 0.482159 0.881927
vt 0.440735 0.921771
vt 0.440735 0.901849
vt 0.458379 0.901849
vt 0.458379 0.921771
vt 0.440735 0.881927
vt 0.458379 0.881927
vt 0.416955 0.921771
vt 0.416955 0.901849
vt 0.434600 0.901849
vt 0.434600 0.921771
vt 0.416955 0.881927
vt 0.434600 0.881927
vt 0.662226 0.872555
vt 0.670478 0.852633
vt 0.690400 0.872555
vt 0.670478 0.892476
vt 0.690400 0.900728
vt 0.710322 0.892476
vt 0.718573 0.872555
vt 0.710322 0.852633
vt 0.690400 0.844381
vt 0.647839 0.876661
vt 0.656091 0.896583
vt 0.627918 0.896583
vt 0.647839 0.916505
vt 0.627918 0.924756
vt 0.607996 0.916505
vt 0.599744 0.896583
vt 0.607996 0.876661
vt 0.627918 0.868410
vt 0.052989 0.436060
vt 0.047854 0.436060
vt 0.047854 0.263811
vt 0.052989 0.263811
vt 0.042720 0.436060
vt 0.042720 0.263811
vt 0.036584 0.436059
vt 0.031450 0.436059
vt 0.031450 0.263811
vt 0.036584 0.263811
vt 0.026315 0.436059
vt 0.026315 0.263811
vt 0.020180 0.436059
vt 0.015045 0.436059
vt 0.015045 0.263811
vt 0.020180 0.263811
vt 0.009910 0.436059
vt 0.009910 0.263811
vt 0.012261 0.612299
vt 0.007127 0.612299
vt 0.007127 0.440051
vt 0.012261 0.440051
vt 0.001992 0.612299
vt 0.001992 0.440051
vt 0.780513 0.926754
vt 0.780513 0.933742
vt 0.773092 0.933742
vt 0.773092 0.926754
vt 0.780513 0.935112
vt 0.773092 0.935112
vt 0.251003 0.919005
vt 0.251003 0.917751
vt 0.258424 0.917751
vt 0.258424 0.919005
vt 0.251003 0.889362
vt 0.258424 0.889362
vt 0.251003 0.888107
vt 0.258424 0.888107
vt 0.561101 0.955120
vt 0.561101 0.953937
vt 0.568521 0.953937
vt 0.568521 0.955120
vt 0.561101 0.948493
vt 0.568521 0.948493
vt 0.561101 0.947123
vt 0.568521 0.947123
vt 0.765801 0.909835
vt 0.765801 0.911090
vt 0.758380 0.911090
vt 0.758380 0.909835
vt 0.765801 0.922388
vt 0.758380 0.922388
vt 0.692116 0.917512
vt 0.692116 0.905470
vt 0.699537 0.905470
vt 0.699537 0.917512
vt 0.692116 0.904720
vt 0.699537 0.904720
vt 0.039217 0.953576
vt 0.039217 0.952654
vt 0.046638 0.952654
vt 0.046638 0.953576
vt 0.039217 0.945445
vt 0.046638 0.945445
vt 0.039217 0.944421
vt 0.046638 0.944421
vt 0.039217 0.943621
vt 0.046638 0.943621
vt 0.039217 0.935525
vt 0.046638 0.935525
vt 0.721350 0.918529
vt 0.721350 0.907170
vt 0.728771 0.907170
vt 0.728771 0.918529
vt 0.721350 0.905915
vt 0.728771 0.905915
vt 0.547545 0.955120
vt 0.547545 0.953937
vt 0.554965 0.953937
vt 0.554965 0.955120
vt 0.547545 0.948492
vt 0.554965 0.948492
vt 0.547545 0.947123
vt 0.554965 0.947123
vt 0.244867 0.888107
vt 0.244867 0.889361
vt 0.237447 0.889361
vt 0.237447 0.888107
vt 0.244867 0.917750
vt 0.237447 0.917750
vt 0.244867 0.919004
vt 0.237447 0.919004
vt 0.090988 0.910950
vt 0.090988 0.912133
vt 0.083567 0.912133
vt 0.083567 0.910950
vt 0.090988 0.919121
vt 0.083567 0.919121
vt 0.090988 0.920145
vt 0.083567 0.920145
vt 0.090988 0.920945
vt 0.083567 0.920945
vt 0.090988 0.934221
vt 0.083567 0.934221
vt 0.090988 0.934668
vt 0.083567 0.934668
vt 0.063875 0.910950
vt 0.063875 0.911279
vt 0.056455 0.911279
vt 0.056455 0.910950
vt 0.063875 0.931047
vt 0.056455 0.931047
vt 0.063875 0.931797
vt 0.056455 0.931797
vt 0.780513 0.925833
vt 0.773092 0.925833
vt 0.593609 0.907784
vt 0.593609 0.914773
vt 0.593089 0.916143
vt 0.591835 0.916898
vt 0.563446 0.922027
vt 0.562191 0.921726
vt 0.561672 0.920543
vt 0.561672 0.915099
vt 0.562192 0.913729
vt 0.563446 0.912974
vt 0.574745 0.910933
vt 0.562703 0.907199
vt 0.561952 0.906670
vt 0.561672 0.905748
vt 0.561672 0.898539
vt 0.561952 0.897515
vt 0.562703 0.896715
vt 0.574805 0.888619
vt 0.563446 0.890673
vt 0.562191 0.890371
vt 0.561673 0.889188
vt 0.561673 0.883744
vt 0.562192 0.882374
vt 0.563446 0.881618
vt 0.591835 0.876488
vt 0.593089 0.876786
vt 0.593609 0.877969
vt 0.593609 0.884957
vt 0.593328 0.885981
vt 0.592578 0.886781
vt 0.572670 0.900058
vt 0.572481 0.900504
vt 0.572810 0.900877
vt 0.592578 0.906333
vt 0.593328 0.906863
vt 0.488294 0.921771
vt 0.488294 0.901849
vt 0.505939 0.901849
vt 0.505939 0.921771
vt 0.488294 0.881927
vt 0.505939 0.881927
vt 0.464515 0.921771
vt 0.464515 0.901849
vt 0.482159 0.901849
vt 0.482159 0.921771
vt 0.464515 0.881927
vt 0.482159 0.881927
vt 0.440735 0.921771
vt 0.440735 0.901849
vt 0.458379 0.901849
vt 0.458379 0.921771
vt 0.440735 0.881927
vt 0.458379 0.881927
vt 0.416955 0.921771
vt 0.416955 0.901849
vt 0.434600 0.901849
vt 0.434600 0.921771
vt 0.416955 0.881927
vt 0.434600 0.881927
vt 0.662226 0.872555
vt 0.670478 0.852633
vt 0.690400 0.872555
vt 0.670478 0.892476
vt 0.690400 0.900728
vt 0.710322 0.892476
vt 0.718573 0.872555
vt 0.710322 0.852633
vt 0.690400 0.844381
vt 0.647839 0.876661
vt 0.656091 0.896583
vt 0.627918 0.896583
vt 0.647839 0.916505
vt 0.627918 0.924756
vt 0.607996 0.916505
vt 0.599744 0.896583
vt 0.607996 0.876661
vt 0.627918 0.868410
vt 0.488294 0.921771
vt 0.488294 0.901849
vt 0.505939 0.901849
vt 0.505939 0.921771
vt 0.488294 0.881927
vt 0.505939 0.881927
vt 0.464515 0.921771
vt 0.464515 0.901849
vt 0.482159 0.901849
vt 0.482159 0.921771
vt 0.464515 0.881927
vt 0.482159 0.881927
vt 0.440735 0.921771
vt 0.440735 0.901849
vt 0.458379 0.901849
vt 0.458379 0.921771
vt 0.440735 0.881927
vt 0.458379 0.881927
vt 0.416955 0.921771
vt 0.416955 0.901849
vt 0.434600 0.901849
vt 0.434600 0.921771
vt 0.416955 0.881927
vt 0.434600 0.881927
vt 0.662226 0.872555
vt 0.670478 0.852633
vt 0.690400 0.872555
vt 0.670478 0.892476
vt 0.690400 0.900728
vt 0.710322 0.892476
vt 0.718573 0.872555
vt 0.710322 0.852633
vt 0.690400 0.844381
vt 0.647839 0.876661
vt 0.656091 0.896583
vt 0.627918 0.896583
vt 0.647839 0.916505
vt 0.627918 0.924756
vt 0.607996 0.916505
vt 0.599744 0.896583
vt 0.607996 0.876661
vt 0.627918 0.868410
vt 0.488294 0.921771
vt 0.488294 0.901849
vt 0.505939 0.901849
vt 0.505939 0.921771
vt 0.488294 0.881927
vt 0.505939 0.881927
vt 0.464515 0.921771
vt 0.464515 0.901849
vt 0.482159 0.901849
vt 0.482159 0.921771
vt 0.464515 0.881927
vt 0.482159 0.881927
vt 0.440735 0.921771
vt 0.440735 0.901849
vt 0.458379 0.901849
vt 0.458379 0.921771
vt 0.440735 0.881927
vt 0.458379 0.881927
vt 0.416955 0.921771
vt 0.416955 0.901849
vt 0.434600 0.901849
vt 0.434600 0.921771
vt 0.416955 0.881927
vt 0.434600 0.881927
vt 0.662226 0.872555
vt 0.670478 0.852633
vt 0.690400 0.872555
vt 0.670478 0.892476
vt 0.690400 0.900728
vt 0.710322 0.892476
vt 0.718573 0.872555
vt 0.710322 0.852633
vt 0.690400 0.844381
vt 0.647839 0.876661
vt 0.656091 0.896583
vt 0.627918 0.896583
vt 0.647839 0.916505
vt 0.627918 0.924756
vt 0.607996 0.916505
vt 0.599744 0.896583
vt 0.607996 0.876661
vt 0.627918 0.868410
vt 0.488294 0.921771
vt 0.488294 0.901849
vt 0.505939 0.901849
vt 0.505939 0.921771
vt 0.488294 0.881927
vt 0.505939 0.881927
vt 0.464515 0.921771
vt 0.464515 0.901849
vt 0.482159 0.901849
vt 0.482159 0.921771
vt 0.464515 0.881927
vt 0.482159 0.881927
vt 0.440735 0.921771
vt 0.440735 0.901849
vt 0.458379 0.901849
vt 0.458379 0.921771
vt 0.440735 0.881927
vt 0.458379 0.881927
vt 0.416955 0.921771
vt 0.416955 0.901849
vt 0.434600 0.901849
vt 0.434600 0.921771
vt 0.416955 0.881927
vt 0.434600 0.881927
vt 0.662226 0.872555
vt 0.670478 0.852633
vt 0.690400 0.872555
vt 0.670478 0.892476
vt 0.690400 0.900728
vt 0.710322 0.892476
vt 0.718573 0.872555
vt 0.710322 0.852633
vt 0.690400 0.844381
vt 0.647839 0.876661
vt 0.656091 0.896583
vt 0.627918 0.896583
vt 0.647839 0.916505
vt 0.627918 0.924756
vt 0.607996 0.916505
vt 0.599744 0.896583
vt 0.607996 0.876661
vt 0.627918 0.868410
vn -0.000000 1.000000 0.000000
vn -0.000000 1.000000 0.000000
vn -0.000000 1.000000 0.000000
vn -0.000000 1.000000 0.000000
vn 0.000000 0.000000 -1.000000
vn 0.000000 0.000000 -1.000000
vn 0.000000 0.000000 -1.000000
vn 0.000000 0.000000 -1.000000
vn 0.000000 1.000000 0.000000
vn 0.000000 1.000000 0.000000
vn 0.000000 1.000000 0.000000
vn 0.000000 1.000000 0.000000
vn -1.000000 0.000000 0.000000
vn -1.000000 0.000000 0.000000
vn -1.000000 0.000000 0.000000
vn -1.000000 0.000000 0.000000
vn 1.000000 0.000000 0.000000
vn 1.000000 0.000000 0.000000
vn 1.000000 0.000000 0.000000
vn 1.000000 0.000000 0.000000
vn 0.000000 0.000000 1.000000
vn 0.000000 0.000000 1.000000
vn 0.000000 0.000000 1.000000
vn 0.000000 0.000000 1.000000
vn 0.000000 0.000000 1.000000
vn 0.000000 0.000000 1.000000
vn 0.000000 0.000000 1.000000
vn 0.000000 0.000000 1.000000
vn 1.000000 0.000000 0.000000
vn 1.000000 0.000000 0.000000
vn 1.000000 0.000000 0.000000
vn 1.000000 0.000000 0.000000
vn -1.000000 0.000000 0.000000
vn -1.000000 0.000000 0.000000
vn -1.000000 0.000000 0.000000
vn -1.000000 0.000000 0.000000
vn -1.000000 0.000000 0.000000
vn -1.000000 0.000000 0.000000
vn 0.000000 0.000000 -1.000000
vn 0.000000 0.000000 -1.000000
vn 1.000000 0.000000 0.000000
vn 1.000000 0.000000 0.000000
vn 0.000000 -0.707106 -0.707107
vn 0.000000 0.000000 -1.000000
vn 0.000000 0.000000 -1.000000
vn 0.000000 -0.707106 -0.707107
vn 0.000000 0.707106 -0.707107
vn 0.000000 0.707106 -0.707107
vn 0.000000 1.000000 0.000000
vn 0.000000 1.000000 0.000000
vn 0.000000 0.707106 0.707107
vn 0.000000 0.707106 0.707107
vn 0.000000 0.000000 1.000000
vn 0.000000 0.000000 1.000000
vn 0.000000 -0.707106 0.707107
vn 0.000000 -0.707106 0.707107
vn 0.000000 -1.000000 -0.000000
vn 0.000000 -1.000000 -0.000000
vn -1.000000 0.000000 0.000000
vn -1.000000 0.000000 0.000000
vn -1.000000 0.000000 0.000000
vn -1.000000 0.000000 0.000000
vn -1.000000 0.000000 0.000000
vn -1.000000 0.000000 0.000000
vn -1.000000 0.000000 0.000000
vn -1.000000 0.000000 0.000000
vn -1.000000 0.000000 0.000000
vn 1.000000 -0.000000 0.000000
vn 1.000000 0.000000 0.000000
vn 1.000000 -0.000000 0.000000
vn 1.000000 0.000000 0.000000
vn 1.000000 0.000000 0.000000
vn 1.000000 0.000000 0.000000
vn 1.000000 -0.000000 0.000000
vn 1.000000 -0.000000 0.000000
vn 1.000000 0.000000 0.000000
vn 0.021248 0.999774 0.000000
vn -0.082220 0.996614 0.000000
vn -0.082220 0.996614 0.000000
vn 0.021248 0.999774 0.000000
vn -0.354702 0.934980 0.000000
vn -0.354702 0.934980 0.000000
vn -0.856671 0.515863 0.000000
vn -0.958133 0.286323 0.000000
vn -0.958133 0.286323 0.000000
vn -0.856671 0.515863 0.000000
vn -0.997992 0.063343 0.000000
vn -0.997992 0.063343 0.000000
vn -0.972760 -0.231813 0.000000
vn -0.972760 -0.231813 0.000000
vn -0.403154 -0.915132 0.000000
vn -0.089138 -0.996019 0.000000
vn -0.089138 -0.996019 0.000000
vn -0.403154 -0.915132 0.000000
vn -0.001984 -0.999998 0.000000
vn -0.001984 -0.999998 0.000000
vn 0.218587 -0.975818 0.000000
vn 0.218587 -0.975818 0.000000
vn 0.352796 -0.935700 0.000000
vn 0.352796 -0.935700 0.000000
vn 0.856249 -0.516563 0.000000
vn 0.978503 -0.206234 0.000000
vn 0.978503 -0.206234 0.000000
vn 0.856249 -0.516563 0.000000
vn 0.988858 -0.148860 0.000000
vn 0.988858 -0.148860 0.000000
vn 0.972256 0.233921 0.000000
vn 0.972256 0.233921 0.000000
vn 0.401832 0.915713 0.000000
vn 0.032078 0.999485 0.000000
vn 0.032078 0.999485 0.000000
vn 0.401832 0.915713 0.000000
vn -0.019657 0.999807 0.000000
vn -0.019657 0.999807 0.000000
vn -0.353511 0.935431 0.000000
vn -0.353511 0.935431 0.000000
vn -0.856492 0.516161 0.000003
vn -0.974293 0.225285 0.000004
vn -0.974293 0.225285 0.000004
vn -0.856492 0.516161 0.000003
vn -0.991664 0.128849 0.000003
vn -0.991664 0.128849 0.000003
vn -0.972268 -0.233869 0.000000
vn -0.972268 -0.233869 0.000000
vn -0.401863 -0.915700 0.000000
vn -0.040966 -0.999161 0.000000
vn -0.040966 -0.999161 0.000000
vn -0.401863 -0.915700 0.000000
vn -0.014552 -0.999894 0.000000
vn -0.014552 -0.999894 0.000000
vn -0.401425 -0.915892 0.000000
vn -0.401425 -0.915892 0.000000
vn -0.972382 -0.233396 0.000000
vn -0.989066 0.147476 0.000000
vn -0.989066 0.147476 0.000000
vn -0.972382 -0.233396 0.000000
vn -0.978255 0.207405 0.000000
vn -0.978255 0.207405 0.000000
vn -0.859311 0.511454 0.000000
vn -0.859311 0.511454 0.000000
vn -0.357409 0.933948 0.000000
vn -0.008024 0.999968 0.000000
vn -0.008024 0.999968 0.000000
vn -0.357409 0.933948 0.000000
vn 0.023025 0.999735 0.000000
vn 0.023025 0.999735 0.000000
vn 0.402113 0.915590 0.000000
vn 0.402113 0.915590 0.000000
vn 0.972098 0.234577 0.000000
vn 0.987772 -0.155906 0.000000
vn 0.987772 -0.155906 0.000000
vn 0.972098 0.234577 0.000000
vn 0.979971 -0.199141 0.000000
vn 0.979971 -0.199141 0.000000
vn 0.856713 -0.515794 0.000000
vn 0.856713 -0.515794 0.000000
vn 0.355356 -0.934731 0.000000
vn 0.014321 -0.999897 0.000000
vn 0.014321 -0.999897 0.000000
vn 0.355356 -0.934731 0.000000
vn 0.023260 -0.999729 0.000000
vn 0.023260 -0.999729 0.000000
vn 0.354037 -0.935231 0.000000
vn 0.354037 -0.935231 0.000000
vn 0.856690 -0.515831 0.000000
vn 0.965224 -0.261426 0.000000
vn 0.965224 -0.261426 0.000000
vn 0.856690 -0.515831 0.000000
vn 0.995947 -0.089939 0.000000
vn 0.995947 -0.089939 0.000000
vn 0.972565 0.232632 0.000000
vn 0.972565 0.232632 0.000000
vn 0.401554 0.915835 0.000000
vn 0.401554 0.915835 0.000000
vn -0.000000 0.000000 1.000000
vn -0.000000 0.000000 1.000000
vn -0.000000 0.000000 1.000000
vn -0.000000 0.000000 1.000000
vn -0.000000 0.000000 1.000000
vn -0.000000 0.000000 1.000000
vn -0.000000 0.000000 1.000000
vn -0.000000 0.000000 1.000000
vn -0.000000 0.000000 1.000000
vn -0.000000 0.000000 1.000000
vn -0.000000 0.000000 1.000000
vn -0.000000 0.000000 1.000000
vn -0.000000 0.000000 1.000000
vn -0.000000 0.000000 1.000000
vn -0.000000 0.000000 1.000000
vn -0.000000 0.000000 1.000000
vn -0.000000 0.000000 1.000000
vn -0.000000 0.000000 1.000000
vn -0.000000 0.000000 1.000000
vn -0.000000 0.000000 1.000000
vn -0.000000 0.000000 1.000000
vn -0.000000 0.000000 1.000000
vn -0.000000 0.000000 1.000000
vn -0.000000 0.000000 1.000000
vn -0.000000 0.000000 1.000000
vn -0.000000 0.000000 1.000000
vn -0.000000 0.000000 1.000000
vn -0.000000 0.000000 1.000000
vn -0.000000 0.000000 1.000000
vn -0.000000 0.000000 1.000000
vn -0.000000 0.000000 1.000000
vn -0.000000 0.000000 1.000000
vn -0.000000 0.000000 1.000000
vn -0.000000 0.000000 1.000000
vn -0.000000 0.000000 1.000000
vn -0.000000 0.000000 1.000000
vn -0.000000 0.000000 1.000000
vn -1.000000 0.000000 0.000000
vn -1.000000 0.000000 0.000000
vn -1.000000 0.000000 0.000000
vn -1.000000 0.000000 0.000000
vn 0.000000 1.000000 0.000000
vn -0.027121 0.999632 0.000000
vn -0.027121 0.999632 0.000000
vn 0.000000 1.000000 0.000000
vn -0.454317 0.890840 0.000000
vn -0.454317 0.890840 0.000000
vn -0.777852 0.628448 0.000000
vn -0.777852 0.628448 0.000000
vn -0.788153 0.615479 0.000000
vn -0.788153 0.615479 0.000000
vn -0.356360 0.934349 0.000000
vn -0.356360 0.934349 0.000000
vn -0.356360 0.934349 0.000000
vn -0.356360 0.934349 0.000000
vn 0.613760 0.789493 0.000000
vn 0.913688 0.406417 0.000000
vn 0.913688 0.406417 0.000000
vn 0.613760 0.789493 0.000000
vn 0.913174 0.407571 0.000000
vn 0.913174 0.407571 0.000000
vn 0.766089 0.642735 0.000000
vn 0.766089 0.642735 0.000000
vn 0.264428 0.964406 0.000000
vn 0.027404 0.999624 0.000000
vn 0.027404 0.999624 0.000000
vn 0.264428 0.964406 0.000000
vn -0.061581 0.998102 0.000000
vn -0.061581 0.998102 0.000000
vn -0.459234 0.888316 0.000000
vn -0.459234 0.888316 0.000000
vn -0.985182 0.171510 0.000000
vn -0.985182 0.171510 0.000000
vn -0.985182 0.171510 0.000000
vn -0.985182 0.171510 0.000000
vn -0.922170 -0.386784 0.000000
vn -0.927059 -0.374915 0.000000
vn -0.927059 -0.374915 0.000000
vn -0.922170 -0.386784 0.000000
vn -0.988492 0.151274 0.000000
vn -0.988492 0.151274 0.000000
vn -0.991702 0.128558 0.000000
vn -0.991702 0.128558 0.000000
vn -0.972328 -0.233619 0.000000
vn -0.972328 -0.233619 0.000000
vn -0.401716 -0.915765 0.000000
vn -0.071808 -0.997419 0.000000
vn -0.071808 -0.997419 0.000000
vn -0.401716 -0.915765 0.000000
vn 0.070004 -0.997547 0.000000
vn 0.070004 -0.997547 0.000000
vn 0.354295 -0.935134 0.000000
vn 0.354295 -0.935134 0.000000
vn 0.856550 -0.516064 0.000000
vn 0.974150 -0.225903 0.000000
vn 0.974150 -0.225903 0.000000
vn 0.856550 -0.516064 0.000000
vn 0.979796 -0.200001 0.000000
vn 0.979796 -0.200001 0.000000
vn 0.793889 -0.608063 0.000000
vn 0.793889 -0.608063 0.000000
vn 0.800611 -0.599184 0.000000
vn 0.800611 -0.599184 0.000000
vn 0.983085 -0.183150 0.000000
vn 0.983085 -0.183150 0.000000
vn 0.536744 0.843745 -0.000002
vn 0.536744 0.843745 -0.000002
vn 0.536744 0.843745 -0.000002
vn 0.536744 0.843745 -0.000002
vn -0.000000 0.000000 1.000000
vn -0.000000 0.000000 1.000000
vn -0.000000 0.000000 1.000000
vn -0.000000 0.000000 1.000000
vn -0.000000 0.000000 1.000000
vn -0.000000 0.000000 1.000000
vn -0.000000 0.000000 1.000000
vn -0.000000 0.000000 1.000000
vn -0.000000 0.000000 1.000000
vn -0.000000 0.000000 1.000000
vn -0.000000 0.000000 1.000000
vn -0.000000 0.000000 1.000000
vn -0.000000 0.000000 1.000000
vn -0.000000 0.000000 1.000000
vn -0.000000 0.000000 1.000000
vn -0.000000 0.000000 1.000000
vn -0.000000 0.000000 1.000000
vn -0.000000 0.000000 1.000000
vn -0.000000 0.000000 1.000000
vn -0.000000 0.000000 1.000000
vn -0.000000 0.000000 1.000000
vn -0.000000 0.000000 1.000000
vn -0.000000 0.000000 1.000000
vn -0.000000 0.000000 1.000000
vn -0.000000 0.000000 1.000000
vn -0.000000 0.000000 1.000000
vn 0.000000 -0.707106 -0.707107
vn 0.000000 0.000000 -1.000000
vn 0.000000 0.000000 -1.000000
vn 0.000000 -0.707106 -0.707107
vn 0.000000 0.707107 -0.707107
vn 0.000000 0.707107 -0.707107
vn 0.000000 1.000000 0.000000
vn 0.000000 1.000000 0.000000
vn 0.000000 0.707107 0.707107
vn 0.000000 0.707107 0.707107
vn 0.000000 0.000000 1.000000
vn 0.000000 0.000000 1.000000
vn 0.000000 -0.707106 0.707107
vn 0.000000 -0.707106 0.707107
vn 0.000000 -1.000000 -0.000000
vn 0.000000 -1.000000 -0.000000
vn -1.000000 0.000000 0.000000
vn -1.000000 0.000000 0.000000
vn -1.000000 0.000000 0.000000
vn -1.000000 0.000000 0.000000
vn -1.000000 0.000000 0.000000
vn -1.000000 0.000000 0.000000
vn -1.000000 0.000000 0.000000
vn -1.000000 0.000000 0.000000
vn -1.000000 0.000000 0.000000
vn 1.000000 0.000000 0.000000
vn 1.000000 0.000000 0.000000
vn 1.000000 0.000000 0.000000
vn 1.000000 0.000000 0.000000
vn 1.000000 0.000000 0.000000
vn 1.000000 -0.000000 0.000000
vn 1.000000 -0.000000 0.000000
vn 1.000000 0.000000 0.000000
vn 1.000000 0.000000 0.000000
vn 0.000000 -0.707106 -0.707107
vn 0.000000 -0.000000 -1.000000
vn 0.000000 -0.000000 -1.000000
vn 0.000000 -0.707106 -0.707107
vn 0.000000 0.707107 -0.707107
vn 0.000000 0.707107 -0.707107
vn 0.000000 1.000000 0.000000
vn 0.000000 1.000000 0.000000
vn 0.000000 0.707107 0.707107
vn 0.000000 0.707107 0.707107
vn 0.000000 -0.000000 1.000000
vn 0.000000 -0.000000 1.000000
vn 0.000000 -0.707106 0.707107
vn 0.000000 -0.707106 0.707107
vn 0.000000 -1.000000 0.000000
vn 0.000000 -1.000000 0.000000
vn 0.035428 0.999372 0.000000
vn -0.062055 0.998073 0.000000
vn -0.062055 0.998073 0.000000
vn 0.035428 0.999372 0.000000
vn -0.354672 0.934991 0.000000
vn -0.354672 0.934991 0.000000
vn -0.856551 0.516062 0.000000
vn -0.980858 0.194724 0.000000
vn -0.980858 0.194724 0.000000
vn -0.856551 0.516062 0.000000
vn -0.986994 0.160758 0.000000
vn -0.986994 0.160758 0.000000
vn -0.972411 -0.233276 0.000000
vn -0.972411 -0.233276 0.000000
vn -0.401832 -0.915713 0.000000
vn -0.078109 -0.996945 0.000000
vn -0.078109 -0.996945 0.000000
vn -0.401832 -0.915713 0.000000
vn 0.076048 -0.997104 0.000000
vn 0.076048 -0.997104 0.000000
vn 0.354677 -0.934989 0.000000
vn 0.354677 -0.934989 0.000000
vn 0.856708 -0.515802 0.000000
vn 0.976072 -0.217448 0.000000
vn 0.976072 -0.217448 0.000000
vn 0.856708 -0.515802 0.000000
vn 0.984069 -0.177789 0.000000
vn 0.984069 -0.177789 0.000000
vn -0.955141 -0.296153 0.000000
vn -0.948700 -0.316177 0.000000
vn -0.948700 -0.316177 0.000000
vn -0.955141 -0.296153 0.000000
vn -0.817083 -0.576520 0.000000
vn -0.817083 -0.576520 0.000000
vn -0.291080 -0.956699 0.000000
vn -0.034466 -0.999406 0.000000
vn -0.034466 -0.999406 0.000000
vn -0.291080 -0.956699 0.000000
vn 0.034038 -0.999421 0.000000
vn 0.034038 -0.999421 0.000000
vn 0.492060 -0.870561 0.000000
vn 0.492060 -0.870561 0.000000
vn 0.822225 -0.569163 0.000000
vn 0.822225 -0.569163 0.000000
vn 0.831146 -0.556055 0.000000
vn 0.831146 -0.556055 0.000000
vn -0.984040 0.177950 0.000000
vn -0.990489 0.137595 0.000000
vn -0.990489 0.137595 0.000000
vn -0.984040 0.177950 0.000000
vn -0.972275 -0.233841 0.000000
vn -0.972275 -0.233841 0.000000
vn -0.401535 -0.915844 0.000000
vn -0.078035 -0.996951 -0.000001
vn -0.078035 -0.996951 -0.000001
vn -0.401535 -0.915844 0.000000
vn 0.075981 -0.997109 -0.000001
vn 0.075981 -0.997109 -0.000001
vn 0.354509 -0.935053 0.000000
vn 0.354509 -0.935053 0.000000
vn 0.856549 -0.516065 0.000000
vn 0.980852 -0.194752 0.000000
vn 0.980852 -0.194752 0.000000
vn 0.856549 -0.516065 0.000000
vn 0.986972 -0.160894 0.000000
vn 0.986972 -0.160894 0.000000
vn 0.972956 0.230989 0.000000
vn 0.972956 0.230989 0.000000
vn 0.402127 0.915584 0.000000
vn 0.063472 0.997984 0.000000
vn 0.063472 0.997984 0.000000
vn 0.402127 0.915584 0.000000
vn -0.034976 0.999388 0.000000
vn -0.034976 0.999388 0.000000
vn -0.492050 0.870567 0.000000
vn -0.492050 0.870567 0.000000
vn -0.826382 0.563111 0.000000
vn -0.826382 0.563111 0.000000
vn -0.831959 0.554836 0.000000
vn -0.831959 0.554836 0.000000
vn -0.390925 0.920423 0.000000
vn -0.390925 0.920423 0.000000
vn -0.390925 0.920423 0.000000
vn -0.390925 0.920423 0.000000
vn 0.661678 0.749788 0.000000
vn 0.661678 0.749788 0.000000
vn 0.661678 0.749788 0.000000
vn 0.661678 0.749788 0.000000
vn 0.963956 0.266062 0.000000
vn 0.959978 0.280075 0.000000
vn 0.959978 0.280075 0.000000
vn 0.963956 0.266062 0.000000
vn 0.816846 0.576855 0.000000
vn 0.816846 0.576855 0.000000
vn 0.291216 0.956657 0.000000
vn 0.291216 0.956657 0.000000
vn 0.000000 0.000000 1.000000
vn 0.000000 0.000000 1.000000
vn 0.000000 0.000000 1.000000
vn 0.000000 0.000000 1.000000
vn 0.000000 0.000000 1.000000
vn 0.000000 0.000000 1.000000
vn 0.000000 0.000000 1.000000
vn 0.000000 0.000000 1.000000
vn 0.000000 0.000000 1.000000
vn 0.000000 0.000000 1.000000
vn 0.000000 0.000000 1.000000
vn 0.000000 0.000000 1.000000
vn 0.000000 0.000000 1.000000
vn 0.000000 0.000000 1.000000
vn 0.000000 0.000000 1.000000
vn 0.000000 0.000000 1.000000
vn 0.000000 0.000000 1.000000
vn 0.000000 0.000000 1.000000
vn 0.000000 0.000000 1.000000
vn 0.000000 0.000000 1.000000
vn 0.000000 0.000000 1.000000
vn 0.000000 0.000000 1.000000
vn 0.000000 0.000000 1.000000
vn 0.000000 0.000000 1.000000
vn 0.000000 0.000000 1.000000
vn 0.000000 0.000000 1.000000
vn 0.000000 0.000000 1.000000
vn 0.000000 0.000000 1.000000
vn 0.000000 0.000000 1.000000
vn 0.000000 0.000000 1.000000
vn 0.000000 0.000000 1.000000
vn 0.000000 0.000000 1.000000
vn 0.000000 0.000000 1.000000
vn 0.000000 0.000000 1.000000
vn 0.000000 0.000000 1.000000
vn 0.000000 -0.707106 -0.707107
vn 0.000000 0.000000 -1.000000
vn 0.000000 0.000000 -1.000000
vn 0.000000 -0.707106 -0.707107
vn 0.000000 0.707106 -0.707107
vn 0.000000 0.707106 -0.707107
vn 0.000000 1.000000 0.000000
vn 0.000000 1.000000 0.000000
vn 0.000000 0.707106 0.707107
vn 0.000000 0.707106 0.707107
vn 0.000000 -0.000000 1.000000
vn 0.000000 -0.000000 1.000000
vn 0.000000 -0.707106 0.707107
vn 0.000000 -0.707106 0.707107
vn 0.000000 -1.000000 -0.000000
vn 0.000000 -1.000000 -0.000000
vn -1.000000 0.000000 0.000000
vn -1.000000 0.000000 0.000000
vn -1.000000 0.000000 0.000000
vn -1.000000 0.000000 0.000000
vn -1.000000 0.000000 0.000000
vn -1.000000 0.000000 0.000000
vn -1.000000 0.000000 0.000000
vn -1.000000 0.000000 0.000000
vn -1.000000 0.000000 0.000000
vn 1.000000 -0.000000 0.000000
vn 1.000000 -0.000000 0.000000
vn 1.000000 0.000000 0.000000
vn 1.000000 0.000000 0.000000
vn 1.000000 0.000000 0.000000
vn 1.000000 0.000000 0.000000
vn 1.000000 0.000000 0.000000
vn 1.000000 0.000000 0.000000
vn 1.000000 0.000000 0.000000
vn 0.000000 -0.707106 -0.707107
vn 0.000000 0.000000 -1.000000
vn 0.000000 0.000000 -1.000000
vn 0.000000 -0.707106 -0.707107
vn 0.000000 0.707106 -0.707107
vn 0.000000 0.707106 -0.707107
vn 0.000000 1.000000 0.000000
vn 0.000000 1.000000 0.000000
vn 0.000000 0.707106 0.707107
vn 0.000000 0.707106 0.707107
vn 0.000000 0.000000 1.000000
vn 0.000000 0.000000 1.000000
vn 0.000000 -0.707106 0.707107
vn 0.000000 -0.707106 0.707107
vn 0.000000 -1.000000 -0.000000
vn 0.000000 -1.000000 -0.000000
vn -1.000000 0.000000 0.000000
vn -1.000000 0.000000 0.000000
vn -1.000000 0.000000 0.000000
vn -1.000000 0.000000 0.000000
vn -1.000000 0.000000 0.000000
vn -1.000000 0.000000 0.000000
vn -1.000000 0.000000 0.000000
vn -1.000000 0.000000 0.000000
vn -1.000000 0.000000 0.000000
vn 1.000000 0.000000 0.000000
vn 1.000000 0.000000 0.000000
vn 1.000000 0.000000 0.000000
vn 1.000000 0.000000 0.000000
vn 1.000000 0.000000 0.000000
vn 1.000000 0.000000 0.000000
vn 1.000000 0.000000 0.000000
vn 1.000000 0.000000 0.000000
vn 1.000000 0.000000 0.000000
vn 0.000000 -0.707106 -0.707107
vn 0.000000 0.000000 -1.000000
vn 0.000000 0.000000 -1.000000
vn 0.000000 -0.707106 -0.707107
vn 0.000000 0.707106 -0.707107
vn 0.000000 0.707106 -0.707107
vn 0.000000 1.000000 0.000000
vn 0.000000 1.000000 0.000000
vn 0.000000 0.707106 0.707107
vn 0.000000 0.707106 0.707107
vn 0.000000 0.000000 1.000000
vn 0.000000 0.000000 1.000000
vn 0.000000 -0.707106 0.707107
vn 0.000000 -0.707106 0.707107
vn 0.000000 -1.000000 -0.000000
vn 0.000000 -1.000000 -0.000000
vn -1.000000 0.000000 0.000000
vn -1.000000 0.000000 0.000000
vn -1.000000 0.000000 0.000000
vn -1.000000 0.000000 0.000000
vn -1.000000 0.000000 0.000000
vn -1.000000 -0.000000 0.000000
vn -1.000000 -0.000000 0.000000
vn -1.000000 0.000000 0.000000
vn -1.000000 0.000000 0.000000
vn 1.000000 0.000000 0.000000
vn 1.000000 -0.000000 0.000000
vn 1.000000 0.000000 0.000000
vn 1.000000 -0.000000 0.000000
vn 1.000000 0.000000 0.000000
vn 1.000000 -0.000000 0.000000
vn 1.000000 0.000000 0.000000
vn 1.000000 0.000000 0.000000
vn 1.000000 0.000000 0.000000
vn 0.000000 -0.707106 -0.707107
vn 0.000000 0.000000 -1.000000
vn 0.000000 0.000000 -1.000000
vn 0.000000 -0.707106 -0.707107
vn 0.000000 0.707106 -0.707107
vn 0.000000 0.707106 -0.707107
vn 0.000000 1.000000 0.000000
vn 0.000000 1.000000 0.000000
vn 0.000000 0.707106 0.707107
vn 0.000000 0.707106 0.707107
vn 0.000000 -0.000000 1.000000
vn 0.000000 -0.000000 1.000000
vn 0.000000 -0.707106 0.707107
vn 0.000000 -0.707106 0.707107
vn 0.000000 -1.000000 -0.000000
vn 0.000000 -1.000000 -0.000000
vn -1.000000 0.000000 0.000000
vn -1.000000 0.000000 0.000000
vn -1.000000 0.000000 0.000000
vn -1.000000 0.000000 0.000000
vn -1.000000 0.000000 0.000000
vn -1.000000 0.000000 0.000000
vn -1.000000 0.000000 0.000000
vn -1.000000 0.000000 0.000000
vn -1.000000 0.000000 0.000000
vn 1.000000 0.000000 0.000000
vn 1.000000 0.000000 0.000000
vn 1.000000 0.000000 0.000000
vn 1.000000 0.000000 0.000000
vn 1.000000 0.000000 0.000000
vn 1.000000 0.000000 0.000000
vn 1.000000 0.000000 0.000000
vn 1.000000 0.000000 0.000000
vn 1.000000 0.000000 0.000000
s off
g group1 GYM
usemtl lambert4SG
f 3458/6231/6193 3455/6232/6194 3456/6233/6195 3457/6234/6196
s 1
f 3449/6235/6197 3459/6236/6198 3460/6237/6199 3450/6238/6200
s off
f 3448/6239/6201 3447/6240/6202 3452/6241/6203 3451/6242/6204
s 2
f 3449/6243/6205 3453/6244/6206 3458/6245/6207 3459/6246/6208
s 3
f 3460/6247/6209 3457/6248/6210 3454/6249/6211 3450/6250/6212
s off
f 3452/6251/6213 3458/6252/6214 3457/6253/6215 3451/6254/6216
f 3455/6255/6217 3445/6256/6218 3446/6257/6219 3456/6258/6220
f 3457/6248/6221 3456/6259/6222 3446/6260/6223 3454/6249/6224
f 3455/6261/6225 3458/6245/6226 3453/6244/6227 3445/6262/6228
s 2
f 3459/6246/6208 3458/6245/6207 3452/6263/6229 3447/6264/6230
s 1
f 3459/6236/6198 3447/6265/6231 3448/6266/6232 3460/6237/6199
s 3
f 3451/6267/6233 3457/6248/6210 3460/6247/6209 3448/6268/6234
s 4
f 3461/6269/6235 3462/6270/6236 3470/6271/6237 3469/6272/6238
f 3462/6270/6236 3463/6273/6239 3471/6274/6240 3470/6271/6237
f 3463/6275/6239 3464/6276/6241 3472/6277/6242 3471/6278/6240
f 3464/6276/6241 3465/6279/6243 3473/6280/6244 3472/6277/6242
f 3465/6281/6243 3466/6282/6245 3474/6283/6246 3473/6284/6244
f 3466/6282/6245 3467/6285/6247 3475/6286/6248 3474/6283/6246
f 3467/6287/6247 3468/6288/6249 3476/6289/6250 3475/6290/6248
f 3468/6288/6249 3461/6291/6235 3469/6292/6238 3476/6289/6250
s 5
f 3462/6293/6251 3461/6294/6252 3477/6295/6253
f 3463/6296/6254 3462/6293/6251 3477/6295/6253
f 3464/6297/6255 3463/6296/6254 3477/6295/6253
f 3465/6298/6256 3464/6297/6255 3477/6295/6253
f 3466/6299/6257 3465/6298/6256 3477/6295/6253
f 3467/6300/6258 3466/6299/6257 3477/6295/6253
f 3468/6301/6259 3467/6300/6258 3477/6295/6253
f 3461/6294/6252 3468/6301/6259 3477/6295/6253
s 6
f 3469/6302/6260 3470/6303/6261 3478/6304/6262
f 3470/6303/6261 3471/6305/6263 3478/6304/6262
f 3471/6305/6263 3472/6306/6264 3478/6304/6262
f 3472/6306/6264 3473/6307/6265 3478/6304/6262
f 3473/6307/6265 3474/6308/6266 3478/6304/6262
f 3474/6308/6266 3475/6309/6267 3478/6304/6262
f 3475/6309/6267 3476/6310/6268 3478/6304/6262
f 3476/6310/6268 3469/6302/6260 3478/6304/6262
s 7
f 3479/6311/6269 3480/6312/6270 3517/6313/6271 3516/6314/6272
f 3480/6312/6270 3481/6315/6273 3518/6316/6274 3517/6313/6271
s 8
f 3481/6317/6275 3482/6318/6276 3519/6319/6277 3518/6320/6278
f 3482/6318/6276 3483/6321/6279 3520/6322/6280 3519/6319/6277
f 3483/6321/6279 3484/6323/6281 3521/6324/6282 3520/6322/6280
s 9
f 3484/6325/6283 3485/6326/6284 3522/6327/6285 3521/6328/6286
f 3485/6326/6284 3486/6329/6287 3523/6330/6288 3522/6327/6285
f 3486/6329/6287 3487/6331/6289 3524/6332/6290 3523/6330/6288
f 3487/6331/6289 3488/6333/6291 3525/6334/6292 3524/6332/6290
s 10
f 3488/6335/6293 3489/6336/6294 3526/6337/6295 3525/6338/6296
f 3489/6336/6294 3490/6339/6297 3527/6340/6298 3526/6337/6295
f 3490/6339/6297 3491/6341/6299 3528/6342/6300 3527/6340/6298
s 11
f 3491/6343/6301 3492/6344/6302 3529/6345/6303 3528/6346/6304
f 3492/6344/6302 3493/6347/6305 3530/6348/6306 3529/6345/6303
f 3493/6347/6305 3494/6349/6307 3531/6350/6308 3530/6348/6306
s 12
f 3494/6351/6309 3495/6352/6310 3532/6353/6311 3531/6354/6312
f 3495/6352/6310 3496/6355/6313 3533/6356/6314 3532/6353/6311
f 3496/6355/6313 3497/6357/6315 3534/6358/6316 3533/6356/6314
s 13
f 3497/6359/6317 3498/6360/6318 3535/6361/6319 3534/6362/6320
f 3498/6360/6318 3499/6363/6321 3536/6364/6322 3535/6361/6319
f 3499/6363/6321 3500/6365/6323 3537/6366/6324 3536/6364/6322
s 14
f 3500/6367/6325 3501/6368/6326 3538/6369/6327 3537/6370/6328
f 3501/6368/6326 3502/6371/6329 3539/6372/6330 3538/6369/6327
f 3502/6371/6329 3503/6373/6331 3540/6374/6332 3539/6372/6330
s 15
f 3503/6375/6333 3504/6376/6334 3541/6377/6335 3540/6378/6336
f 3504/6376/6334 3505/6379/6337 3542/6380/6338 3541/6377/6335
f 3505/6379/6337 3506/6381/6339 3543/6382/6340 3542/6380/6338
s 16
f 3506/6383/6341 3507/6384/6342 3544/6385/6343 3543/6386/6344
f 3507/6384/6342 3508/6387/6345 3545/6388/6346 3544/6385/6343
f 3508/6387/6345 3509/6389/6347 3546/6390/6348 3545/6388/6346
s 17
f 3509/6391/6349 3510/6392/6350 3547/6393/6351 3546/6394/6352
f 3510/6392/6350 3511/6395/6353 3548/6396/6354 3547/6393/6351
f 3511/6395/6353 3512/6397/6355 3549/6398/6356 3548/6396/6354
s 18
f 3512/6399/6357 3513/6400/6358 3550/6401/6359 3549/6402/6360
f 3513/6400/6358 3514/6403/6361 3551/6404/6362 3550/6401/6359
f 3514/6403/6361 3515/6405/6363 3552/6406/6364 3551/6404/6362
s 7
f 3515/6407/6365 3479/6311/6269 3516/6314/6272 3552/6408/6366
s off
f 3516/6409/6367 3517/6410/6368 3518/6411/6369 3519/6412/6370 3520/6413/6371 3521/6414/6372 3522/6415/6373 3523/6416/6374 3524/6417/6375 3525/6418/6376 3526/6419/6377 3527/6420/6378 3528/6421/6379 3529/6422/6380 3530/6423/6381 3531/6424/6382 3532/6425/6383 3533/6426/6384 3534/6427/6385 3535/6428/6386 3536/6429/6387 3537/6430/6388 3538/6431/6389 3539/6432/6390 3540/6433/6391 3541/6434/6392 3542/6435/6393 3543/6436/6394 3544/6437/6395 3545/6438/6396 3546/6439/6397 3547/6440/6398 3548/6441/6399 3549/6442/6400 3550/6443/6401 3551/6444/6402 3552/6445/6403
f 3553/6446/6404 3554/6447/6405 3580/6448/6406 3579/6449/6407
s 19
f 3554/6450/6408 3555/6451/6409 3581/6452/6410 3580/6453/6411
f 3555/6451/6409 3556/6454/6412 3582/6455/6413 3581/6452/6410
f 3556/6454/6412 3557/6456/6414 3583/6457/6415 3582/6455/6413
f 3557/6456/6414 3558/6458/6416 3584/6459/6417 3583/6457/6415
s off
f 3558/6458/6418 3559/6460/6419 3585/6461/6420 3584/6459/6421
s 20
f 3559/6462/6422 3560/6463/6423 3586/6464/6424 3585/6465/6425
f 3560/6463/6423 3561/6466/6426 3587/6467/6427 3586/6464/6424
f 3561/6466/6426 3562/6468/6428 3588/6469/6429 3587/6467/6427
s 21
f 3562/6470/6430 3563/6471/6431 3589/6472/6432 3588/6473/6433
f 3563/6471/6431 3564/6474/6434 3590/6475/6435 3589/6472/6432
f 3564/6474/6434 3565/6476/6436 3591/6477/6437 3590/6475/6435
s off
f 3565/6478/6438 3566/6479/6439 3592/6480/6440 3591/6481/6441
s 22
f 3566/6479/6442 3567/6482/6443 3593/6483/6444 3592/6480/6445
f 3567/6482/6443 3568/6484/6446 3594/6485/6447 3593/6483/6444
f 3568/6484/6446 3569/6486/6448 3595/6487/6449 3594/6485/6447
f 3569/6486/6448 3570/6488/6450 3596/6489/6451 3595/6487/6449
s 23
f 3570/6490/6452 3571/6491/6453 3597/6492/6454 3596/6493/6455
f 3571/6491/6453 3572/6494/6456 3598/6495/6457 3597/6492/6454
f 3572/6494/6456 3573/6496/6458 3599/6497/6459 3598/6495/6457
s 24
f 3573/6498/6460 3574/6499/6461 3600/6500/6462 3599/6501/6463
f 3574/6499/6461 3575/6502/6464 3601/6503/6465 3600/6500/6462
f 3575/6502/6464 3576/6504/6466 3602/6505/6467 3601/6503/6465
f 3576/6504/6466 3577/6506/6468 3603/6507/6469 3602/6505/6467
f 3577/6506/6468 3578/6508/6470 3604/6509/6471 3603/6507/6469
s off
f 3578/6508/6472 3553/6510/6473 3579/6511/6474 3604/6509/6475
f 3579/6512/6476 3580/6513/6477 3581/6514/6478 3582/6515/6479 3583/6516/6480 3584/6517/6481 3585/6518/6482 3586/6519/6483 3587/6520/6484 3588/6521/6485 3589/6522/6486 3590/6523/6487 3591/6524/6488 3592/6525/6489 3593/6526/6490 3594/6527/6491 3595/6528/6492 3596/6529/6493 3597/6530/6494 3598/6531/6495 3599/6532/6496 3600/6533/6497 3601/6534/6498 3602/6535/6499 3603/6536/6500 3604/6537/6501
s 25
f 3605/6538/6502 3606/6539/6503 3614/6540/6504 3613/6541/6505
f 3606/6539/6503 3607/6542/6506 3615/6543/6507 3614/6540/6504
f 3607/6544/6506 3608/6545/6508 3616/6546/6509 3615/6547/6507
f 3608/6545/6508 3609/6548/6510 3617/6549/6511 3616/6546/6509
f 3609/6550/6510 3610/6551/6512 3618/6552/6513 3617/6553/6511
f 3610/6551/6512 3611/6554/6514 3619/6555/6515 3618/6552/6513
f 3611/6556/6514 3612/6557/6516 3620/6558/6517 3619/6559/6515
f 3612/6557/6516 3605/6560/6502 3613/6561/6505 3620/6558/6517
s 26
f 3606/6562/6518 3605/6563/6519 3621/6564/6520
f 3607/6565/6521 3606/6562/6518 3621/6564/6520
f 3608/6566/6522 3607/6565/6521 3621/6564/6520
f 3609/6567/6523 3608/6566/6522 3621/6564/6520
f 3610/6568/6524 3609/6567/6523 3621/6564/6520
f 3611/6569/6525 3610/6568/6524 3621/6564/6520
f 3612/6570/6526 3611/6569/6525 3621/6564/6520
f 3605/6563/6519 3612/6570/6526 3621/6564/6520
s 27
f 3613/6571/6527 3614/6572/6528 3622/6573/6529
f 3614/6572/6528 3615/6574/6530 3622/6573/6529
f 3615/6574/6530 3616/6575/6531 3622/6573/6529
f 3616/6575/6531 3617/6576/6532 3622/6573/6529
f 3617/6576/6532 3618/6577/6533 3622/6573/6529
f 3618/6577/6533 3619/6578/6534 3622/6573/6529
f 3619/6578/6534 3620/6579/6535 3622/6573/6529
f 3620/6579/6535 3613/6571/6527 3622/6573/6529
s 28
f 3623/6580/6536 3624/6581/6537 3632/6582/6538 3631/6583/6539
f 3624/6581/6537 3625/6584/6540 3633/6585/6541 3632/6582/6538
f 3625/6586/6540 3626/6587/6542 3634/6588/6543 3633/6589/6541
f 3626/6587/6542 3627/6590/6544 3635/6591/6545 3634/6588/6543
f 3627/6592/6544 3628/6593/6546 3636/6594/6547 3635/6595/6545
f 3628/6593/6546 3629/6596/6548 3637/6597/6549 3636/6594/6547
f 3629/6598/6548 3630/6599/6550 3638/6600/6551 3637/6601/6549
f 3630/6599/6550 3623/6602/6536 3631/6603/6539 3638/6600/6551
s 29
f 3639/6604/6552 3640/6605/6553 3675/6606/6554 3674/6607/6555
f 3640/6605/6553 3641/6608/6556 3676/6609/6557 3675/6606/6554
s 30
f 3641/6610/6558 3642/6611/6559 3677/6612/6560 3676/6613/6561
f 3642/6611/6559 3643/6614/6562 3678/6615/6563 3677/6612/6560
f 3643/6614/6562 3644/6616/6564 3679/6617/6565 3678/6615/6563
s 31
f 3644/6618/6566 3645/6619/6567 3680/6620/6568 3679/6621/6569
f 3645/6619/6567 3646/6622/6570 3681/6623/6571 3680/6620/6568
f 3646/6622/6570 3647/6624/6572 3682/6625/6573 3681/6623/6571
s 32
f 3647/6626/6574 3648/6627/6575 3683/6628/6576 3682/6629/6577
f 3648/6627/6575 3649/6630/6578 3684/6631/6579 3683/6628/6576
s 33
f 3649/6632/6580 3650/6633/6581 3685/6634/6582 3684/6635/6583
f 3650/6633/6581 3651/6636/6584 3686/6637/6585 3685/6634/6582
s 34
f 3651/6638/6586 3652/6639/6587 3687/6640/6588 3686/6641/6589
f 3652/6639/6587 3653/6642/6590 3688/6643/6591 3687/6640/6588
f 3653/6642/6590 3654/6644/6592 3689/6645/6593 3688/6643/6591
f 3654/6644/6592 3655/6646/6594 3690/6647/6595 3689/6645/6593
f 3655/6646/6594 3656/6648/6596 3691/6649/6597 3690/6647/6595
s 35
f 3656/6650/6598 3657/6651/6599 3692/6652/6600 3691/6653/6601
f 3657/6651/6599 3658/6654/6602 3693/6655/6603 3692/6652/6600
s 36
f 3658/6656/6604 3659/6657/6605 3694/6658/6606 3693/6659/6607
f 3659/6657/6605 3660/6660/6608 3695/6661/6609 3694/6658/6606
f 3660/6660/6608 3661/6662/6610 3696/6663/6611 3695/6661/6609
s 37
f 3661/6664/6612 3662/6665/6613 3697/6666/6614 3696/6667/6615
f 3662/6665/6613 3663/6668/6616 3698/6669/6617 3697/6666/6614
f 3663/6668/6616 3664/6670/6618 3699/6671/6619 3698/6669/6617
s 38
f 3664/6672/6620 3665/6673/6621 3700/6674/6622 3699/6675/6623
f 3665/6673/6621 3666/6676/6624 3701/6677/6625 3700/6674/6622
f 3666/6676/6624 3667/6678/6626 3702/6679/6627 3701/6677/6625
f 3667/6678/6626 3668/6680/6628 3703/6681/6629 3702/6679/6627
f 3668/6680/6628 3669/6682/6630 3704/6683/6631 3703/6681/6629
s off
f 3669/6682/6632 3670/6684/6633 3705/6685/6634 3704/6683/6635
f 3670/6686/6636 3671/6687/6637 3706/6688/6638 3705/6689/6639
s 39
f 3671/6687/6640 3672/6690/6641 3707/6691/6642 3706/6688/6643
f 3672/6690/6641 3673/6692/6644 3708/6693/6645 3707/6691/6642
s 29
f 3673/6694/6646 3639/6604/6552 3674/6607/6555 3708/6695/6647
s off
f 3674/6696/6648 3675/6697/6649 3676/6698/6650 3677/6699/6651 3678/6700/6652 3679/6701/6653 3680/6702/6654 3681/6703/6655 3682/6704/6656 3683/6705/6657 3684/6706/6658 3685/6707/6659 3686/6708/6660 3687/6709/6661 3688/6710/6662 3689/6711/6663 3690/6712/6664 3691/6713/6665 3692/6714/6666 3693/6715/6667 3694/6716/6668 3695/6717/6669 3696/6718/6670 3697/6719/6671 3698/6720/6672 3699/6721/6673 3700/6722/6674 3701/6723/6675 3702/6724/6676 3703/6725/6677 3704/6726/6678 3705/6727/6679 3706/6728/6680 3707/6729/6681 3708/6730/6682
s 40
f 3709/6731/6683 3710/6732/6684 3718/6733/6685 3717/6734/6686
f 3710/6732/6684 3711/6735/6687 3719/6736/6688 3718/6733/6685
f 3711/6737/6687 3712/6738/6689 3720/6739/6690 3719/6740/6688
f 3712/6738/6689 3713/6741/6691 3721/6742/6692 3720/6739/6690
f 3713/6743/6691 3714/6744/6693 3722/6745/6694 3721/6746/6692
f 3714/6744/6693 3715/6747/6695 3723/6748/6696 3722/6745/6694
f 3715/6749/6695 3716/6750/6697 3724/6751/6698 3723/6752/6696
f 3716/6750/6697 3709/6753/6683 3717/6754/6686 3724/6751/6698
s 41
f 3710/6755/6699 3709/6756/6700 3725/6757/6701
f 3711/6758/6702 3710/6755/6699 3725/6757/6701
f 3712/6759/6703 3711/6758/6702 3725/6757/6701
f 3713/6760/6704 3712/6759/6703 3725/6757/6701
f 3714/6761/6705 3713/6760/6704 3725/6757/6701
f 3715/6762/6706 3714/6761/6705 3725/6757/6701
f 3716/6763/6707 3715/6762/6706 3725/6757/6701
f 3709/6756/6700 3716/6763/6707 3725/6757/6701
s 42
f 3717/6764/6708 3718/6765/6709 3726/6766/6710
f 3718/6765/6709 3719/6767/6711 3726/6766/6710
f 3719/6767/6711 3720/6768/6712 3726/6766/6710
f 3720/6768/6712 3721/6769/6713 3726/6766/6710
f 3721/6769/6713 3722/6770/6714 3726/6766/6710
f 3722/6770/6714 3723/6771/6715 3726/6766/6710
f 3723/6771/6715 3724/6772/6716 3726/6766/6710
f 3724/6772/6716 3717/6764/6708 3726/6766/6710
s 43
f 3727/6773/6717 3728/6774/6718 3736/6775/6719 3735/6776/6720
f 3728/6774/6718 3729/6777/6721 3737/6778/6722 3736/6775/6719
f 3729/6779/6721 3730/6780/6723 3738/6781/6724 3737/6782/6722
f 3730/6780/6723 3731/6783/6725 3739/6784/6726 3738/6781/6724
f 3731/6785/6725 3732/6786/6727 3740/6787/6728 3739/6788/6726
f 3732/6786/6727 3733/6789/6729 3741/6790/6730 3740/6787/6728
f 3733/6791/6729 3734/6792/6731 3742/6793/6732 3741/6794/6730
f 3734/6792/6731 3727/6795/6717 3735/6796/6720 3742/6793/6732
s 44
f 3728/6797/6733 3727/6798/6734 3743/6799/6735
f 3729/6800/6736 3728/6797/6733 3743/6799/6735
f 3730/6801/6737 3729/6800/6736 3743/6799/6735
f 3731/6802/6738 3730/6801/6737 3743/6799/6735
f 3732/6803/6739 3731/6802/6738 3743/6799/6735
f 3733/6804/6740 3732/6803/6739 3743/6799/6735
f 3734/6805/6741 3733/6804/6740 3743/6799/6735
f 3727/6798/6734 3734/6805/6741 3743/6799/6735
s 45
f 3735/6806/6742 3736/6807/6743 3744/6808/6744
f 3736/6807/6743 3737/6809/6745 3744/6808/6744
f 3737/6809/6745 3738/6810/6746 3744/6808/6744
f 3738/6810/6746 3739/6811/6747 3744/6808/6744
f 3739/6811/6747 3740/6812/6748 3744/6808/6744
f 3740/6812/6748 3741/6813/6749 3744/6808/6744
f 3741/6813/6749 3742/6814/6750 3744/6808/6744
f 3742/6814/6750 3735/6806/6742 3744/6808/6744
s 46
f 3745/6815/6751 3746/6816/6752 3754/6817/6753 3753/6818/6754
f 3746/6816/6752 3747/6819/6755 3755/6820/6756 3754/6817/6753
f 3747/6821/6755 3748/6822/6757 3756/6823/6758 3755/6824/6756
f 3748/6822/6757 3749/6825/6759 3757/6826/6760 3756/6823/6758
f 3749/6827/6759 3750/6828/6761 3758/6829/6762 3757/6830/6760
f 3750/6828/6761 3751/6831/6763 3759/6832/6764 3758/6829/6762
f 3751/6833/6763 3752/6834/6765 3760/6835/6766 3759/6836/6764
f 3752/6834/6765 3745/6837/6751 3753/6838/6754 3760/6835/6766
s 47
f 3746/6839/6767 3745/6840/6768 3761/6841/6769
f 3747/6842/6770 3746/6839/6767 3761/6841/6769
f 3748/6843/6771 3747/6842/6770 3761/6841/6769
f 3749/6844/6772 3748/6843/6771 3761/6841/6769
f 3750/6845/6773 3749/6844/6772 3761/6841/6769
f 3751/6846/6774 3750/6845/6773 3761/6841/6769
f 3752/6847/6775 3751/6846/6774 3761/6841/6769
f 3745/6840/6768 3752/6847/6775 3761/6841/6769
s 48
f 3753/6848/6776 3754/6849/6777 3762/6850/6778
f 3754/6849/6777 3755/6851/6779 3762/6850/6778
f 3755/6851/6779 3756/6852/6780 3762/6850/6778
f 3756/6852/6780 3757/6853/6781 3762/6850/6778
f 3757/6853/6781 3758/6854/6782 3762/6850/6778
f 3758/6854/6782 3759/6855/6783 3762/6850/6778
f 3759/6855/6783 3760/6856/6784 3762/6850/6778
f 3760/6856/6784 3753/6848/6776 3762/6850/6778
s 49
f 3763/6857/6785 3764/6858/6786 3772/6859/6787 3771/6860/6788
f 3764/6858/6786 3765/6861/6789 3773/6862/6790 3772/6859/6787
f 3765/6863/6789 3766/6864/6791 3774/6865/6792 3773/6866/6790
f 3766/6864/6791 3767/6867/6793 3775/6868/6794 3774/6865/6792
f 3767/6869/6793 3768/6870/6795 3776/6871/6796 3775/6872/6794
f 3768/6870/6795 3769/6873/6797 3777/6874/6798 3776/6871/6796
f 3769/6875/6797 3770/6876/6799 3778/6877/6800 3777/6878/6798
f 3770/6876/6799 3763/6879/6785 3771/6880/6788 3778/6877/6800
s 50
f 3764/6881/6801 3763/6882/6802 3779/6883/6803
f 3765/6884/6804 3764/6881/6801 3779/6883/6803
f 3766/6885/6805 3765/6884/6804 3779/6883/6803
f 3767/6886/6806 3766/6885/6805 3779/6883/6803
f 3768/6887/6807 3767/6886/6806 3779/6883/6803
f 3769/6888/6808 3768/6887/6807 3779/6883/6803
f 3770/6889/6809 3769/6888/6808 3779/6883/6803
f 3763/6882/6802 3770/6889/6809 3779/6883/6803
s 51
f 3771/6890/6810 3772/6891/6811 3780/6892/6812
f 3772/6891/6811 3773/6893/6813 3780/6892/6812
f 3773/6893/6813 3774/6894/6814 3780/6892/6812
f 3774/6894/6814 3775/6895/6815 3780/6892/6812
f 3775/6895/6815 3776/6896/6816 3780/6892/6812
f 3776/6896/6816 3777/6897/6817 3780/6892/6812
f 3777/6897/6817 3778/6898/6818 3780/6892/6812
f 3778/6898/6818 3771/6890/6810 3780/6892/6812
g default
v -1.292778 2.371042 1.671158
v -1.494745 2.371042 1.671158
v -1.494745 1.894361 1.671158
v -1.326441 1.894361 1.671158
v -1.326441 2.120439 1.671158
v -1.225462 1.979482 1.671158
v -1.124475 2.121464 1.671158
v -1.124475 1.894361 1.671158
v -0.956173 1.894361 1.671158
v -0.956173 2.371042 1.671158
v -1.158138 2.371042 1.671158
v -1.225462 2.251869 1.671158
v -1.292778 2.371042 1.769654
v -1.494745 2.371042 1.769654
v -1.494745 1.894361 1.769654
v -1.326441 1.894361 1.769654
v -1.326441 2.120439 1.769654
v -1.225462 1.979482 1.769654
v -1.124475 2.121464 1.769654
v -1.124475 1.894361 1.769654
v -0.956173 1.894361 1.769654
v -0.956173 2.371042 1.769654
v -1.158138 2.371042 1.769654
v -1.225462 2.251869 1.769654
v -0.585958 2.371042 1.671158
v -0.787924 2.371042 1.671158
v -0.922565 1.894361 1.671158
v -0.754263 1.894361 1.671158
v -0.745844 1.928404 1.671158
v -0.628031 1.928404 1.671158
v -0.619621 1.894361 1.671158
v -0.451317 1.894361 1.671158
v -0.686937 2.166492 1.671158
v -0.661819 2.064860 1.671158
v -0.712063 2.064860 1.671158
v -0.585958 2.371042 1.769654
v -0.787924 2.371042 1.769654
v -0.922565 1.894361 1.769654
v -0.754263 1.894361 1.769654
v -0.745844 1.928404 1.769654
v -0.628031 1.928404 1.769654
v -0.619621 1.894361 1.769654
v -0.451317 1.894361 1.769654
v -0.686937 2.166492 1.769654
v -0.661819 2.064860 1.769654
v -0.712063 2.064860 1.769654
v 0.086771 2.371042 1.671158
v -0.081532 2.371042 1.671158
v -0.081532 1.894361 1.671158
v 0.221413 1.894361 1.671158
v 0.221413 2.030554 1.671158
v 0.086771 2.030554 1.671158
v 0.086771 2.371042 1.769654
v -0.081532 2.371042 1.769654
v -0.081532 1.894361 1.769654
v 0.221413 1.894361 1.769654
v 0.221413 2.030554 1.769654
v 0.086771 2.030554 1.769654
v -2.086308 0.000000 1.030124
v 2.086308 0.000000 1.030124
v -2.086308 2.662560 1.030124
v 2.086308 2.662560 1.030124
v -2.086308 2.662560 -1.769654
v 2.086308 2.662560 -1.769654
v -2.086308 0.000000 -1.769654
v 2.086308 0.000000 -1.769654
v 2.086308 0.000000 1.671158
v 0.422476 0.000000 1.669918
v 2.086308 2.662560 1.671158
v 0.422476 3.220912 1.669918
v 1.279749 3.111224 1.671158
v 1.279749 0.721790 1.671158
v 1.683027 0.553299 1.671158
v 1.683027 2.951580 1.671158
v 0.876469 0.553299 1.671158
v 0.876469 3.214437 1.671158
v -2.086308 0.000000 1.669918
v -2.086308 2.662560 1.669918
v -0.831915 3.111224 1.669918
v -0.831915 0.721790 1.669918
v -1.459112 0.553299 1.669918
v -1.459112 2.951580 1.669918
v -0.204720 0.553299 1.669918
v -0.204720 3.214437 1.669918
v 2.086308 0.000000 1.030445
v 1.683027 0.553299 1.030445
v 2.086308 2.662557 1.030445
v 1.683027 2.951580 1.030445
v 1.279749 3.111224 1.030445
v 0.876469 3.214437 1.030445
v 1.279749 0.721790 1.030445
v 0.876469 0.553299 1.030445
v 0.422476 0.000000 1.029206
v 0.422476 3.220912 1.029206
v -2.086308 0.000000 1.029206
v -1.459112 0.553299 1.029206
v -2.086308 2.662551 1.029206
v -1.459112 2.951580 1.029206
v -0.831915 3.111224 1.029206
v -0.204720 3.214437 1.029206
v -0.831915 0.721790 1.029206
v -0.204720 0.553299 1.029206
v 1.683027 2.662560 1.030445
v 1.279749 2.662562 1.030445
v 0.876469 2.662563 1.030445
v 0.422476 2.662563 1.029206
v -1.459112 2.662560 1.029206
v -0.831915 2.662562 1.029206
v -0.204720 2.662563 1.029206
v -0.251020 2.371042 1.671158
v -0.419323 2.371042 1.671158
v -0.419323 1.894361 1.671158
v -0.116379 1.894361 1.671158
v -0.116379 2.030554 1.671158
v -0.251020 2.030554 1.671158
v -0.251020 2.371042 1.769654
v -0.419323 2.371042 1.769654
v -0.419323 1.894361 1.769654
v -0.116379 1.894361 1.769654
v -0.116379 2.030554 1.769654
v -0.251020 2.030554 1.769654
vt 0.820755 0.702474
vt 0.820755 0.702415
vt 0.820784 0.702415
vt 0.820784 0.702474
vt 0.822474 0.702563
vt 0.822474 0.702703
vt 0.822445 0.702703
vt 0.822445 0.702563
vt 0.820362 0.702415
vt 0.820362 0.702465
vt 0.820333 0.702465
vt 0.820333 0.702415
vt 0.821192 0.702531
vt 0.821192 0.702464
vt 0.821221 0.702464
vt 0.821221 0.702531
vt 0.819882 0.702147
vt 0.819882 0.702188
vt 0.819911 0.702188
vt 0.819911 0.702147
vt 0.819882 0.702147
vt 0.819911 0.702147
vt 0.821280 0.702464
vt 0.821280 0.702531
vt 0.821251 0.702531
vt 0.821251 0.702464
vt 0.820304 0.702415
vt 0.820304 0.702465
vt 0.820275 0.702465
vt 0.820275 0.702415
vt 0.822386 0.702703
vt 0.822386 0.702563
vt 0.822415 0.702563
vt 0.822415 0.702703
vt 0.820697 0.702474
vt 0.820697 0.702415
vt 0.820726 0.702415
vt 0.820726 0.702474
vt 0.819619 0.702108
vt 0.819619 0.702143
vt 0.819590 0.702143
vt 0.819590 0.702108
vt 0.819532 0.702143
vt 0.819532 0.702108
vt 0.819561 0.702108
vt 0.819561 0.702143
vt 0.821957 0.702759
vt 0.821957 0.702700
vt 0.822098 0.702700
vt 0.822098 0.702749
vt 0.822031 0.702749
vt 0.822073 0.702779
vt 0.822031 0.702809
vt 0.822098 0.702809
vt 0.822098 0.702858
vt 0.821957 0.702858
vt 0.821957 0.702799
vt 0.821993 0.702779
vt 0.820814 0.702520
vt 0.820814 0.702461
vt 0.820843 0.702461
vt 0.820843 0.702520
vt 0.822150 0.702718
vt 0.822150 0.702858
vt 0.822121 0.702858
vt 0.822121 0.702718
vt 0.820595 0.702424
vt 0.820595 0.702474
vt 0.820566 0.702474
vt 0.820566 0.702424
vt 0.819328 0.701829
vt 0.819318 0.701829
vt 0.819318 0.701800
vt 0.819328 0.701800
vt 0.819503 0.702108
vt 0.819503 0.702143
vt 0.819474 0.702143
vt 0.819474 0.702108
vt 0.819282 0.701716
vt 0.819292 0.701716
vt 0.819292 0.701745
vt 0.819282 0.701745
vt 0.820537 0.702424
vt 0.820537 0.702474
vt 0.820508 0.702474
vt 0.820508 0.702424
vt 0.822173 0.702858
vt 0.822173 0.702718
vt 0.822201 0.702718
vt 0.822201 0.702858
vt 0.819445 0.701799
vt 0.819445 0.701829
vt 0.819416 0.701829
vt 0.819416 0.701799
vt 0.819241 0.701716
vt 0.819255 0.701716
vt 0.819255 0.701745
vt 0.819241 0.701745
vt 0.819357 0.701829
vt 0.819357 0.701799
vt 0.819386 0.701799
vt 0.819386 0.701829
vt 0.822264 0.702718
vt 0.822324 0.702718
vt 0.822363 0.702858
vt 0.822314 0.702858
vt 0.822311 0.702848
vt 0.822276 0.702848
vt 0.822274 0.702858
vt 0.822224 0.702858
vt 0.822294 0.702778
vt 0.822286 0.702808
vt 0.822301 0.702808
vt 0.820391 0.702465
vt 0.820391 0.702415
vt 0.820420 0.702415
vt 0.820420 0.702465
vt 0.822579 0.702718
vt 0.822579 0.702858
vt 0.822550 0.702858
vt 0.822550 0.702718
vt 0.821440 0.702550
vt 0.821440 0.702639
vt 0.821411 0.702639
vt 0.821411 0.702550
vt 0.819765 0.702188
vt 0.819765 0.702148
vt 0.819794 0.702148
vt 0.819794 0.702188
vt 0.819649 0.702143
vt 0.819649 0.702103
vt 0.819678 0.702103
vt 0.819678 0.702143
vt 0.821673 0.702649
vt 0.821673 0.702549
vt 0.821702 0.702549
vt 0.821702 0.702649
vt 0.822541 0.702563
vt 0.822591 0.702563
vt 0.822591 0.702703
vt 0.822502 0.702703
vt 0.822502 0.702663
vt 0.822541 0.702663
vt 0.338672 0.300806
vt 0.338672 0.001992
vt 0.529346 0.001992
vt 0.529346 0.300806
vt 0.535366 0.300806
vt 0.535366 0.001992
vt 0.735866 0.001992
vt 0.735866 0.300806
vt 0.716730 0.603249
vt 0.716730 0.304435
vt 0.907404 0.304435
vt 0.907404 0.603249
vt 0.143750 0.715640
vt 0.143750 0.515139
vt 0.334424 0.515139
vt 0.334424 0.715640
vt 0.340444 0.734111
vt 0.340444 0.533611
vt 0.531118 0.533611
vt 0.531118 0.734111
vt 0.001811 0.001992
vt 0.192485 0.001992
vt 0.213183 0.030872
vt 0.041435 0.030872
vt 0.224615 0.059752
vt 0.232007 0.088632
vt 0.041435 0.088632
vt 0.053501 0.059752
vt 0.232470 0.121144
vt 0.001811 0.121144
vt 0.001811 0.300806
vt 0.041435 0.255890
vt 0.213183 0.255890
vt 0.192485 0.300806
vt 0.224615 0.210975
vt 0.053501 0.210975
vt 0.041435 0.166059
vt 0.232007 0.166059
vt 0.285411 0.001992
vt 0.285411 0.030872
vt 0.239528 0.030872
vt 0.239528 0.001992
vt 0.401110 0.515806
vt 0.401110 0.495109
vt 0.446993 0.495109
vt 0.446993 0.515806
vt 0.401110 0.304435
vt 0.446993 0.304435
vt 0.665180 0.362195
vt 0.665180 0.333315
vt 0.711063 0.333315
vt 0.711063 0.362195
vt 0.285411 0.059752
vt 0.285411 0.088632
vt 0.239528 0.088632
vt 0.239528 0.059752
vt 0.665180 0.304435
vt 0.711063 0.304435
vt 0.285322 0.121144
vt 0.239439 0.121144
vt 0.665269 0.394707
vt 0.711152 0.394707
vt 0.285322 0.255890
vt 0.285322 0.300806
vt 0.239439 0.300806
vt 0.239439 0.255890
vt 0.665269 0.574368
vt 0.665269 0.529453
vt 0.711152 0.529453
vt 0.711152 0.574368
vt 0.907404 0.805041
vt 0.907404 0.995715
vt 0.861521 0.995715
vt 0.861521 0.805041
vt 0.665269 0.484537
vt 0.665269 0.439622
vt 0.711152 0.439622
vt 0.711152 0.484537
vt 0.285322 0.166059
vt 0.285322 0.210975
vt 0.239439 0.210975
vt 0.239439 0.166059
vt 0.311887 0.030872
vt 0.332585 0.001992
vt 0.332585 0.030872
vt 0.293063 0.088632
vt 0.300454 0.059752
vt 0.332584 0.059752
vt 0.332584 0.088632
vt 0.292599 0.121144
vt 0.332584 0.121144
vt 0.332585 0.300806
vt 0.311887 0.255890
vt 0.332585 0.255890
vt 0.300454 0.210975
vt 0.293063 0.166060
vt 0.332584 0.166060
vt 0.332584 0.210975
vt 0.820450 0.702465
vt 0.820450 0.702415
vt 0.820479 0.702415
vt 0.820479 0.702465
vt 0.822415 0.702718
vt 0.822415 0.702858
vt 0.822386 0.702858
vt 0.822386 0.702718
vt 0.821498 0.702550
vt 0.821498 0.702639
vt 0.821469 0.702639
vt 0.821469 0.702550
vt 0.819823 0.702188
vt 0.819823 0.702148
vt 0.819852 0.702148
vt 0.819852 0.702188
vt 0.819707 0.702143
vt 0.819707 0.702103
vt 0.819736 0.702103
vt 0.819736 0.702143
vt 0.821731 0.702674
vt 0.821731 0.702573
vt 0.821760 0.702573
vt 0.821760 0.702674
vt 0.822478 0.702718
vt 0.822527 0.702718
vt 0.822527 0.702858
vt 0.822438 0.702858
vt 0.822438 0.702818
vt 0.822478 0.702818
vn 0.000000 1.000000 0.000000
vn 0.000000 1.000000 0.000000
vn 0.000000 1.000000 0.000000
vn 0.000000 1.000000 0.000000
vn -1.000000 0.000000 0.000000
vn -1.000000 0.000000 0.000000
vn -1.000000 0.000000 0.000000
vn -1.000000 0.000000 0.000000
vn 0.000000 -1.000000 0.000000
vn 0.000000 -1.000000 0.000000
vn 0.000000 -1.000000 0.000000
vn 0.000000 -1.000000 0.000000
vn 1.000000 0.000000 0.000000
vn 1.000000 0.000000 0.000000
vn 1.000000 0.000000 0.000000
vn 1.000000 0.000000 0.000000
vn -0.812925 -0.582368 0.000000
vn -0.812925 -0.582368 0.000000
vn -0.812925 -0.582368 0.000000
vn -0.812925 -0.582368 0.000000
vn 0.814896 -0.579607 0.000000
vn 0.814896 -0.579607 0.000000
vn 0.814896 -0.579607 0.000000
vn 0.814896 -0.579607 0.000000
vn -1.000000 0.000000 0.000000
vn -1.000000 0.000000 0.000000
vn -1.000000 0.000000 0.000000
vn -1.000000 0.000000 0.000000
vn 0.000000 -1.000000 0.000000
vn 0.000000 -1.000000 0.000000
vn 0.000000 -1.000000 0.000000
vn 0.000000 -1.000000 0.000000
vn 1.000000 0.000000 0.000000
vn 1.000000 0.000000 0.000000
vn 1.000000 0.000000 0.000000
vn 1.000000 0.000000 0.000000
vn 0.000000 1.000000 0.000000
vn 0.000000 1.000000 0.000000
vn 0.000000 1.000000 0.000000
vn 0.000000 1.000000 0.000000
vn -0.870671 0.491866 0.000000
vn -0.870671 0.491866 0.000000
vn -0.870671 0.491866 0.000000
vn -0.870671 0.491866 0.000000
vn 0.870695 0.491824 0.000000
vn 0.870695 0.491824 0.000000
vn 0.870695 0.491824 0.000000
vn 0.870695 0.491824 0.000000
vn 0.000000 0.000000 1.000000
vn 0.000000 0.000000 1.000000
vn 0.000000 0.000000 1.000000
vn 0.000000 0.000000 1.000000
vn 0.000000 0.000000 1.000000
vn 0.000000 0.000000 1.000000
vn 0.000000 0.000000 1.000000
vn 0.000000 0.000000 1.000000
vn 0.000000 0.000000 1.000000
vn 0.000000 0.000000 1.000000
vn 0.000000 0.000000 1.000000
vn 0.000000 0.000000 1.000000
vn 0.000000 1.000000 0.000000
vn 0.000000 1.000000 0.000000
vn 0.000000 1.000000 0.000000
vn 0.000000 1.000000 0.000000
vn -0.962348 0.271821 0.000000
vn -0.962348 0.271821 0.000000
vn -0.962348 0.271821 0.000000
vn -0.962348 0.271821 0.000000
vn 0.000000 -1.000000 0.000000
vn 0.000000 -1.000000 0.000000
vn 0.000000 -1.000000 0.000000
vn 0.000000 -1.000000 0.000000
vn 0.970755 -0.240073 0.000000
vn 0.970755 -0.240073 0.000000
vn 0.970755 -0.240073 0.000000
vn 0.970755 -0.240073 0.000000
vn 0.000000 -1.000000 0.000000
vn 0.000000 -1.000000 0.000000
vn 0.000000 -1.000000 0.000000
vn 0.000000 -1.000000 0.000000
vn -0.970818 -0.239816 0.000000
vn -0.970818 -0.239816 0.000000
vn -0.970818 -0.239816 0.000000
vn -0.970818 -0.239816 0.000000
vn 0.000000 -1.000000 0.000000
vn 0.000000 -1.000000 0.000000
vn 0.000000 -1.000000 0.000000
vn 0.000000 -1.000000 0.000000
vn 0.962348 0.271821 0.000000
vn 0.962348 0.271821 0.000000
vn 0.962348 0.271821 0.000000
vn 0.962348 0.271821 0.000000
vn -0.970791 -0.239925 0.000000
vn -0.970791 -0.239925 0.000000
vn -0.970791 -0.239925 0.000000
vn -0.970791 -0.239925 0.000000
vn 0.000000 1.000000 0.000000
vn 0.000000 1.000000 0.000000
vn 0.000000 1.000000 0.000000
vn 0.000000 1.000000 0.000000
vn 0.970775 -0.239994 0.000000
vn 0.970775 -0.239994 0.000000
vn 0.970775 -0.239994 0.000000
vn 0.970775 -0.239994 0.000000
vn 0.000000 0.000000 1.000000
vn 0.000000 0.000000 1.000000
vn 0.000000 0.000000 1.000000
vn 0.000000 0.000000 1.000000
vn 0.000000 0.000000 1.000000
vn 0.000000 0.000000 1.000000
vn 0.000000 0.000000 1.000000
vn 0.000000 0.000000 1.000000
vn 0.000000 0.000000 1.000000
vn 0.000000 0.000000 1.000000
vn 0.000000 0.000000 1.000000
vn 0.000000 1.000000 0.000000
vn 0.000000 1.000000 0.000000
vn 0.000000 1.000000 0.000000
vn 0.000000 1.000000 0.000000
vn -1.000000 0.000000 0.000000
vn -1.000000 0.000000 0.000000
vn -1.000000 0.000000 0.000000
vn -1.000000 0.000000 0.000000
vn 0.000000 -1.000000 0.000000
vn 0.000000 -1.000000 0.000000
vn 0.000000 -1.000000 0.000000
vn 0.000000 -1.000000 0.000000
vn 1.000000 0.000000 0.000000
vn 1.000000 0.000000 0.000000
vn 1.000000 0.000000 0.000000
vn 1.000000 0.000000 0.000000
vn 0.000000 1.000000 0.000000
vn 0.000000 1.000000 0.000000
vn 0.000000 1.000000 0.000000
vn 0.000000 1.000000 0.000000
vn 1.000000 0.000000 0.000000
vn 1.000000 0.000000 0.000000
vn 1.000000 0.000000 0.000000
vn 1.000000 0.000000 0.000000
vn 0.000000 0.000000 1.000000
vn 0.000000 0.000000 1.000000
vn 0.000000 0.000000 1.000000
vn 0.000000 0.000000 1.000000
vn 0.000000 0.000000 1.000000
vn 0.000000 0.000000 1.000000
vn 0.000000 0.000000 1.000000
vn 0.000000 0.000000 1.000000
vn 0.000000 0.000000 1.000000
vn 0.000000 0.000000 1.000000
vn 0.000000 1.000000 0.000000
vn 0.000000 1.000000 0.000000
vn 0.000000 1.000000 0.000000
vn 0.000000 1.000000 0.000000
vn 0.000000 0.000000 -1.000000
vn 0.000000 0.000000 -1.000000
vn 0.000000 0.000000 -1.000000
vn 0.000000 0.000000 -1.000000
vn 1.000000 0.000000 0.000000
vn 1.000000 0.000000 0.000000
vn 1.000000 0.000000 0.000000
vn 1.000000 0.000000 0.000000
vn -1.000000 0.000000 0.000000
vn -1.000000 0.000000 0.000000
vn -1.000000 0.000000 0.000000
vn -1.000000 0.000000 0.000000
vn 0.000000 0.000000 1.000000
vn 0.000000 0.000000 1.000000
vn 0.000000 0.000000 1.000000
vn 0.000000 0.000000 1.000000
vn 0.000000 0.000000 1.000000
vn -0.001670 0.000000 0.999999
vn -0.002000 0.000000 0.999998
vn 0.000000 0.000000 1.000000
vn -0.001145 0.000000 0.999999
vn -0.001010 0.000000 1.000000
vn 0.000000 0.000000 1.000000
vn -0.000000 0.000000 1.000000
vn -0.000000 0.000000 1.000000
vn 0.000000 0.000000 1.000000
vn -0.000000 0.000000 1.000000
vn -0.000000 0.000000 1.000000
vn 0.000000 0.000000 1.000000
vn 0.000000 0.000000 1.000000
vn 0.982209 -0.187794 0.000000
vn -0.666863 -0.745181 0.000000
vn -0.666863 -0.745181 0.000000
vn 0.982209 -0.187794 0.000000
vn 0.486121 0.873892 -0.000001
vn 0.990794 0.135375 -0.000000
vn 0.990795 0.135374 -0.000000
vn 0.486121 0.873892 -0.000001
vn 0.127017 0.991901 0.000000
vn 0.309860 0.950782 0.000000
vn 0.309860 0.950782 0.000000
vn 0.126813 0.991927 0.000000
vn 0.000000 -1.000000 0.000000
vn 0.643972 -0.765049 0.000000
vn 0.644169 -0.764883 0.000000
vn 0.000000 -1.000000 0.000000
vn 0.000564 -1.000000 0.000000
vn -0.000564 -1.000000 0.000000
vn 0.000010 1.000000 0.000000
vn -0.000010 1.000000 0.000000
vn 0.498738 -0.866753 0.000000
vn -0.958522 -0.285020 0.000000
vn -0.958522 -0.285020 0.000000
vn 0.498738 -0.866753 0.000000
vn -0.978159 0.207856 -0.000001
vn -0.336783 0.941582 -0.000003
vn -0.336783 0.941582 -0.000003
vn -0.978161 0.207851 -0.000001
vn -0.205095 0.978742 0.000000
vn -0.087111 0.996199 0.000000
vn -0.087111 0.996199 0.000000
vn -0.205095 0.978742 0.000000
vn -0.498739 -0.866753 0.000000
vn 0.000000 -1.000000 0.000000
vn 0.000000 -1.000000 0.000000
vn -0.498739 -0.866753 0.000000
vn 0.000000 0.000000 -1.000000
vn 0.000000 0.000000 -1.000000
vn 0.000000 0.000000 -1.000000
vn 0.001637 0.000000 -0.999999
vn -0.000000 0.000000 -1.000000
vn -0.000000 0.000000 -1.000000
vn 0.001515 0.000000 -0.999999
vn 0.001144 0.000000 -0.999999
vn 0.001146 0.000000 -0.999999
vn 0.000000 0.000000 -1.000000
vn 0.000000 0.000000 -1.000000
vn 0.000000 0.000000 -1.000000
vn -0.000000 0.000000 -1.000000
vn 0.000000 0.000000 -1.000000
vn 0.000000 0.000000 -1.000000
vn -0.000000 0.000000 -1.000000
vn 0.000000 1.000000 0.000000
vn 0.000000 1.000000 0.000000
vn 0.000000 1.000000 0.000000
vn 0.000000 1.000000 0.000000
vn -1.000000 0.000000 0.000000
vn -1.000000 0.000000 0.000000
vn -1.000000 0.000000 0.000000
vn -1.000000 0.000000 0.000000
vn 0.000000 -1.000000 0.000000
vn 0.000000 -1.000000 0.000000
vn 0.000000 -1.000000 0.000000
vn 0.000000 -1.000000 0.000000
vn 1.000000 0.000000 0.000000
vn 1.000000 0.000000 0.000000
vn 1.000000 0.000000 0.000000
vn 1.000000 0.000000 0.000000
vn 0.000000 1.000000 0.000000
vn 0.000000 1.000000 0.000000
vn 0.000000 1.000000 0.000000
vn 0.000000 1.000000 0.000000
vn 1.000000 0.000000 0.000000
vn 1.000000 0.000000 0.000000
vn 1.000000 0.000000 0.000000
vn 1.000000 0.000000 0.000000
vn 0.000000 0.000000 1.000000
vn 0.000000 0.000000 1.000000
vn 0.000000 0.000000 1.000000
vn 0.000000 0.000000 1.000000
vn 0.000000 0.000000 1.000000
vn 0.000000 0.000000 1.000000
s off
g group1 MALL
usemtl lambert3SG
f 3781/6899/6819 3782/6900/6820 3794/6901/6821 3793/6902/6822
f 3782/6903/6823 3783/6904/6824 3795/6905/6825 3794/6906/6826
f 3783/6907/6827 3784/6908/6828 3796/6909/6829 3795/6910/6830
f 3784/6911/6831 3785/6912/6832 3797/6913/6833 3796/6914/6834
f 3785/6915/6835 3786/6916/6836 3798/6917/6837 3797/6918/6838
f 3786/6916/6839 3787/6919/6840 3799/6920/6841 3798/6917/6842
f 3787/6921/6843 3788/6922/6844 3800/6923/6845 3799/6924/6846
f 3788/6925/6847 3789/6926/6848 3801/6927/6849 3800/6928/6850
f 3789/6929/6851 3790/6930/6852 3802/6931/6853 3801/6932/6854
f 3790/6933/6855 3791/6934/6856 3803/6935/6857 3802/6936/6858
f 3791/6937/6859 3792/6938/6860 3804/6939/6861 3803/6940/6862
f 3792/6941/6863 3781/6942/6864 3793/6943/6865 3804/6944/6866
f 3793/6945/6867 3794/6946/6868 3795/6947/6869 3796/6948/6870 3797/6949/6871 3798/6950/6872 3799/6951/6873 3800/6952/6874 3801/6953/6875 3802/6954/6876 3803/6955/6877 3804/6956/6878
f 3805/6957/6879 3806/6958/6880 3817/6959/6881 3816/6960/6882
f 3806/6961/6883 3807/6962/6884 3818/6963/6885 3817/6964/6886
f 3807/6965/6887 3808/6966/6888 3819/6967/6889 3818/6968/6890
f 3808/6969/6891 3809/6970/6892 3820/6971/6893 3819/6972/6894
f 3809/6973/6895 3810/6974/6896 3821/6975/6897 3820/6976/6898
f 3810/6977/6899 3811/6978/6900 3822/6979/6901 3821/6980/6902
f 3811/6981/6903 3812/6982/6904 3823/6983/6905 3822/6984/6906
f 3812/6985/6907 3805/6986/6908 3816/6987/6909 3823/6988/6910
f 3813/6989/6911 3814/6990/6912 3825/6991/6913 3824/6992/6914
f 3814/6993/6915 3815/6994/6916 3826/6995/6917 3825/6996/6918
f 3815/6997/6919 3813/6998/6920 3824/6999/6921 3826/7000/6922
f 3816/7001/6923 3817/7002/6924 3818/7003/6925 3819/7004/6926 3820/7005/6927 3821/7006/6928 3822/7007/6929 3823/7008/6930 3824/7009/6931 3825/7010/6932 3826/7011/6933
f 3827/7012/6934 3828/7013/6935 3834/7014/6936 3833/7015/6937
f 3828/7016/6938 3829/7017/6939 3835/7018/6940 3834/7019/6941
f 3829/7020/6942 3830/7021/6943 3836/7022/6944 3835/7023/6945
f 3830/7024/6946 3831/7025/6947 3837/7026/6948 3836/7027/6949
f 3831/7028/6950 3832/7029/6951 3838/7030/6952 3837/7031/6953
f 3832/7032/6954 3827/7033/6955 3833/7034/6956 3838/7035/6957
f 3833/7036/6958 3834/7037/6959 3835/7038/6960 3836/7039/6961 3837/7040/6962 3838/7041/6963
f 3839/7042/6964 3840/7043/6965 3842/7044/6966 3841/7045/6967
f 3841/7046/6968 3842/7047/6969 3844/7048/6970 3843/7049/6971
f 3843/7050/6972 3844/7051/6973 3846/7052/6974 3845/7053/6975
f 3840/7054/6976 3846/7055/6977 3844/7056/6978 3842/7057/6979
f 3845/7058/6980 3839/7059/6981 3841/7060/6982 3843/7061/6983
s 1
f 3847/7062/6984 3849/7063/6985 3854/7064/6986 3853/7065/6987
f 3851/7066/6988 3856/7067/6989 3855/7068/6990 3852/7069/6991
f 3853/7065/6987 3854/7064/6986 3851/7066/6988 3852/7069/6991
f 3856/7067/6989 3850/7070/6992 3848/7071/6993 3855/7068/6990
f 3857/7072/6994 3861/7073/6995 3862/7074/6996 3858/7075/6997
f 3859/7076/6998 3860/7077/6999 3863/7078/7000 3864/7079/7001
f 3861/7073/6995 3860/7077/6999 3859/7076/6998 3862/7074/6996
f 3864/7079/7001 3863/7078/7000 3848/7071/6993 3850/7070/6992
s 4
f 3847/7080/7002 3853/7081/7003 3866/7082/7004 3865/7083/7005
f 3854/7084/7006 3849/7085/7007 3867/7086/7008 3868/7087/7009
f 3849/7085/7007 3847/7088/7002 3865/7089/7005 3867/7086/7008
f 3856/7090/7010 3851/7091/7011 3869/7092/7012 3870/7093/7013
f 3852/7094/7014 3855/7095/7015 3872/7096/7016 3871/7097/7017
f 3853/7081/7003 3852/7094/7014 3871/7097/7017 3866/7082/7004
f 3851/7091/7011 3854/7098/7006 3868/7099/7009 3869/7092/7012
f 3855/7095/7015 3848/7100/7018 3873/7101/7019 3872/7096/7016
f 3850/7102/7020 3856/7090/7010 3870/7093/7013 3874/7103/7021
f 3861/7104/7022 3857/7105/7023 3875/7106/7024 3876/7107/7025
f 3858/7108/7026 3862/7109/7027 3878/7110/7028 3877/7111/7029
f 3857/7112/7023 3858/7113/7026 3877/7114/7029 3875/7115/7024
f 3859/7116/7030 3864/7117/7031 3880/7118/7032 3879/7119/7033
f 3863/7120/7034 3860/7121/7035 3881/7122/7036 3882/7123/7037
f 3860/7121/7035 3861/7104/7022 3876/7107/7025 3881/7122/7036
f 3862/7109/7027 3859/7116/7030 3879/7119/7033 3878/7110/7028
f 3848/7100/7018 3863/7120/7034 3882/7123/7037 3873/7101/7019
f 3864/7117/7031 3850/7102/7020 3874/7103/7021 3880/7118/7032
s 8
f 3868/7124/7038 3867/7125/7039 3883/7126/7040
f 3870/7127/7041 3869/7128/7042 3884/7129/7043 3885/7130/7044
f 3869/7128/7042 3868/7124/7038 3883/7126/7040 3884/7129/7043
f 3874/7131/7045 3870/7127/7041 3885/7130/7044 3886/7132/7046
f 3877/7133/7047 3878/7134/7048 3887/7135/7049
f 3879/7136/7050 3880/7137/7051 3889/7138/7052 3888/7139/7053
f 3878/7134/7048 3879/7136/7050 3888/7139/7053 3887/7135/7049
f 3880/7137/7051 3874/7131/7045 3886/7132/7046 3889/7138/7052
s off
f 3890/7140/7054 3891/7141/7055 3897/7142/7056 3896/7143/7057
f 3891/7144/7058 3892/7145/7059 3898/7146/7060 3897/7147/7061
f 3892/7148/7062 3893/7149/7063 3899/7150/7064 3898/7151/7065
f 3893/7152/7066 3894/7153/7067 3900/7154/7068 3899/7155/7069
f 3894/7156/7070 3895/7157/7071 3901/7158/7072 3900/7159/7073
f 3895/7160/7074 3890/7161/7075 3896/7162/7076 3901/7163/7077
f 3896/7164/7078 3897/7165/7079 3898/7166/7080 3899/7167/7081 3900/7168/7082 3901/7169/7083
g default
v -0.621469 0.000000 0.353443
v 0.418375 0.000000 0.353443
v -0.621469 0.461792 0.353443
v 0.418375 0.461792 0.353443
v -0.621469 0.461792 -0.353443
v 0.418375 0.461792 -0.353443
v -0.621469 0.000000 -0.353443
v 0.418375 0.000000 -0.353443
v 0.107321 2.562722 0.275176
v 0.107321 2.312747 0.503717
v 0.315745 2.312747 0.275176
v 0.107321 2.312747 -0.503717
v 0.107321 2.562722 -0.275176
v 0.315745 2.312747 -0.275176
v 0.107321 2.062722 0.596878
v 0.315745 2.062722 0.275176
v 0.315745 2.062722 -0.275176
v 0.107321 2.062722 -0.596878
v 0.315745 1.640260 0.275176
v 0.315745 1.640260 -0.275176
v 0.107321 1.640260 -0.596878
v 0.255013 1.829460 0.258831
v 0.076952 1.796834 0.452305
v 0.076952 1.617881 0.235477
v 0.076952 1.696449 -0.230428
v 0.076952 1.940655 -0.400548
v 0.255013 1.908028 -0.207075
v 0.076952 1.995155 0.554528
v 0.255013 2.041081 0.282189
v 0.255013 2.119650 -0.183718
v 0.076952 2.165576 -0.456057
v -0.051027 0.461792 0.082901
v 0.114777 0.461792 0.082901
v -0.051027 0.862020 0.082901
v 0.114777 0.862020 0.082901
v -0.051027 0.862020 -0.082901
v 0.114777 0.862020 -0.082901
v -0.051027 0.461792 -0.082901
v 0.114777 0.461792 -0.082901
v -0.051027 0.544693 0.082901
v -0.051027 0.544693 -0.082901
v 0.114777 0.544693 -0.082901
v 0.114777 0.544693 0.082901
v -0.051027 0.461792 0.134796
v 0.114777 0.461792 0.134796
v 0.114777 0.544693 0.134796
v -0.051027 0.544693 0.134796
v -0.051027 0.461792 0.082901
v 0.114777 0.461792 0.082901
v -0.051027 0.862020 0.082901
v 0.114777 0.862020 0.082901
v -0.051027 0.862020 -0.082901
v 0.114777 0.862020 -0.082901
v -0.051027 0.461792 -0.082901
v 0.114777 0.461792 -0.082901
v -0.051027 0.544693 0.082901
v -0.051027 0.544693 -0.082901
v 0.114777 0.544693 -0.082901
v 0.114777 0.544693 0.082901
v -0.051027 0.461792 0.134796
v 0.114777 0.461792 0.134796
v 0.114777 0.544693 0.134796
v -0.051027 0.544693 0.134796
v 0.492735 0.814732 0.169451
v 0.201746 0.814732 0.338867
v 0.032513 1.630810 0.134059
v 0.032513 1.496778 0.268091
v 0.166544 1.496778 0.134059
v 0.032513 1.496778 -0.268091
v 0.032513 1.630810 -0.134059
v 0.166544 1.496778 -0.134059
v 0.201746 0.814732 -0.338867
v 0.492735 0.814732 -0.169451
v 0.534199 1.645214 0.115169
v 0.534410 1.504765 0.128097
v 0.534445 1.482374 -0.115169
v 0.534233 1.622823 -0.128097
v 0.492735 0.814732 0.000000
v 0.166544 1.496778 0.000000
v 0.534534 1.423344 0.012927
v 0.534111 1.704243 -0.012927
v 0.032513 1.630810 0.000000
v 0.621254 1.616166 0.074080
v 0.621389 1.525824 0.082397
v 0.621469 1.473452 0.008315
v 0.621197 1.654136 -0.008315
v 0.621412 1.511421 -0.074080
v 0.621275 1.601763 -0.082397
v -0.080000 2.562722 0.275176
v -0.080000 2.312747 -0.503717
v -0.080000 2.312747 0.503717
v -0.080000 2.562722 -0.275176
v -0.080000 2.062722 0.596878
v -0.080000 2.062722 -0.596878
v -0.080000 1.640260 -0.596878
v -0.080000 1.796834 0.452305
v -0.080000 1.696449 -0.230428
v -0.080000 1.940655 -0.400548
v -0.080000 1.617881 0.235477
v -0.080000 1.995155 0.554528
v -0.080000 2.165576 -0.456057
v -0.080000 0.814732 0.338867
v -0.080000 1.630810 0.134059
v -0.080000 1.496778 -0.268091
v -0.080000 1.496778 0.268091
v -0.080000 1.630810 -0.134059
v -0.080000 0.814732 -0.338867
v -0.267321 2.562722 0.275176
v -0.267321 2.312747 0.503717
v -0.475745 2.312747 0.275176
v -0.267321 2.312747 -0.503717
v -0.267321 2.562722 -0.275176
v -0.475745 2.312747 -0.275176
v -0.267321 2.062722 0.596878
v -0.475745 2.062722 0.275176
v -0.475745 2.062722 -0.275176
v -0.267321 2.062722 -0.596878
v -0.475745 1.640260 0.275176
v -0.475745 1.640260 -0.275176
v -0.267321 1.640260 -0.596878
v -0.415013 1.829460 0.258831
v -0.236952 1.796834 0.452305
v -0.236952 1.617881 0.235477
v -0.236952 1.696449 -0.230428
v -0.236952 1.940655 -0.400548
v -0.415013 1.908028 -0.207075
v -0.236952 1.995155 0.554528
v -0.415013 2.041081 0.282189
v -0.415013 2.119650 -0.183718
v -0.236952 2.165576 -0.456057
v -0.108973 0.461792 0.082901
v -0.274777 0.461792 0.082901
v -0.108973 0.862020 0.082901
v -0.274777 0.862020 0.082901
v -0.108973 0.862020 -0.082901
v -0.274777 0.862020 -0.082901
v -0.108973 0.461792 -0.082901
v -0.274777 0.461792 -0.082901
v -0.108973 0.544693 0.082901
v -0.108973 0.544693 -0.082901
v -0.274777 0.544693 -0.082901
v -0.274777 0.544693 0.082901
v -0.108973 0.461792 0.134796
v -0.274777 0.461792 0.134796
v -0.274777 0.544693 0.134796
v -0.108973 0.544693 0.134796
v -0.108973 0.461792 0.082901
v -0.274777 0.461792 0.082901
v -0.108973 0.862020 0.082901
v -0.274777 0.862020 0.082901
v -0.108973 0.862020 -0.082901
v -0.274777 0.862020 -0.082901
v -0.108973 0.461792 -0.082901
v -0.274777 0.461792 -0.082901
v -0.108973 0.544693 0.082901
v -0.108973 0.544693 -0.082901
v -0.274777 0.544693 -0.082901
v -0.274777 0.544693 0.082901
v -0.108973 0.461792 0.134796
v -0.274777 0.461792 0.134796
v -0.274777 0.544693 0.134796
v -0.108973 0.544693 0.134796
v -0.652735 0.814732 0.169451
v -0.361746 0.814732 0.338867
v -0.192513 1.630810 0.134059
v -0.192513 1.496778 0.268091
v -0.326544 1.496778 0.134059
v -0.192513 1.496778 -0.268091
v -0.192513 1.630810 -0.134059
v -0.326544 1.496778 -0.134059
v -0.361746 0.814732 -0.338867
v -0.652735 0.814732 -0.169451
v -0.694199 1.645214 0.115169
v -0.694410 1.504765 0.128097
v -0.694445 1.482374 -0.115169
v -0.694233 1.622823 -0.128097
v -0.652735 0.814732 0.000000
v -0.326544 1.496778 -0.000000
v -0.694534 1.423344 0.012927
v -0.694111 1.704243 -0.012927
v -0.192513 1.630810 -0.000000
v -0.781254 1.616166 0.074080
v -0.781389 1.525824 0.082397
v -0.781469 1.473452 0.008315
v -0.781197 1.654136 -0.008315
v -0.781412 1.511421 -0.074080
v -0.781275 1.601763 -0.082397
v -0.080000 2.562722 0.275176
v -0.080000 2.312747 -0.503717
v -0.080000 2.312747 0.503717
v -0.080000 2.562722 -0.275176
v -0.080000 2.062722 0.596878
v -0.080000 2.062722 -0.596878
v -0.080000 1.640260 -0.596878
v -0.080000 1.796834 0.452305
v -0.080000 1.696449 -0.230428
v -0.080000 1.940655 -0.400548
v -0.080000 1.617881 0.235477
v -0.080000 1.995155 0.554528
v -0.080000 2.165576 -0.456057
v -0.080000 0.814732 0.338867
v -0.080000 1.630810 0.134059
v -0.080000 1.496778 -0.268091
v -0.080000 1.496778 0.268091
v -0.080000 1.630810 -0.134059
v -0.080000 0.814732 -0.338867
vt 0.668431 0.879508
vt 0.668431 0.805041
vt 0.701502 0.805041
vt 0.701502 0.879508
vt 0.612231 0.879508
vt 0.612231 0.805041
vt 0.662853 0.805041
vt 0.662853 0.879508
vt 0.573582 0.806241
vt 0.573582 0.731774
vt 0.606652 0.731774
vt 0.606652 0.806241
vt 0.517382 0.812207
vt 0.517382 0.737740
vt 0.568004 0.737740
vt 0.568004 0.812207
vt 0.280865 0.769891
vt 0.280865 0.719269
vt 0.313936 0.719269
vt 0.313936 0.769891
vt 0.242217 0.769891
vt 0.242217 0.719269
vt 0.275287 0.719269
vt 0.275287 0.769891
vt 0.737334 0.890530
vt 0.737334 0.867492
vt 0.755239 0.867492
vt 0.755239 0.883858
vt 0.773140 0.867492
vt 0.755239 0.828080
vt 0.773140 0.828080
vt 0.755239 0.811713
vt 0.737334 0.828080
vt 0.737334 0.805041
vt 0.707080 0.867492
vt 0.707080 0.828080
vt 0.707080 0.805041
vt 0.487733 0.788936
vt 0.472581 0.787263
vt 0.478208 0.753898
vt 0.493360 0.755571
vt 0.485397 0.802791
vt 0.495696 0.741715
vt 0.502888 0.790608
vt 0.499599 0.810111
vt 0.508514 0.757243
vt 0.511803 0.737740
vt 0.613335 0.895011
vt 0.613335 0.883137
vt 0.619271 0.883137
vt 0.619271 0.895011
vt 0.625739 0.895011
vt 0.625739 0.883137
vt 0.637612 0.883137
vt 0.637612 0.895011
vt 0.143750 0.785037
vt 0.155624 0.785037
vt 0.155624 0.790974
vt 0.143750 0.790974
vt 0.388288 0.799811
vt 0.400162 0.799811
vt 0.400162 0.811685
vt 0.388288 0.811685
vt 0.165186 0.765061
vt 0.177060 0.765061
vt 0.177060 0.770998
vt 0.165186 0.770998
vt 0.182734 0.765069
vt 0.194608 0.765069
vt 0.194608 0.771006
vt 0.182734 0.771006
vt 0.194608 0.793731
vt 0.182734 0.793731
vt 0.143750 0.762312
vt 0.155624 0.762312
vt 0.177060 0.793723
vt 0.165186 0.793723
vt 0.250071 0.773520
vt 0.261945 0.773520
vt 0.261945 0.796245
vt 0.250071 0.796245
vt 0.400162 0.815401
vt 0.388288 0.815401
vt 0.161470 0.770998
vt 0.161470 0.765061
vt 0.647175 0.883137
vt 0.647175 0.895011
vt 0.643459 0.895011
vt 0.643459 0.883137
vt 0.198324 0.765069
vt 0.198324 0.771006
vt 0.572578 0.821744
vt 0.572578 0.809870
vt 0.578515 0.809870
vt 0.578515 0.821744
vt 0.584982 0.821744
vt 0.584982 0.809870
vt 0.596856 0.809870
vt 0.596856 0.821744
vt 0.083501 0.780605
vt 0.095375 0.780605
vt 0.095375 0.786542
vt 0.083501 0.786542
vt 0.370568 0.799811
vt 0.382442 0.799811
vt 0.382442 0.811685
vt 0.370568 0.811685
vt 0.104938 0.757880
vt 0.116811 0.757880
vt 0.116811 0.763817
vt 0.104938 0.763817
vt 0.122486 0.762312
vt 0.134359 0.762312
vt 0.134359 0.768249
vt 0.122486 0.768249
vt 0.134359 0.790974
vt 0.122486 0.790974
vt 0.083501 0.757880
vt 0.095375 0.757880
vt 0.116811 0.786541
vt 0.104938 0.786541
vt 0.232351 0.773520
vt 0.244225 0.773520
vt 0.244225 0.796245
vt 0.232351 0.796245
vt 0.382442 0.815401
vt 0.370568 0.815401
vt 0.101221 0.763817
vt 0.101221 0.757880
vt 0.606419 0.809870
vt 0.606419 0.821744
vt 0.602702 0.821744
vt 0.602702 0.809870
vt 0.138076 0.762312
vt 0.138076 0.768249
vt 0.374110 0.737740
vt 0.386243 0.737740
vt 0.388777 0.786584
vt 0.379179 0.786584
vt 0.470397 0.823961
vt 0.469801 0.817491
vt 0.475106 0.813740
vt 0.476297 0.826680
vt 0.417576 0.786584
vt 0.407978 0.786584
vt 0.410512 0.737740
vt 0.422645 0.737740
vt 0.398377 0.737740
vt 0.398377 0.786584
vt 0.388777 0.796182
vt 0.407978 0.796182
vt 0.195915 0.761440
vt 0.186317 0.751842
vt 0.186889 0.725498
vt 0.196947 0.725513
vt 0.077894 0.790459
vt 0.068293 0.790459
vt 0.069219 0.764106
vt 0.077467 0.764114
vt 0.212124 0.751844
vt 0.202525 0.761442
vt 0.203097 0.725512
vt 0.213155 0.725497
vt 0.171138 0.761432
vt 0.161538 0.761432
vt 0.162891 0.725505
vt 0.172064 0.725511
vt 0.058693 0.790459
vt 0.060046 0.764112
vt 0.481007 0.816459
vt 0.481602 0.822929
vt 0.180739 0.761432
vt 0.180312 0.725502
vt 0.188397 0.719269
vt 0.194867 0.719278
vt 0.068889 0.757880
vt 0.074194 0.757886
vt 0.165833 0.719270
vt 0.171734 0.719275
vt 0.062988 0.757884
vt 0.204605 0.719279
vt 0.211075 0.719269
vt 0.177039 0.719269
vt 0.450914 0.754107
vt 0.450914 0.737740
vt 0.467003 0.737740
vt 0.467003 0.754107
vt 0.450914 0.793519
vt 0.467003 0.793519
vt 0.450914 0.809886
vt 0.467003 0.809886
vt 0.220550 0.737174
vt 0.220550 0.719269
vt 0.236638 0.719269
vt 0.236638 0.737174
vt 0.297959 0.791425
vt 0.297959 0.773520
vt 0.314048 0.773520
vt 0.314048 0.791425
vt 0.220550 0.767428
vt 0.236638 0.767428
vt 0.430039 0.749923
vt 0.430039 0.737740
vt 0.443520 0.737740
vt 0.443520 0.749923
vt 0.430039 0.783288
vt 0.443520 0.783288
vt 0.430039 0.798816
vt 0.443520 0.798816
vt 0.420211 0.813292
vt 0.406008 0.813292
vt 0.406008 0.799811
vt 0.420211 0.799811
vt 0.351120 0.815919
vt 0.351120 0.799811
vt 0.364601 0.799811
vt 0.364601 0.815919
vt 0.348355 0.786584
vt 0.348355 0.737740
vt 0.368532 0.737740
vt 0.356412 0.786584
vt 0.348355 0.796182
vt 0.356412 0.796182
vt 0.321057 0.747339
vt 0.321057 0.737740
vt 0.329114 0.737740
vt 0.329114 0.747339
vt 0.321057 0.796182
vt 0.341234 0.796182
vt 0.737334 0.890530
vt 0.755239 0.883858
vt 0.755239 0.867492
vt 0.737334 0.867492
vt 0.773140 0.867492
vt 0.773140 0.828080
vt 0.755239 0.828080
vt 0.755239 0.811713
vt 0.737334 0.805041
vt 0.737334 0.828080
vt 0.707080 0.828080
vt 0.707080 0.867492
vt 0.707080 0.805041
vt 0.487733 0.788936
vt 0.493360 0.755571
vt 0.478208 0.753898
vt 0.472581 0.787263
vt 0.485397 0.802791
vt 0.495696 0.741715
vt 0.499599 0.810111
vt 0.502888 0.790608
vt 0.508514 0.757243
vt 0.511803 0.737740
vt 0.613335 0.895011
vt 0.619271 0.895011
vt 0.619271 0.883137
vt 0.613335 0.883137
vt 0.625739 0.895011
vt 0.637612 0.895011
vt 0.637612 0.883137
vt 0.625739 0.883137
vt 0.143750 0.785037
vt 0.143750 0.790974
vt 0.155624 0.790974
vt 0.155624 0.785037
vt 0.388288 0.799811
vt 0.388288 0.811685
vt 0.400162 0.811685
vt 0.400162 0.799811
vt 0.165186 0.765061
vt 0.165186 0.770998
vt 0.177060 0.770998
vt 0.177060 0.765061
vt 0.182734 0.765069
vt 0.182734 0.771006
vt 0.194608 0.771006
vt 0.194608 0.765069
vt 0.182734 0.793731
vt 0.194608 0.793731
vt 0.143750 0.762312
vt 0.155624 0.762312
vt 0.165186 0.793723
vt 0.177060 0.793723
vt 0.250071 0.773520
vt 0.250071 0.796245
vt 0.261945 0.796245
vt 0.261945 0.773520
vt 0.388288 0.815401
vt 0.400162 0.815401
vt 0.161470 0.765061
vt 0.161470 0.770998
vt 0.647175 0.883137
vt 0.643459 0.883137
vt 0.643459 0.895011
vt 0.647175 0.895011
vt 0.198324 0.771006
vt 0.198324 0.765069
vt 0.572578 0.821744
vt 0.578515 0.821744
vt 0.578515 0.809870
vt 0.572578 0.809870
vt 0.584982 0.821744
vt 0.596856 0.821744
vt 0.596856 0.809870
vt 0.584982 0.809870
vt 0.083501 0.780605
vt 0.083501 0.786542
vt 0.095375 0.786542
vt 0.095375 0.780605
vt 0.370568 0.799811
vt 0.370568 0.811685
vt 0.382442 0.811685
vt 0.382442 0.799811
vt 0.104938 0.757880
vt 0.104938 0.763817
vt 0.116811 0.763817
vt 0.116811 0.757880
vt 0.122486 0.762312
vt 0.122486 0.768249
vt 0.134359 0.768249
vt 0.134359 0.762312
vt 0.122486 0.790974
vt 0.134359 0.790974
vt 0.083501 0.757880
vt 0.095375 0.757880
vt 0.104938 0.786541
vt 0.116811 0.786541
vt 0.232351 0.773520
vt 0.232351 0.796245
vt 0.244225 0.796245
vt 0.244225 0.773520
vt 0.370568 0.815401
vt 0.382442 0.815401
vt 0.101221 0.757880
vt 0.101221 0.763817
vt 0.606419 0.809870
vt 0.602702 0.809870
vt 0.602702 0.821744
vt 0.606419 0.821744
vt 0.138076 0.768249
vt 0.138076 0.762312
vt 0.374110 0.737740
vt 0.379179 0.786584
vt 0.388777 0.786584
vt 0.386243 0.737740
vt 0.470397 0.823961
vt 0.476297 0.826680
vt 0.475106 0.813740
vt 0.469801 0.817491
vt 0.417576 0.786584
vt 0.422645 0.737740
vt 0.410512 0.737740
vt 0.407978 0.786584
vt 0.398377 0.786584
vt 0.398377 0.737740
vt 0.388777 0.796182
vt 0.407978 0.796182
vt 0.195915 0.761440
vt 0.196947 0.725513
vt 0.186889 0.725498
vt 0.186317 0.751842
vt 0.077894 0.790459
vt 0.077467 0.764114
vt 0.069219 0.764106
vt 0.068293 0.790459
vt 0.212124 0.751844
vt 0.213155 0.725497
vt 0.203097 0.725512
vt 0.202525 0.761442
vt 0.171138 0.761432
vt 0.172064 0.725511
vt 0.162891 0.725505
vt 0.161538 0.761432
vt 0.060046 0.764112
vt 0.058693 0.790459
vt 0.481602 0.822929
vt 0.481007 0.816459
vt 0.180739 0.761432
vt 0.180312 0.725502
vt 0.194867 0.719278
vt 0.188397 0.719269
vt 0.074194 0.757886
vt 0.068889 0.757880
vt 0.171734 0.719275
vt 0.165833 0.719270
vt 0.062988 0.757884
vt 0.211075 0.719269
vt 0.204605 0.719279
vt 0.177039 0.719269
vt 0.450914 0.754107
vt 0.467003 0.754107
vt 0.467003 0.737740
vt 0.450914 0.737740
vt 0.450914 0.793519
vt 0.467003 0.793519
vt 0.450914 0.809886
vt 0.467003 0.809886
vt 0.220550 0.737174
vt 0.236638 0.737174
vt 0.236638 0.719269
vt 0.220550 0.719269
vt 0.297959 0.791425
vt 0.314048 0.791425
vt 0.314048 0.773520
vt 0.297959 0.773520
vt 0.220550 0.767428
vt 0.236638 0.767428
vt 0.430039 0.749923
vt 0.443520 0.749923
vt 0.443520 0.737740
vt 0.430039 0.737740
vt 0.430039 0.783288
vt 0.443520 0.783288
vt 0.430039 0.798816
vt 0.443520 0.798816
vt 0.420211 0.813292
vt 0.420211 0.799811
vt 0.406008 0.799811
vt 0.406008 0.813292
vt 0.351120 0.815919
vt 0.364601 0.815919
vt 0.364601 0.799811
vt 0.351120 0.799811
vt 0.348355 0.786584
vt 0.356412 0.786584
vt 0.368532 0.737740
vt 0.348355 0.737740
vt 0.348355 0.796182
vt 0.356412 0.796182
vt 0.321057 0.747339
vt 0.329114 0.747339
vt 0.329114 0.737740
vt 0.321057 0.737740
vt 0.321057 0.796182
vt 0.341234 0.796182
vn 0.000000 0.000000 1.000000
vn 0.000000 0.000000 1.000000
vn 0.000000 0.000000 1.000000
vn 0.000000 0.000000 1.000000
vn 0.000000 1.000000 0.000000
vn 0.000000 1.000000 0.000000
vn 0.000000 1.000000 0.000000
vn 0.000000 1.000000 0.000000
vn 0.000000 0.000000 -1.000000
vn 0.000000 0.000000 -1.000000
vn 0.000000 0.000000 -1.000000
vn 0.000000 0.000000 -1.000000
vn 0.000000 -1.000000 0.000000
vn 0.000000 -1.000000 0.000000
vn 0.000000 -1.000000 0.000000
vn 0.000000 -1.000000 0.000000
vn 1.000000 0.000000 0.000000
vn 1.000000 0.000000 0.000000
vn 1.000000 0.000000 0.000000
vn 1.000000 0.000000 0.000000
vn -1.000000 0.000000 0.000000
vn -1.000000 0.000000 0.000000
vn -1.000000 0.000000 0.000000
vn -1.000000 0.000000 0.000000
vn 0.515846 0.234235 0.824037
vn 0.992785 0.021961 0.117877
vn 0.917312 0.356103 0.178124
vn 0.457810 0.403392 0.792266
vn 0.481612 0.854380 0.195156
vn 0.917312 0.356103 -0.178124
vn 0.481612 0.854380 -0.195156
vn 0.457810 0.403392 -0.792266
vn 0.971402 0.016407 -0.236873
vn 0.597074 0.078878 -0.798298
vn 1.000000 0.000000 0.000000
vn 0.972607 0.000000 -0.232457
vn 0.630781 0.000000 -0.775961
vn 0.917505 -0.379888 0.117768
vn 0.483769 -0.873577 0.053211
vn 0.484087 -0.811659 -0.326908
vn 0.916326 -0.326015 -0.232510
vn 0.468109 -0.496640 0.730906
vn 0.457371 -0.303633 -0.835834
vn 0.971889 -0.068961 0.225114
vn 0.532685 -0.322367 0.782512
vn 0.965328 -0.019174 -0.260336
vn 0.508091 -0.141570 -0.849589
vn 0.000000 0.000000 1.000000
vn 0.000000 0.000000 1.000000
vn 0.000000 0.000000 1.000000
vn 0.000000 0.000000 1.000000
vn 0.000000 1.000000 0.000000
vn 0.000000 1.000000 0.000000
vn 0.000000 1.000000 0.000000
vn 0.000000 1.000000 0.000000
vn 0.000000 0.000000 -1.000000
vn 0.000000 0.000000 -1.000000
vn 0.000000 0.000000 -1.000000
vn 0.000000 0.000000 -1.000000
vn 0.000000 -1.000000 0.000000
vn 0.000000 -1.000000 0.000000
vn 0.000000 -1.000000 0.000000
vn 0.000000 -1.000000 0.000000
vn 1.000000 0.000000 0.000000
vn 1.000000 0.000000 0.000000
vn 1.000000 0.000000 0.000000
vn 1.000000 0.000000 0.000000
vn -1.000000 0.000000 0.000000
vn -1.000000 0.000000 0.000000
vn -1.000000 0.000000 0.000000
vn -1.000000 0.000000 0.000000
vn -1.000000 0.000000 0.000000
vn -1.000000 0.000000 0.000000
vn 0.000000 0.000000 -1.000000
vn 0.000000 0.000000 -1.000000
vn 1.000000 0.000000 0.000000
vn 1.000000 0.000000 0.000000
vn 0.000000 0.000000 1.000000
vn 0.000000 0.000000 1.000000
vn 0.000000 0.000000 1.000000
vn 0.000000 0.000000 1.000000
vn 0.000000 -1.000000 0.000000
vn 0.000000 -1.000000 0.000000
vn 0.000000 -1.000000 0.000000
vn 0.000000 -1.000000 0.000000
vn 1.000000 0.000000 0.000000
vn 1.000000 0.000000 0.000000
vn 1.000000 0.000000 0.000000
vn 1.000000 0.000000 0.000000
vn 0.000000 1.000000 0.000000
vn 0.000000 1.000000 0.000000
vn 0.000000 1.000000 0.000000
vn 0.000000 1.000000 0.000000
vn -1.000000 0.000000 0.000000
vn -1.000000 0.000000 0.000000
vn -1.000000 0.000000 0.000000
vn -1.000000 0.000000 0.000000
vn 0.000000 0.000000 1.000000
vn 0.000000 0.000000 1.000000
vn 0.000000 0.000000 1.000000
vn 0.000000 0.000000 1.000000
vn 0.000000 1.000000 0.000000
vn 0.000000 1.000000 0.000000
vn 0.000000 1.000000 0.000000
vn 0.000000 1.000000 0.000000
vn 0.000000 0.000000 -1.000000
vn 0.000000 0.000000 -1.000000
vn 0.000000 0.000000 -1.000000
vn 0.000000 0.000000 -1.000000
vn 0.000000 -1.000000 0.000000
vn 0.000000 -1.000000 0.000000
vn 0.000000 -1.000000 0.000000
vn 0.000000 -1.000000 0.000000
vn 1.000000 0.000000 0.000000
vn 1.000000 0.000000 0.000000
vn 1.000000 0.000000 0.000000
vn 1.000000 0.000000 0.000000
vn -1.000000 0.000000 0.000000
vn -1.000000 0.000000 0.000000
vn -1.000000 0.000000 0.000000
vn -1.000000 0.000000 0.000000
vn -1.000000 0.000000 0.000000
vn -1.000000 0.000000 0.000000
vn 0.000000 0.000000 -1.000000
vn 0.000000 0.000000 -1.000000
vn 1.000000 0.000000 0.000000
vn 1.000000 0.000000 0.000000
vn 0.000000 0.000000 1.000000
vn 0.000000 0.000000 1.000000
vn 0.000000 0.000000 1.000000
vn 0.000000 0.000000 1.000000
vn 0.000000 -1.000000 0.000000
vn 0.000000 -1.000000 0.000000
vn 0.000000 -1.000000 0.000000
vn 0.000000 -1.000000 0.000000
vn 1.000000 0.000000 0.000000
vn 1.000000 0.000000 0.000000
vn 1.000000 0.000000 0.000000
vn 1.000000 0.000000 0.000000
vn 0.000000 1.000000 0.000000
vn 0.000000 1.000000 0.000000
vn 0.000000 1.000000 0.000000
vn 0.000000 1.000000 0.000000
vn -1.000000 0.000000 0.000000
vn -1.000000 0.000000 0.000000
vn -1.000000 0.000000 0.000000
vn -1.000000 0.000000 0.000000
vn 0.375552 0.216271 0.901214
vn 0.787651 0.374583 0.489177
vn 0.624591 0.199998 0.754909
vn 0.303807 0.244786 0.920750
vn 0.787983 0.356062 0.502297
vn 0.788599 -0.256555 0.558830
vn 0.788964 -0.611845 0.056404
vn 0.787726 0.613441 -0.056372
vn 0.303807 0.244786 -0.920750
vn 0.631800 0.176588 -0.754749
vn 0.787651 0.374583 -0.489177
vn 0.375552 0.216271 -0.901215
vn 0.902137 0.431450 0.000000
vn 0.999534 0.024660 0.017979
vn 0.015245 0.793272 0.608677
vn 0.024060 0.759956 -0.649529
vn 0.057945 -0.474013 0.878609
vn 0.039363 0.677373 0.734586
vn -0.004050 -0.998594 0.052849
vn 0.051421 0.580364 -0.812732
vn 0.045226 -0.600460 -0.798375
vn -0.073960 0.996491 -0.039178
vn -0.004306 0.998709 -0.050605
vn 0.788703 -0.354248 -0.502450
vn 0.788080 0.258420 -0.558703
vn 0.000000 0.952165 0.305584
vn 0.000000 0.541083 0.840969
vn 0.000000 0.952165 -0.305584
vn 0.000000 0.541083 -0.840969
vn 0.000000 0.137221 -0.990541
vn 0.000000 0.349155 0.937065
vn 0.000000 0.000000 -1.000000
vn 0.000000 -0.891741 -0.452545
vn 0.000000 -0.433431 -0.901187
vn 0.000000 -0.989363 0.145469
vn 0.000000 -0.645729 0.763567
vn 0.000000 -0.458161 0.888869
vn 0.000000 -0.239603 -0.970871
vn 0.000000 0.190596 0.981669
vn 0.000000 0.103216 0.994659
vn 0.000000 0.707108 0.707106
vn 0.000000 0.190596 -0.981669
vn 0.000000 0.707108 -0.707106
vn 0.000000 0.103216 -0.994659
vn -0.515846 0.234235 0.824037
vn -0.457810 0.403392 0.792266
vn -0.917313 0.356103 0.178124
vn -0.992785 0.021961 0.117877
vn -0.481612 0.854380 0.195156
vn -0.481612 0.854380 -0.195156
vn -0.917313 0.356103 -0.178124
vn -0.457810 0.403392 -0.792266
vn -0.597074 0.078878 -0.798298
vn -0.971402 0.016407 -0.236873
vn -0.972607 0.000000 -0.232457
vn -1.000000 0.000000 0.000000
vn -0.630781 0.000000 -0.775961
vn -0.917505 -0.379888 0.117768
vn -0.916326 -0.326015 -0.232510
vn -0.484087 -0.811659 -0.326908
vn -0.483769 -0.873577 0.053211
vn -0.468109 -0.496640 0.730906
vn -0.457371 -0.303633 -0.835834
vn -0.532685 -0.322367 0.782513
vn -0.971889 -0.068961 0.225114
vn -0.965328 -0.019174 -0.260336
vn -0.508091 -0.141570 -0.849589
vn 0.000000 0.000000 1.000000
vn 0.000000 0.000000 1.000000
vn 0.000000 0.000000 1.000000
vn 0.000000 0.000000 1.000000
vn 0.000000 1.000000 0.000000
vn 0.000000 1.000000 0.000000
vn 0.000000 1.000000 0.000000
vn 0.000000 1.000000 0.000000
vn 0.000000 0.000000 -1.000000
vn 0.000000 0.000000 -1.000000
vn 0.000000 0.000000 -1.000000
vn 0.000000 0.000000 -1.000000
vn 0.000000 -1.000000 0.000000
vn 0.000000 -1.000000 0.000000
vn 0.000000 -1.000000 0.000000
vn 0.000000 -1.000000 0.000000
vn -1.000000 0.000000 0.000000
vn -1.000000 0.000000 0.000000
vn -1.000000 0.000000 0.000000
vn -1.000000 0.000000 0.000000
vn 1.000000 0.000000 0.000000
vn 1.000000 0.000000 0.000000
vn 1.000000 0.000000 0.000000
vn 1.000000 0.000000 0.000000
vn 1.000000 0.000000 0.000000
vn 1.000000 0.000000 0.000000
vn 0.000000 0.000000 -1.000000
vn 0.000000 0.000000 -1.000000
vn -1.000000 0.000000 0.000000
vn -1.000000 0.000000 0.000000
vn 0.000000 0.000000 1.000000
vn 0.000000 0.000000 1.000000
vn 0.000000 0.000000 1.000000
vn 0.000000 0.000000 1.000000
vn 0.000000 -1.000000 0.000000
vn 0.000000 -1.000000 0.000000
vn 0.000000 -1.000000 0.000000
vn 0.000000 -1.000000 0.000000
vn -1.000000 0.000000 0.000000
vn -1.000000 0.000000 0.000000
vn -1.000000 0.000000 0.000000
vn -1.000000 0.000000 0.000000
vn 0.000000 1.000000 0.000000
vn 0.000000 1.000000 0.000000
vn 0.000000 1.000000 0.000000
vn 0.000000 1.000000 0.000000
vn 1.000000 0.000000 0.000000
vn 1.000000 0.000000 0.000000
vn 1.000000 0.000000 0.000000
vn 1.000000 0.000000 0.000000
vn 0.000000 0.000000 1.000000
vn 0.000000 0.000000 1.000000
vn 0.000000 0.000000 1.000000
vn 0.000000 0.000000 1.000000
vn 0.000000 1.000000 0.000000
vn 0.000000 1.000000 0.000000
vn 0.000000 1.000000 0.000000
vn 0.000000 1.000000 0.000000
vn 0.000000 0.000000 -1.000000
vn 0.000000 0.000000 -1.000000
vn 0.000000 0.000000 -1.000000
vn 0.000000 0.000000 -1.000000
vn 0.000000 -1.000000 0.000000
vn 0.000000 -1.000000 0.000000
vn 0.000000 -1.000000 0.000000
vn 0.000000 -1.000000 0.000000
vn -1.000000 0.000000 0.000000
vn -1.000000 0.000000 0.000000
vn -1.000000 0.000000 0.000000
vn -1.000000 0.000000 0.000000
vn 1.000000 0.000000 0.000000
vn 1.000000 0.000000 0.000000
vn 1.000000 0.000000 0.000000
vn 1.000000 0.000000 0.000000
vn 1.000000 0.000000 0.000000
vn 1.000000 0.000000 0.000000
vn 0.000000 0.000000 -1.000000
vn 0.000000 0.000000 -1.000000
vn -1.000000 0.000000 0.000000
vn -1.000000 0.000000 0.000000
vn 0.000000 0.000000 1.000000
vn 0.000000 0.000000 1.000000
vn 0.000000 0.000000 1.000000
vn 0.000000 0.000000 1.000000
vn 0.000000 -1.000000 0.000000
vn 0.000000 -1.000000 0.000000
vn 0.000000 -1.000000 0.000000
vn 0.000000 -1.000000 0.000000
vn -1.000000 0.000000 0.000000
vn -1.000000 0.000000 0.000000
vn -1.000000 0.000000 0.000000
vn -1.000000 0.000000 0.000000
vn 0.000000 1.000000 0.000000
vn 0.000000 1.000000 0.000000
vn 0.000000 1.000000 0.000000
vn 0.000000 1.000000 0.000000
vn 1.000000 0.000000 0.000000
vn 1.000000 0.000000 0.000000
vn 1.000000 0.000000 0.000000
vn 1.000000 0.000000 0.000000
vn -0.375552 0.216271 0.901215
vn -0.303807 0.244786 0.920750
vn -0.624591 0.199998 0.754909
vn -0.787651 0.374583 0.489177
vn -0.787983 0.356062 0.502297
vn -0.787726 0.613441 -0.056372
vn -0.788964 -0.611845 0.056405
vn -0.788599 -0.256555 0.558830
vn -0.303807 0.244786 -0.920750
vn -0.375552 0.216271 -0.901214
vn -0.787651 0.374583 -0.489177
vn -0.631799 0.176588 -0.754749
vn -0.999534 0.024660 0.017980
vn -0.902137 0.431450 0.000000
vn -0.015245 0.793272 0.608677
vn -0.024060 0.759956 -0.649529
vn -0.039363 0.677373 0.734586
vn -0.057945 -0.474012 0.878610
vn 0.004050 -0.998594 0.052849
vn -0.045226 -0.600460 -0.798375
vn -0.051421 0.580363 -0.812733
vn 0.073960 0.996491 -0.039178
vn 0.004306 0.998709 -0.050605
vn -0.788080 0.258420 -0.558703
vn -0.788703 -0.354248 -0.502450
vn 0.000000 0.952165 0.305584
vn 0.000000 0.541083 0.840969
vn 0.000000 0.952165 -0.305584
vn 0.000000 0.541083 -0.840969
vn 0.000000 0.137221 -0.990541
vn 0.000000 0.349155 0.937065
vn 0.000000 0.000000 -1.000000
vn 0.000000 -0.891741 -0.452545
vn 0.000000 -0.433431 -0.901187
vn 0.000000 -0.989363 0.145469
vn 0.000000 -0.645729 0.763567
vn 0.000000 -0.458161 0.888869
vn 0.000000 -0.239603 -0.970871
vn 0.000000 0.190596 0.981669
vn 0.000000 0.103216 0.994659
vn 0.000000 0.707108 0.707106
vn 0.000000 0.190596 -0.981669
vn 0.000000 0.707108 -0.707106
vn 0.000000 0.103216 -0.994659
s off
g group1 Estatua
usemtl lambert3SG
f 3902/7170/7084 3903/7171/7085 3905/7172/7086 3904/7173/7087
f 3904/7174/7088 3905/7175/7089 3907/7176/7090 3906/7177/7091
f 3906/7178/7092 3907/7179/7093 3909/7180/7094 3908/7181/7095
f 3908/7182/7096 3909/7183/7097 3903/7184/7098 3902/7185/7099
f 3903/7186/7100 3909/7187/7101 3907/7188/7102 3905/7189/7103
f 3908/7190/7104 3902/7191/7105 3904/7192/7106 3906/7193/7107
s 1
f 3916/7194/7108 3917/7195/7109 3912/7196/7110 3911/7197/7111
f 3910/7198/7112 3912/7196/7110 3915/7199/7113 3914/7200/7114
f 3913/7201/7115 3915/7199/7113 3918/7202/7116 3919/7203/7117
f 3917/7195/7109 3918/7202/7116 3915/7199/7113 3912/7196/7110
f 3910/7198/7112 3911/7197/7111 3912/7196/7110
f 3913/7201/7115 3914/7200/7114 3915/7199/7113
f 3918/7202/7116 3917/7195/7109 3920/7204/7118 3921/7205/7119
f 3919/7203/7117 3918/7202/7116 3921/7205/7119 3922/7206/7120
s 2
f 3923/7207/7121 3925/7208/7122 3926/7209/7123 3928/7210/7124
f 3923/7207/7121 3924/7211/7125 3925/7208/7122
f 3926/7209/7123 3927/7212/7126 3928/7210/7124
f 3924/7211/7125 3923/7207/7121 3930/7213/7127 3929/7214/7128
f 3923/7207/7121 3928/7210/7124 3931/7215/7129 3930/7213/7127
f 3932/7216/7130 3931/7215/7129 3928/7210/7124 3927/7212/7126
s off
f 3945/7217/7131 3946/7218/7132 3947/7219/7133 3948/7220/7134
f 3935/7221/7135 3936/7222/7136 3938/7223/7137 3937/7224/7138
s 3
f 3942/7225/7139 3943/7226/7140 3940/7227/7141 3939/7228/7142
s off
f 3939/7229/7143 3940/7230/7144 3934/7231/7145 3933/7232/7146
s 4
f 3934/7233/7147 3940/7234/7148 3943/7235/7149 3944/7236/7150
s 5
f 3939/7237/7151 3933/7238/7152 3941/7239/7153 3942/7240/7154
f 3942/7240/7154 3941/7239/7153 3935/7241/7155 3937/7242/7156
s 3
f 3937/7243/7157 3938/7244/7158 3943/7226/7140 3942/7225/7139
s 4
f 3944/7236/7150 3943/7235/7149 3938/7245/7159 3936/7246/7160
s off
f 3941/7247/7161 3944/7248/7162 3936/7249/7163 3935/7250/7164
f 3933/7232/7165 3934/7231/7166 3946/7251/7167 3945/7252/7168
f 3934/7233/7169 3944/7236/7170 3947/7253/7171 3946/7254/7172
f 3944/7255/7173 3941/7256/7174 3948/7257/7175 3947/7258/7176
f 3941/7239/7177 3933/7238/7178 3945/7259/7179 3948/7260/7180
f 3961/7261/7181 3962/7262/7182 3963/7263/7183 3964/7264/7184
f 3951/7265/7185 3952/7266/7186 3954/7267/7187 3953/7268/7188
s 6
f 3958/7269/7189 3959/7270/7190 3956/7271/7191 3955/7272/7192
s off
f 3955/7273/7193 3956/7274/7194 3950/7275/7195 3949/7276/7196
s 7
f 3950/7277/7197 3956/7278/7198 3959/7279/7199 3960/7280/7200
s 8
f 3955/7281/7201 3949/7282/7202 3957/7283/7203 3958/7284/7204
f 3958/7284/7204 3957/7283/7203 3951/7285/7205 3953/7286/7206
s 6
f 3953/7287/7207 3954/7288/7208 3959/7270/7190 3958/7269/7189
s 7
f 3960/7280/7200 3959/7279/7199 3954/7289/7209 3952/7290/7210
s off
f 3957/7291/7211 3960/7292/7212 3952/7293/7213 3951/7294/7214
f 3949/7276/7215 3950/7275/7216 3962/7295/7217 3961/7296/7218
f 3950/7277/7219 3960/7280/7220 3963/7297/7221 3962/7298/7222
f 3960/7299/7223 3957/7300/7224 3964/7301/7225 3963/7302/7226
f 3957/7283/7227 3949/7282/7228 3961/7303/7229 3964/7304/7230
s 9
f 3966/7305/7231 3965/7306/7232 3969/7307/7233 3968/7308/7234
f 3984/7309/7235 3985/7310/7236 3986/7311/7237 3987/7312/7238
f 3970/7313/7239 3972/7314/7240 3974/7315/7241 3973/7316/7242
f 3965/7306/7232 3979/7317/7243 3980/7318/7244 3969/7307/7233
f 3967/7319/7245 3968/7308/7234 3969/7307/7233
f 3970/7313/7239 3971/7320/7246 3972/7314/7240
f 3967/7321/7245 3969/7322/7233 3976/7323/7247 3975/7324/7248
f 3969/7325/7233 3980/7326/7244 3981/7327/7249 3976/7328/7247
f 3972/7329/7240 3971/7330/7246 3978/7331/7250 3977/7332/7251
f 3983/7333/7252 3967/7334/7245 3975/7335/7248 3982/7336/7253
f 3979/7317/7243 3974/7315/7241 3972/7314/7240 3980/7318/7244
f 3981/7327/7249 3980/7326/7244 3972/7337/7240 3977/7338/7251
f 3987/7312/7238 3986/7311/7237 3988/7339/7254 3989/7340/7255
f 3971/7341/7246 3983/7333/7252 3982/7336/7253 3978/7342/7250
f 3975/7324/7248 3976/7323/7247 3985/7343/7236 3984/7344/7235
f 3976/7328/7247 3981/7327/7249 3986/7345/7237 3985/7346/7236
f 3982/7336/7253 3975/7335/7248 3984/7347/7235 3987/7348/7238
f 3981/7327/7249 3977/7338/7251 3988/7349/7254 3986/7345/7237
f 3977/7332/7251 3978/7331/7250 3989/7350/7255 3988/7351/7254
f 3978/7342/7250 3982/7336/7253 3987/7348/7238 3989/7352/7255
s 1
f 3990/7353/7256 3992/7354/7257 3911/7355/7111 3910/7356/7112
f 3993/7357/7258 3990/7353/7256 3910/7356/7112 3914/7358/7114
f 3991/7359/7259 3993/7357/7258 3914/7358/7114 3913/7360/7115
f 3995/7361/7260 3991/7362/7259 3913/7363/7115 3919/7364/7117
f 3992/7365/7257 3994/7366/7261 3916/7367/7108 3911/7368/7111
f 3996/7369/7262 3995/7361/7260 3919/7364/7117 3922/7370/7120
s 2
f 3998/7371/7263 3999/7372/7264 3927/7373/7126 3926/7374/7123
f 4000/7375/7265 3998/7371/7263 3926/7374/7123 3925/7376/7122
f 3997/7377/7266 4000/7375/7265 3925/7376/7122 3924/7378/7125
f 4001/7379/7267 3997/7380/7266 3924/7381/7125 3929/7382/7128
f 3999/7383/7264 4002/7384/7268 3932/7385/7130 3927/7386/7126
s 9
f 4006/7387/7269 4003/7388/7270 3966/7389/7231 3968/7390/7234
f 4004/7391/7271 4006/7387/7269 3968/7390/7234 3967/7392/7245
f 4005/7393/7272 4007/7394/7273 3971/7395/7246 3970/7396/7239
f 4008/7397/7274 4005/7393/7272 3970/7396/7239 3973/7398/7242
s 12
f 4015/7399/7275 4010/7400/7276 4011/7401/7277 4016/7402/7278
f 4009/7403/7279 4013/7404/7280 4014/7405/7281 4011/7401/7277
f 4012/7406/7282 4018/7407/7283 4017/7408/7284 4014/7405/7281
f 4016/7402/7278 4011/7401/7277 4014/7405/7281 4017/7408/7284
f 4009/7403/7279 4011/7401/7277 4010/7400/7276
f 4012/7406/7282 4014/7405/7281 4013/7404/7280
f 4017/7408/7284 4020/7409/7285 4019/7410/7286 4016/7402/7278
f 4018/7407/7283 4021/7411/7287 4020/7409/7285 4017/7408/7284
s 15
f 4022/7412/7288 4027/7413/7289 4025/7414/7290 4024/7415/7291
f 4022/7412/7288 4024/7415/7291 4023/7416/7292
f 4025/7414/7290 4027/7413/7289 4026/7417/7293
f 4023/7416/7292 4028/7418/7294 4029/7419/7295 4022/7412/7288
f 4022/7412/7288 4029/7419/7295 4030/7420/7296 4027/7413/7289
f 4031/7421/7297 4026/7417/7293 4027/7413/7289 4030/7420/7296
s off
f 4044/7422/7298 4047/7423/7299 4046/7424/7300 4045/7425/7301
f 4034/7426/7302 4036/7427/7303 4037/7428/7304 4035/7429/7305
s 16
f 4041/7430/7306 4038/7431/7307 4039/7432/7308 4042/7433/7309
s off
f 4038/7434/7310 4032/7435/7311 4033/7436/7312 4039/7437/7313
s 17
f 4033/7438/7314 4043/7439/7315 4042/7440/7316 4039/7441/7317
s 18
f 4038/7442/7318 4041/7443/7319 4040/7444/7320 4032/7445/7321
f 4041/7443/7319 4036/7446/7322 4034/7447/7323 4040/7444/7320
s 16
f 4036/7448/7324 4041/7430/7306 4042/7433/7309 4037/7449/7325
s 17
f 4043/7439/7315 4035/7450/7326 4037/7451/7327 4042/7440/7316
s off
f 4040/7452/7328 4034/7453/7329 4035/7454/7330 4043/7455/7331
f 4032/7435/7332 4044/7456/7333 4045/7457/7334 4033/7436/7335
f 4033/7438/7336 4045/7458/7337 4046/7459/7338 4043/7439/7339
f 4043/7460/7340 4046/7461/7341 4047/7462/7342 4040/7463/7343
f 4040/7444/7344 4047/7464/7345 4044/7465/7346 4032/7445/7347
f 4060/7466/7348 4063/7467/7349 4062/7468/7350 4061/7469/7351
f 4050/7470/7352 4052/7471/7353 4053/7472/7354 4051/7473/7355
s 19
f 4057/7474/7356 4054/7475/7357 4055/7476/7358 4058/7477/7359
s off
f 4054/7478/7360 4048/7479/7361 4049/7480/7362 4055/7481/7363
s 20
f 4049/7482/7364 4059/7483/7365 4058/7484/7366 4055/7485/7367
s 21
f 4054/7486/7368 4057/7487/7369 4056/7488/7370 4048/7489/7371
f 4057/7487/7369 4052/7490/7372 4050/7491/7373 4056/7488/7370
s 19
f 4052/7492/7374 4057/7474/7356 4058/7477/7359 4053/7493/7375
s 20
f 4059/7483/7365 4051/7494/7376 4053/7495/7377 4058/7484/7366
s off
f 4056/7496/7378 4050/7497/7379 4051/7498/7380 4059/7499/7381
f 4048/7479/7382 4060/7500/7383 4061/7501/7384 4049/7480/7385
f 4049/7482/7386 4061/7502/7387 4062/7503/7388 4059/7483/7389
f 4059/7504/7390 4062/7505/7391 4063/7506/7392 4056/7507/7393
f 4056/7488/7394 4063/7508/7395 4060/7509/7396 4048/7489/7397
s 22
f 4065/7510/7398 4067/7511/7399 4068/7512/7400 4064/7513/7401
f 4083/7514/7402 4086/7515/7403 4085/7516/7404 4084/7517/7405
f 4069/7518/7406 4072/7519/7407 4073/7520/7408 4071/7521/7409
f 4064/7513/7401 4068/7512/7400 4079/7522/7410 4078/7523/7411
f 4066/7524/7412 4068/7512/7400 4067/7511/7399
f 4069/7518/7406 4071/7521/7409 4070/7525/7413
f 4066/7526/7412 4074/7527/7414 4075/7528/7415 4068/7529/7400
f 4068/7530/7400 4075/7531/7415 4080/7532/7416 4079/7533/7410
f 4071/7534/7409 4076/7535/7417 4077/7536/7418 4070/7537/7413
f 4082/7538/7419 4081/7539/7420 4074/7540/7414 4066/7541/7412
f 4078/7523/7411 4079/7522/7410 4071/7521/7409 4073/7520/7408
f 4080/7532/7416 4076/7542/7417 4071/7543/7409 4079/7533/7410
f 4086/7515/7403 4088/7544/7421 4087/7545/7422 4085/7516/7404
f 4070/7546/7413 4077/7547/7418 4081/7539/7420 4082/7538/7419
f 4074/7527/7414 4083/7548/7402 4084/7549/7405 4075/7528/7415
f 4075/7531/7415 4084/7550/7405 4085/7551/7404 4080/7532/7416
f 4081/7539/7420 4086/7552/7403 4083/7553/7402 4074/7540/7414
f 4080/7532/7416 4085/7551/7404 4087/7554/7422 4076/7542/7417
f 4076/7535/7417 4087/7555/7422 4088/7556/7421 4077/7536/7418
f 4077/7547/7418 4088/7557/7421 4086/7552/7403 4081/7539/7420
s 12
f 4089/7558/7423 4009/7559/7279 4010/7560/7276 4091/7561/7424
f 4092/7562/7425 4013/7563/7280 4009/7559/7279 4089/7558/7423
f 4090/7564/7426 4012/7565/7282 4013/7563/7280 4092/7562/7425
f 4094/7566/7427 4018/7567/7283 4012/7568/7282 4090/7569/7426
f 4091/7570/7424 4010/7571/7276 4015/7572/7275 4093/7573/7428
f 4095/7574/7429 4021/7575/7287 4018/7567/7283 4094/7566/7427
s 15
f 4097/7576/7430 4025/7577/7290 4026/7578/7293 4098/7579/7431
f 4099/7580/7432 4024/7581/7291 4025/7577/7290 4097/7576/7430
f 4096/7582/7433 4023/7583/7292 4024/7581/7291 4099/7580/7432
f 4100/7584/7434 4028/7585/7294 4023/7586/7292 4096/7587/7433
f 4098/7588/7431 4026/7589/7293 4031/7590/7297 4101/7591/7435
s 22
f 4105/7592/7436 4067/7593/7399 4065/7594/7398 4102/7595/7437
f 4103/7596/7438 4066/7597/7412 4067/7593/7399 4105/7592/7436
f 4104/7598/7439 4069/7599/7406 4070/7600/7413 4106/7601/7440
f 4107/7602/7441 4072/7603/7407 4069/7599/7406 4104/7598/7439
g default
v -1.427195 -0.000000 1.014524
v 1.427195 -0.000000 1.014524
v -3.172995 2.515704 2.255523
v 3.172995 2.515704 2.255523
v -3.172995 2.515704 -2.255523
v 3.172995 2.515704 -2.255523
v -1.427195 -0.000000 -1.014524
v 1.427195 -0.000000 -1.014524
v 0.000000 2.911434 -2.255523
v 0.000000 -0.000000 -1.014524
v 0.000000 -0.000000 1.014524
v 0.000000 2.911434 2.255523
v -2.508530 0.961917 3.376821
v -3.283833 0.837434 2.916535
v -3.801796 0.765271 2.227781
v 3.801796 0.765271 2.227781
v 3.283833 0.837434 2.916535
v 2.508530 0.961917 3.376821
v -3.802357 1.922301 2.228111
v -3.284319 1.994464 2.916967
v -2.508904 2.118947 3.377317
v 2.508904 2.118947 3.377317
v 3.284319 1.994464 2.916967
v 3.802357 1.922301 2.228111
v -2.508904 2.118947 -3.377317
v -3.284319 1.994464 -2.916967
v -3.802357 1.922301 -2.228111
v 3.802357 1.922301 -2.228111
v 3.284319 1.994464 -2.916967
v 2.508904 2.118947 -3.377317
v -3.801796 0.765271 -2.227781
v -3.283833 0.837434 -2.916535
v -2.508530 0.961917 -3.376820
v 2.508530 0.961917 -3.376820
v 3.283833 0.837434 -2.916535
v 3.801796 0.765271 -2.227781
v -3.678825 0.487471 2.148094
v -3.208134 0.282340 2.037543
v -2.294247 0.439180 2.849424
v -2.418821 0.683354 3.267618
v -3.208138 0.559239 2.849304
v -2.973175 0.330463 2.640624
v 3.208134 0.282340 2.037543
v 3.678825 0.487471 2.148094
v 3.208138 0.559239 2.849304
v 2.418821 0.683354 3.267618
v 2.294247 0.439180 2.849424
v 2.973175 0.330463 2.640624
v -3.209105 2.553818 2.038163
v -3.679636 2.230887 2.148568
v -3.208815 2.302556 2.849908
v -2.419334 2.426771 3.268306
v -2.294937 2.710659 2.850275
v -2.973999 2.601940 2.641356
v 3.679636 2.230887 2.148568
v 3.209105 2.553818 2.038163
v 2.294937 2.710659 2.850275
v 2.419334 2.426771 3.268306
v 3.208815 2.302556 2.849908
v 2.973999 2.601940 2.641356
v -2.419334 2.426771 -3.268306
v -3.208815 2.302556 -2.849908
v -3.679636 2.230887 -2.148568
v -3.209105 2.553818 -2.038163
v -2.294937 2.710659 -2.850275
v -2.973999 2.601940 -2.641356
v 3.679636 2.230887 -2.148568
v 3.208815 2.302556 -2.849908
v 2.419334 2.426771 -3.268306
v 2.294937 2.710659 -2.850275
v 3.209105 2.553818 -2.038163
v 2.973999 2.601940 -2.641356
v -3.208134 0.282340 -2.037543
v -3.678825 0.487471 -2.148094
v -3.208138 0.559239 -2.849304
v -2.418821 0.683354 -3.267618
v -2.294247 0.439180 -2.849424
v -2.973175 0.330463 -2.640624
v 3.678825 0.487471 -2.148094
v 3.208134 0.282340 -2.037543
v 2.294247 0.439180 -2.849424
v 2.418821 0.683354 -3.267618
v 3.208138 0.559239 -2.849304
v 2.973175 0.330463 -2.640624
v 0.000000 2.927630 2.917511
v 0.000000 2.663597 3.377540
v 0.000000 2.370384 3.538991
v 0.000000 1.213354 3.538465
v 0.000000 0.920180 3.376798
v 0.000000 0.656152 2.916617
v 0.000000 2.927630 -2.917511
v 0.000000 2.663597 -3.377540
v 0.000000 2.370384 -3.538991
v 0.000000 1.213354 -3.538465
v 0.000000 0.920180 -3.376798
v 0.000000 0.656152 -2.916617
v 0.000000 0.000003 2.916617
v 0.000000 0.000003 -2.916617
v -3.208134 -0.000001 2.037543
v -2.294247 0.000001 2.849424
v -2.973175 0.000000 2.640624
v 3.208134 -0.000001 2.037543
v 2.294247 0.000001 2.849424
v 2.973175 0.000000 2.640624
v -3.208134 -0.000001 -2.037543
v -2.294247 0.000001 -2.849424
v -2.973175 0.000000 -2.640624
v 3.208134 -0.000001 -2.037543
v 2.294247 0.000001 -2.849424
v 2.973175 0.000000 -2.640624
v 0.000000 3.091752 2.346265
v 0.000000 3.091752 -2.346265
v -2.580767 2.791131 1.639091
v -1.845589 2.917263 2.292194
v -2.391695 2.829831 2.124180
v 2.580767 2.791131 1.639091
v 1.845589 2.917263 2.292194
v 2.391695 2.829831 2.124180
v -2.580767 2.791131 -1.639091
v -1.845589 2.917263 -2.292194
v -2.391695 2.829831 -2.124180
v 1.845589 2.917263 -2.292194
v 2.580767 2.791131 -1.639091
v 2.391695 2.829831 -2.124180
v 0.000000 3.035211 1.538036
v 0.000000 3.035211 -1.538036
v -1.691757 2.838147 1.074467
v -1.209831 2.920829 1.502593
v -1.567814 2.863515 1.392454
v 1.691757 2.838147 1.074467
v 1.209831 2.920829 1.502593
v 1.567814 2.863515 1.392454
v -1.691757 2.838147 -1.074467
v -1.209831 2.920829 -1.502593
v -1.567814 2.863515 -1.392454
v 1.209831 2.920829 -1.502593
v 1.691757 2.838147 -1.074467
v 1.567814 2.863515 -1.392454
vt 0.626387 0.630878
vt 0.537138 0.630878
vt 0.549269 0.533611
vt 0.626387 0.587128
vt 0.722076 0.704145
vt 0.632827 0.704145
vt 0.632827 0.660395
vt 0.709945 0.606878
vt 0.828758 0.704145
vt 0.766558 0.704145
vt 0.766558 0.660395
vt 0.828758 0.660395
vt 0.728516 0.606878
vt 0.866801 0.606878
vt 0.828758 0.747895
vt 0.866801 0.801412
vt 0.728516 0.801412
vt 0.766558 0.747895
vt 0.709945 0.801412
vt 0.632827 0.747895
vt 0.626387 0.674628
vt 0.549269 0.728145
vt 0.618547 0.515553
vt 0.621936 0.529982
vt 0.490237 0.529982
vt 0.493626 0.515553
vt 0.128386 0.342116
vt 0.136902 0.339673
vt 0.136902 0.476258
vt 0.128386 0.473815
vt 0.021863 0.615805
vt 0.012876 0.615805
vt 0.005616 0.541657
vt 0.014155 0.538907
vt 0.656255 0.343060
vt 0.659601 0.417208
vt 0.645495 0.417208
vt 0.643435 0.346879
vt 0.139114 0.318560
vt 0.174583 0.318547
vt 0.172371 0.339663
vt 0.142930 0.304450
vt 0.178399 0.304435
vt 0.049624 0.692715
vt 0.014155 0.692703
vt 0.057331 0.615805
vt 0.066506 0.476258
vt 0.057990 0.473815
vt 0.057990 0.342116
vt 0.066506 0.339673
vt 0.621936 0.304435
vt 0.618547 0.318864
vt 0.493626 0.318864
vt 0.490237 0.304435
vt 0.049624 0.538895
vt 0.072534 0.511481
vt 0.068718 0.497371
vt 0.104186 0.497384
vt 0.108002 0.511496
vt 0.101974 0.476268
vt 0.181830 0.342102
vt 0.181830 0.473829
vt 0.172371 0.476268
vt 0.191730 0.345486
vt 0.191730 0.470445
vt 0.297158 0.318537
vt 0.297158 0.304435
vt 0.371322 0.307783
vt 0.367508 0.320598
vt 0.059060 0.541641
vt 0.066320 0.615805
vt 0.121333 0.470445
vt 0.111434 0.473829
vt 0.111434 0.342102
vt 0.121333 0.345486
vt 0.101974 0.339663
vt 0.174583 0.497384
vt 0.139114 0.497371
vt 0.178399 0.511496
vt 0.142930 0.511481
vt 0.125034 0.692704
vt 0.089565 0.692715
vt 0.081857 0.615805
vt 0.117326 0.615805
vt 0.072869 0.615805
vt 0.080129 0.689969
vt 0.297158 0.497408
vt 0.297158 0.511510
vt 0.222994 0.508162
vt 0.226807 0.495347
vt 0.089565 0.538895
vt 0.125034 0.538907
vt 0.108002 0.304435
vt 0.104186 0.318547
vt 0.068718 0.318560
vt 0.072534 0.304450
vt 0.452572 0.417208
vt 0.466678 0.417208
vt 0.468738 0.487538
vt 0.455919 0.491357
vt 0.126313 0.615805
vt 0.133573 0.689954
vt 0.005616 0.689954
vt 0.010339 0.716470
vt 0.001811 0.714150
vt 0.130587 0.320621
vt 0.643431 0.515553
vt 0.637034 0.508350
vt 0.643435 0.487538
vt 0.656255 0.491357
vt 0.060190 0.495310
vt 0.001811 0.517461
vt 0.010339 0.515140
vt 0.643431 0.318864
vt 0.637034 0.326066
vt 0.184027 0.320602
vt 0.055252 0.714171
vt 0.045808 0.716485
vt 0.059060 0.689969
vt 0.193205 0.326995
vt 0.198792 0.320609
vt 0.222994 0.307783
vt 0.226807 0.320598
vt 0.205990 0.327002
vt 0.045808 0.515125
vt 0.055252 0.517440
vt 0.113631 0.495329
vt 0.122808 0.488936
vt 0.395523 0.320609
vt 0.388325 0.327002
vt 0.093381 0.716485
vt 0.083937 0.714171
vt 0.184027 0.495329
vt 0.198792 0.495336
vt 0.205990 0.488943
vt 0.193205 0.488936
vt 0.113631 0.320602
vt 0.083937 0.517440
vt 0.093381 0.515125
vt 0.080129 0.541641
vt 0.122808 0.326995
vt 0.395523 0.495336
vt 0.371322 0.508162
vt 0.367508 0.495347
vt 0.388325 0.488943
vt 0.130587 0.495310
vt 0.137378 0.714150
vt 0.128850 0.716470
vt 0.468742 0.515553
vt 0.475139 0.508350
vt 0.133573 0.541657
vt 0.128850 0.515140
vt 0.137378 0.517461
vt 0.060190 0.320621
vt 0.468742 0.318864
vt 0.475139 0.326066
vt 0.468738 0.346879
vt 0.455919 0.343060
vt 0.835829 0.966513
vt 0.835829 0.896183
vt 0.855943 0.896183
vt 0.849292 0.966513
vt 0.794428 0.948449
vt 0.794428 0.823529
vt 0.803083 0.823529
vt 0.803083 0.948449
vt 0.804558 0.805041
vt 0.794428 0.805041
vt 0.845959 0.987325
vt 0.835829 0.987325
vt 0.835829 0.825854
vt 0.849292 0.825854
vt 0.787374 0.948449
vt 0.788849 0.966937
vt 0.778719 0.966937
vt 0.778719 0.948449
vt 0.845959 0.805041
vt 0.835829 0.805041
vt 0.830250 0.896183
vt 0.830250 0.966513
vt 0.816787 0.966513
vt 0.810136 0.896183
vt 0.804558 0.966937
vt 0.794428 0.966937
vt 0.820120 0.987325
vt 0.830250 0.987325
vt 0.778719 0.823529
vt 0.787374 0.823529
vt 0.788849 0.805041
vt 0.778719 0.805041
vt 0.816787 0.825854
vt 0.820120 0.805041
vt 0.830250 0.805041
vt 0.830250 0.825854
vt 0.297158 0.479897
vt 0.240581 0.478239
vt 0.240581 0.337706
vt 0.297158 0.336048
vt 0.198783 0.345493
vt 0.223841 0.342856
vt 0.218045 0.357727
vt 0.376270 0.357727
vt 0.395532 0.345493
vt 0.395532 0.470452
vt 0.376270 0.458218
vt 0.370474 0.342856
vt 0.353734 0.337706
vt 0.218045 0.458218
vt 0.198783 0.470452
vt 0.223841 0.473089
vt 0.353734 0.478239
vt 0.370474 0.473089
vt 0.260070 0.454034
vt 0.297158 0.455121
vt 0.297158 0.360824
vt 0.260070 0.361911
vt 0.249097 0.365287
vt 0.245297 0.375035
vt 0.349018 0.440910
vt 0.349018 0.375035
vt 0.345219 0.365287
vt 0.334245 0.361911
vt 0.245297 0.440910
vt 0.249097 0.450658
vt 0.334245 0.454034
vt 0.345219 0.450658
vn 0.000000 0.406575 -0.913618
vn 0.000000 0.406575 -0.913618
vn 0.034954 0.406326 -0.913059
vn 0.034954 0.406326 -0.913059
vn 0.000000 0.406575 0.913618
vn 0.000000 0.406575 0.913618
vn 0.034954 0.406326 0.913059
vn 0.034954 0.406326 0.913059
vn 0.000000 1.000000 0.000000
vn 0.000000 1.000000 0.000000
vn 0.000000 1.000000 0.000000
vn 0.000000 1.000000 0.000000
vn -0.821556 0.570128 0.000000
vn -0.821556 0.570128 0.000000
vn -0.821556 0.570128 0.000000
vn -0.821556 0.570128 0.000000
vn 0.821556 0.570128 0.000000
vn 0.821556 0.570128 0.000000
vn 0.821556 0.570128 0.000000
vn 0.821556 0.570128 0.000000
vn -0.034954 0.406326 0.913059
vn -0.034954 0.406326 0.913059
vn 0.000000 1.000000 0.000000
vn 0.000000 1.000000 0.000000
vn -0.034954 0.406326 -0.913059
vn -0.034954 0.406326 -0.913059
vn -0.401520 -0.915085 0.037428
vn -0.674828 -0.735522 0.060123
vn -0.674828 -0.735522 -0.060123
vn -0.401520 -0.915085 -0.037428
vn -0.991938 -0.078198 0.099723
vn -0.991938 -0.078198 -0.099723
vn 0.000000 -0.083886 0.996475
vn 0.000000 -0.707793 0.706420
vn 0.034294 -0.689098 0.723856
vn 0.186380 -0.087198 0.978601
vn 0.000000 -0.861608 0.507574
vn -0.027152 -0.854273 0.519114
vn -0.661728 -0.084623 0.744953
vn -0.663499 0.077790 0.744122
vn -0.991836 0.074479 0.103514
vn -0.186380 -0.087198 0.978601
vn -0.187393 0.078958 0.979107
vn -0.000000 0.100301 0.994957
vn 0.991938 -0.078197 0.099723
vn 0.674828 -0.735522 0.060123
vn 0.674828 -0.735522 -0.060123
vn 0.991938 -0.078197 -0.099723
vn 0.401520 -0.915085 0.037428
vn 0.401520 -0.915085 -0.037428
vn 0.187393 0.078958 0.979107
vn 0.661728 -0.084623 0.744953
vn 0.663499 0.077790 0.744122
vn 0.991836 0.074479 0.103514
vn -0.759027 0.648836 0.053757
vn -0.759027 0.648836 -0.053757
vn -0.991836 0.074479 -0.103514
vn -0.482126 0.875777 0.023862
vn -0.482126 0.875777 -0.023862
vn -0.000000 0.916663 0.399662
vn -0.000000 0.716623 0.697460
vn 0.177961 0.663846 0.726387
vn 0.151015 0.901198 0.406247
vn 0.482126 0.875777 0.023862
vn 0.759027 0.648836 0.053757
vn 0.759027 0.648836 -0.053757
vn 0.482126 0.875777 -0.023862
vn 0.991836 0.074479 -0.103514
vn -0.663499 0.077790 -0.744122
vn -0.661728 -0.084623 -0.744953
vn -0.187393 0.078957 -0.979107
vn -0.186380 -0.087198 -0.978601
vn -0.000000 0.100300 -0.994957
vn -0.000000 -0.083886 -0.996475
vn -0.000000 0.716623 -0.697461
vn -0.177961 0.663846 -0.726387
vn -0.000000 0.916663 -0.399662
vn -0.151015 0.901198 -0.406247
vn 0.187393 0.078957 -0.979107
vn 0.186380 -0.087198 -0.978601
vn 0.663499 0.077790 -0.744122
vn 0.661728 -0.084622 -0.744953
vn -0.000000 -0.707793 -0.706420
vn -0.000000 -0.861608 -0.507574
vn 0.027152 -0.854273 -0.519114
vn -0.034294 -0.689098 -0.723856
vn -0.034294 -0.689098 0.723856
vn -0.433057 -0.675979 0.596250
vn -0.254868 -0.861342 0.439469
vn 0.027152 -0.854273 0.519114
vn 0.433057 -0.675979 0.596250
vn 0.254868 -0.861342 0.439469
vn -0.579330 0.609367 0.541340
vn -0.177961 0.663846 0.726387
vn -0.390111 0.875947 0.283780
vn -0.151015 0.901198 0.406247
vn 0.579330 0.609367 0.541340
vn 0.390110 0.875947 0.283780
vn -0.579330 0.609366 -0.541340
vn -0.390111 0.875947 -0.283780
vn 0.579330 0.609367 -0.541340
vn 0.177961 0.663846 -0.726387
vn 0.390111 0.875947 -0.283780
vn 0.151015 0.901198 -0.406247
vn -0.433057 -0.675979 -0.596250
vn -0.254868 -0.861342 -0.439469
vn 0.034294 -0.689098 -0.723856
vn 0.433057 -0.675979 -0.596250
vn 0.254868 -0.861341 -0.439469
vn -0.027152 -0.854273 -0.519114
vn -0.076958 0.000000 0.997034
vn 0.000000 0.000000 1.000000
vn 0.000000 0.000000 1.000000
vn -0.070993 0.000000 0.997477
vn -0.998550 0.000000 -0.053834
vn -0.998550 0.000000 0.053834
vn -0.998431 0.000000 0.056005
vn -0.998431 0.000000 -0.056005
vn -0.596866 0.000000 0.802341
vn -0.622587 0.000000 0.782550
vn 0.076958 0.000000 0.997034
vn 0.070993 0.000000 0.997477
vn 0.998431 0.000000 0.056005
vn 0.596866 0.000000 0.802341
vn 0.622587 0.000000 0.782550
vn 0.998550 0.000000 0.053834
vn 0.000000 0.000000 -1.000000
vn -0.076958 0.000000 -0.997034
vn -0.070993 0.000000 -0.997477
vn 0.000000 0.000000 -1.000000
vn -0.596866 0.000000 -0.802341
vn -0.622587 0.000000 -0.782550
vn 0.998550 0.000000 -0.053834
vn 0.998431 0.000000 -0.056005
vn 0.596866 0.000000 -0.802341
vn 0.622587 0.000000 -0.782550
vn 0.070993 0.000000 -0.997477
vn 0.076958 0.000000 -0.997034
vn -0.000000 0.994325 -0.106382
vn -0.114628 0.984700 -0.131249
vn -0.114628 0.984700 0.131249
vn 0.000000 0.994325 0.106382
vn -0.208766 0.976511 0.053325
vn -0.249729 0.968316 -0.000524
vn 0.249729 0.968316 -0.000524
vn 0.249729 0.968316 0.000524
vn 0.208766 0.976511 0.053325
vn 0.114628 0.984700 0.131249
vn -0.249729 0.968316 0.000524
vn -0.208766 0.976511 -0.053325
vn 0.114628 0.984700 -0.131249
vn 0.208766 0.976511 -0.053325
vn -0.097764 0.992437 0.074234
vn 0.000000 0.997562 0.069786
vn 0.000000 0.997562 -0.069786
vn -0.097764 0.992437 -0.074234
vn -0.106422 0.991550 -0.074180
vn -0.056007 0.998418 -0.005048
vn 0.056007 0.998418 0.005048
vn 0.056007 0.998418 -0.005048
vn 0.106422 0.991550 -0.074180
vn 0.097764 0.992437 -0.074234
vn -0.056007 0.998418 0.005048
vn -0.106422 0.991550 0.074180
vn 0.097764 0.992437 0.074234
vn 0.106422 0.991550 0.074180
s 1
g group1 Estadio
usemtl lambert3SG
f 4118/7604/7442 4119/7605/7443 4111/7606/7444 4109/7607/7445
s 2
f 4116/7608/7446 4117/7609/7447 4115/7610/7448 4113/7611/7449
s 3
f 4117/7612/7450 4118/7613/7451 4109/7614/7452 4115/7615/7453
s off
f 4109/7614/7454 4111/7616/7455 4113/7617/7456 4115/7615/7457
f 4114/7618/7458 4112/7619/7459 4110/7620/7460 4108/7621/7461
s 2
f 4112/7622/7462 4114/7623/7463 4117/7609/7447 4116/7608/7446
s 3
f 4114/7618/7464 4108/7621/7465 4118/7613/7451 4117/7612/7450
s 1
f 4108/7624/7466 4110/7625/7467 4119/7605/7443 4118/7604/7442
s 4
f 4145/7626/7468 4144/7627/7469 4181/7628/7470 4180/7629/7471
f 4144/7630/7469 4122/7631/7472 4138/7632/7473 4181/7633/7470
f 4195/7634/7474 4196/7635/7475 4153/7636/7476 4125/7637/7477
f 4153/7638/7476 4196/7639/7475 4197/7640/7478 4154/7641/7479
f 4122/7631/7472 4121/7642/7480 4127/7643/7481 4126/7644/7482
f 4121/7642/7480 4120/7645/7483 4128/7646/7484 4127/7643/7481
f 4128/7647/7484 4120/7648/7483 4195/7634/7474 4194/7649/7485
f 4123/7650/7486 4151/7651/7487 4186/7652/7488 4143/7653/7489
f 4151/7654/7487 4150/7655/7490 4187/7656/7491 4186/7657/7488
f 4195/7634/7474 4125/7637/7477 4129/7658/7492 4194/7649/7485
f 4125/7659/7477 4124/7660/7493 4130/7661/7494 4129/7662/7492
f 4124/7660/7493 4123/7650/7486 4131/7663/7495 4130/7661/7494
f 4126/7644/7482 4157/7664/7496 4170/7665/7497 4134/7666/7498
f 4157/7664/7496 4156/7667/7499 4171/7668/7500 4170/7665/7497
f 4192/7669/7501 4193/7670/7502 4165/7671/7503 4164/7672/7504
f 4165/7673/7503 4193/7674/7502 4194/7649/7485 4129/7658/7492
f 4163/7675/7505 4162/7676/7506 4174/7677/7507 4178/7678/7508
f 4162/7676/7506 4131/7663/7495 4135/7679/7509 4174/7677/7507
f 4126/7644/7482 4134/7666/7498 4138/7632/7473 4122/7631/7472
f 4134/7666/7498 4133/7680/7510 4139/7681/7511 4138/7632/7473
f 4133/7680/7510 4132/7682/7512 4140/7683/7513 4139/7681/7511
f 4140/7684/7513 4132/7685/7512 4200/7686/7514 4201/7687/7515
f 4199/7688/7516 4200/7686/7514 4132/7685/7512 4168/7689/7517
f 4198/7690/7518 4199/7691/7516 4168/7692/7517 4172/7693/7519
f 4200/7686/7514 4137/7694/7520 4141/7695/7521 4201/7687/7515
f 4137/7696/7520 4136/7697/7522 4142/7698/7523 4141/7699/7521
f 4136/7697/7522 4135/7679/7509 4143/7653/7489 4142/7698/7523
f 4123/7650/7486 4143/7653/7489 4135/7679/7509 4131/7663/7495
f 4202/7700/7524 4203/7701/7525 4184/7702/7526 4183/7703/7527
f 4140/7684/7513 4201/7687/7515 4202/7704/7524 4183/7705/7527
f 4147/7706/7528 4120/7648/7483 4121/7707/7480 4148/7708/7529
f 4148/7709/7529 4121/7642/7480 4122/7631/7472 4144/7630/7469
f 4148/7710/7529 4144/7627/7469 4145/7626/7468 4149/7711/7530
f 4146/7712/7531 4147/7713/7528 4148/7710/7529 4149/7711/7530
f 4151/7651/7487 4123/7650/7486 4124/7660/7493 4152/7714/7532
f 4152/7715/7532 4124/7716/7493 4125/7637/7477 4153/7636/7476
f 4150/7655/7490 4151/7654/7487 4152/7717/7532 4155/7718/7533
f 4152/7717/7532 4153/7638/7476 4154/7641/7479 4155/7718/7533
f 4157/7664/7496 4126/7644/7482 4127/7643/7481 4158/7719/7534
f 4158/7720/7534 4127/7721/7481 4128/7647/7484 4159/7722/7535
f 4156/7667/7499 4157/7664/7496 4158/7719/7534 4161/7723/7536
f 4158/7724/7534 4159/7725/7535 4160/7726/7537 4161/7727/7536
f 4165/7673/7503 4129/7658/7492 4130/7728/7494 4166/7729/7538
f 4166/7730/7538 4130/7661/7494 4131/7663/7495 4162/7676/7506
f 4166/7730/7538 4162/7676/7506 4163/7675/7505 4167/7731/7539
f 4164/7672/7504 4165/7671/7503 4166/7732/7538 4167/7733/7539
f 4168/7689/7517 4132/7685/7512 4133/7734/7510 4169/7735/7540
f 4169/7736/7540 4133/7680/7510 4134/7666/7498 4170/7665/7497
f 4172/7693/7519 4168/7692/7517 4169/7737/7540 4173/7738/7541
f 4169/7736/7540 4170/7665/7497 4171/7668/7500 4173/7739/7541
f 4174/7677/7507 4135/7679/7509 4136/7697/7522 4175/7740/7542
f 4175/7741/7542 4136/7742/7522 4137/7694/7520 4176/7743/7543
f 4178/7678/7508 4174/7677/7507 4175/7740/7542 4179/7744/7544
f 4175/7745/7542 4176/7746/7543 4177/7747/7545 4179/7748/7544
f 4181/7633/7470 4138/7632/7473 4139/7681/7511 4182/7749/7546
f 4182/7750/7546 4139/7751/7511 4140/7684/7513 4183/7705/7527
f 4180/7629/7471 4181/7628/7470 4182/7752/7546 4185/7753/7547
f 4182/7752/7546 4183/7703/7527 4184/7702/7526 4185/7753/7547
f 4189/7754/7548 4141/7695/7521 4142/7755/7523 4190/7756/7549
f 4190/7757/7549 4142/7698/7523 4143/7653/7489 4186/7652/7488
f 4190/7758/7549 4186/7657/7488 4187/7656/7491 4191/7759/7550
f 4188/7760/7551 4189/7761/7548 4190/7758/7549 4191/7759/7550
f 4193/7670/7502 4192/7669/7501 4160/7726/7537 4159/7725/7535
f 4128/7647/7484 4194/7649/7485 4193/7674/7502 4159/7722/7535
f 4196/7635/7475 4195/7634/7474 4120/7648/7483 4147/7706/7528
f 4197/7640/7478 4196/7639/7475 4147/7713/7528 4146/7712/7531
f 4176/7746/7543 4199/7691/7516 4198/7690/7518 4177/7747/7545
f 4200/7686/7514 4199/7688/7516 4176/7743/7543 4137/7694/7520
f 4189/7754/7548 4202/7704/7524 4201/7687/7515 4141/7695/7521
f 4203/7701/7525 4202/7700/7524 4189/7761/7548 4188/7760/7551
s 10
f 4207/7762/7552 4204/7763/7553 4197/7764/7554 4146/7765/7555
f 4212/7766/7556 4206/7767/7557 4145/7768/7558 4180/7769/7559
f 4149/7770/7560 4145/7768/7558 4206/7767/7557 4208/7771/7561
f 4146/7765/7555 4149/7772/7560 4208/7773/7561 4207/7762/7552
f 4204/7763/7553 4210/7774/7562 4154/7775/7563 4197/7764/7554
f 4150/7776/7564 4155/7777/7565 4211/7778/7566 4209/7779/7567
f 4155/7780/7565 4154/7775/7563 4210/7774/7562 4211/7781/7566
f 4205/7782/7568 4213/7783/7569 4184/7784/7570 4203/7785/7571
f 4180/7769/7559 4185/7786/7572 4214/7787/7573 4212/7766/7556
f 4185/7788/7572 4184/7784/7570 4213/7783/7569 4214/7789/7573
f 4209/7779/7567 4215/7790/7574 4187/7791/7575 4150/7776/7564
f 4191/7792/7576 4187/7791/7575 4215/7790/7574 4217/7793/7577
f 4188/7794/7578 4191/7795/7576 4217/7796/7577 4216/7797/7579
f 4216/7797/7579 4205/7782/7568 4203/7785/7571 4188/7794/7578
s 4
f 4219/7798/7580 4198/7690/7518 4172/7693/7519 4227/7799/7581
f 4221/7800/7582 4160/7726/7537 4192/7669/7501 4218/7801/7583
f 4156/7802/7499 4161/7727/7536 4222/7803/7584 4220/7804/7585
f 4161/7727/7536 4160/7726/7537 4221/7800/7582 4222/7803/7584
f 4223/7805/7586 4163/7806/7505 4178/7807/7508 4230/7808/7587
f 4167/7733/7539 4163/7806/7505 4223/7805/7586 4225/7809/7588
f 4164/7672/7504 4167/7733/7539 4225/7809/7588 4224/7810/7589
f 4226/7811/7590 4171/7812/7500 4156/7802/7499 4220/7804/7585
f 4172/7693/7519 4173/7738/7541 4228/7813/7591 4227/7799/7581
f 4173/7738/7541 4171/7812/7500 4226/7811/7590 4228/7813/7591
f 4229/7814/7592 4177/7747/7545 4198/7690/7518 4219/7798/7580
f 4178/7807/7508 4179/7748/7544 4231/7815/7593 4230/7808/7587
f 4179/7748/7544 4177/7747/7545 4229/7814/7592 4231/7815/7593
f 4218/7801/7583 4192/7669/7501 4164/7672/7504 4224/7810/7589
f 4241/7816/7594 4233/7817/7595 4219/7798/7580 4227/7799/7581
f 4232/7818/7596 4235/7819/7597 4221/7800/7582 4218/7801/7583
f 4220/7804/7585 4222/7803/7584 4236/7820/7598 4234/7821/7599
f 4222/7803/7584 4221/7800/7582 4235/7819/7597 4236/7820/7598
f 4244/7822/7600 4237/7823/7601 4223/7805/7586 4230/7808/7587
f 4225/7809/7588 4223/7805/7586 4237/7823/7601 4239/7824/7602
f 4224/7810/7589 4225/7809/7588 4239/7824/7602 4238/7825/7603
f 4234/7821/7599 4240/7826/7604 4226/7811/7590 4220/7804/7585
f 4227/7799/7581 4228/7813/7591 4242/7827/7605 4241/7816/7594
f 4228/7813/7591 4226/7811/7590 4240/7826/7604 4242/7827/7605
f 4233/7817/7595 4243/7828/7606 4229/7814/7592 4219/7798/7580
f 4230/7808/7587 4231/7815/7593 4245/7829/7607 4244/7822/7600
f 4231/7815/7593 4229/7814/7592 4243/7828/7606 4245/7829/7607
f 4238/7825/7603 4232/7818/7596 4218/7801/7583 4224/7810/7589
